26-Oct-2025 18:46:26.112 INFO [main] org.apache.openejb.persistence.PersistenceBootstrap.getDefaultProvider Default JPA Provider changed to org.eclipse.persistence.jpa.PersistenceProvider specified by jar:file:/usr/local/tomee/lib/openejb-core-eclipselink-10.1.0.jar!/META-INF/org.apache.openejb.persistence.PersistenceBootstrap.provider
26-Oct-2025 18:46:26.299 INFO [main] jdk.internal.reflect.NativeMethodAccessorImpl.invoke Server version name:   Apache Tomcat (TomEE)/10.1.42 (10.1.0)
26-Oct-2025 18:46:26.299 INFO [main] jdk.internal.reflect.NativeMethodAccessorImpl.invoke Server built:          Jun 5 2025 22:35:46 UTC
26-Oct-2025 18:46:26.299 INFO [main] jdk.internal.reflect.NativeMethodAccessorImpl.invoke Server version number: 10.1.42.0
26-Oct-2025 18:46:26.299 INFO [main] jdk.internal.reflect.NativeMethodAccessorImpl.invoke OS Name:               Linux
26-Oct-2025 18:46:26.299 INFO [main] jdk.internal.reflect.NativeMethodAccessorImpl.invoke OS Version:            6.10.14-linuxkit
26-Oct-2025 18:46:26.299 INFO [main] jdk.internal.reflect.NativeMethodAccessorImpl.invoke Architecture:          amd64
26-Oct-2025 18:46:26.300 INFO [main] jdk.internal.reflect.NativeMethodAccessorImpl.invoke Java Home:             /opt/java/openjdk
26-Oct-2025 18:46:26.300 INFO [main] jdk.internal.reflect.NativeMethodAccessorImpl.invoke JVM Version:           17.0.16+8
26-Oct-2025 18:46:26.300 INFO [main] jdk.internal.reflect.NativeMethodAccessorImpl.invoke JVM Vendor:            Eclipse Adoptium
26-Oct-2025 18:46:26.300 INFO [main] jdk.internal.reflect.NativeMethodAccessorImpl.invoke CATALINA_BASE:         /usr/local/tomee
26-Oct-2025 18:46:26.300 INFO [main] jdk.internal.reflect.NativeMethodAccessorImpl.invoke CATALINA_HOME:         /usr/local/tomee
26-Oct-2025 18:46:26.300 INFO [main] jdk.internal.reflect.NativeMethodAccessorImpl.invoke Command line argument: -Djava.util.logging.config.file=/usr/local/tomee/conf/logging.properties
26-Oct-2025 18:46:26.301 INFO [main] jdk.internal.reflect.NativeMethodAccessorImpl.invoke Command line argument: -Djava.util.logging.manager=org.apache.juli.ClassLoaderLogManager
26-Oct-2025 18:46:26.301 INFO [main] jdk.internal.reflect.NativeMethodAccessorImpl.invoke Command line argument: -javaagent:/usr/local/tomee/lib/openejb-javaagent.jar
26-Oct-2025 18:46:26.301 INFO [main] jdk.internal.reflect.NativeMethodAccessorImpl.invoke Command line argument: -Djdk.tls.ephemeralDHKeySize=2048
26-Oct-2025 18:46:26.301 INFO [main] jdk.internal.reflect.NativeMethodAccessorImpl.invoke Command line argument: -Djava.protocol.handler.pkgs=org.apache.catalina.webresources
26-Oct-2025 18:46:26.301 INFO [main] jdk.internal.reflect.DelegatingMethodAccessorImpl.invoke Command line argument: -Dsun.io.useCanonCaches=false
26-Oct-2025 18:46:26.301 INFO [main] jdk.internal.reflect.DelegatingMethodAccessorImpl.invoke Command line argument: -Dorg.apache.catalina.security.SecurityListener.UMASK=0027
26-Oct-2025 18:46:26.302 INFO [main] jdk.internal.reflect.DelegatingMethodAccessorImpl.invoke Command line argument: --add-opens=java.base/java.lang=ALL-UNNAMED
26-Oct-2025 18:46:26.302 INFO [main] jdk.internal.reflect.DelegatingMethodAccessorImpl.invoke Command line argument: --add-opens=java.base/java.lang.reflect=ALL-UNNAMED
26-Oct-2025 18:46:26.302 INFO [main] jdk.internal.reflect.DelegatingMethodAccessorImpl.invoke Command line argument: --add-opens=java.base/java.io=ALL-UNNAMED
26-Oct-2025 18:46:26.302 INFO [main] jdk.internal.reflect.DelegatingMethodAccessorImpl.invoke Command line argument: --add-opens=java.base/java.util=ALL-UNNAMED
26-Oct-2025 18:46:26.302 INFO [main] jdk.internal.reflect.DelegatingMethodAccessorImpl.invoke Command line argument: --add-opens=java.base/java.util.concurrent=ALL-UNNAMED
26-Oct-2025 18:46:26.302 INFO [main] jdk.internal.reflect.DelegatingMethodAccessorImpl.invoke Command line argument: --add-opens=java.rmi/sun.rmi.transport=ALL-UNNAMED
26-Oct-2025 18:46:26.302 INFO [main] jdk.internal.reflect.DelegatingMethodAccessorImpl.invoke Command line argument: -Xmx512m
26-Oct-2025 18:46:26.302 INFO [main] jdk.internal.reflect.DelegatingMethodAccessorImpl.invoke Command line argument: -Dtomee.remote.support=true
26-Oct-2025 18:46:26.302 INFO [main] jdk.internal.reflect.DelegatingMethodAccessorImpl.invoke Command line argument: -Dopenejb.cdi.activated=true
26-Oct-2025 18:46:26.302 INFO [main] jdk.internal.reflect.DelegatingMethodAccessorImpl.invoke Command line argument: -Dtomee.serialization.class.blacklist=-
26-Oct-2025 18:46:26.302 INFO [main] jdk.internal.reflect.DelegatingMethodAccessorImpl.invoke Command line argument: -Dopenejb.system.apps=true
26-Oct-2025 18:46:26.302 INFO [main] jdk.internal.reflect.DelegatingMethodAccessorImpl.invoke Command line argument: -Dcatalina.base=/usr/local/tomee
26-Oct-2025 18:46:26.302 INFO [main] jdk.internal.reflect.DelegatingMethodAccessorImpl.invoke Command line argument: -Dcatalina.home=/usr/local/tomee
26-Oct-2025 18:46:26.302 INFO [main] jdk.internal.reflect.DelegatingMethodAccessorImpl.invoke Command line argument: -Djava.io.tmpdir=/usr/local/tomee/temp
26-Oct-2025 18:46:26.304 INFO [main] jdk.internal.reflect.DelegatingMethodAccessorImpl.invoke The Apache Tomcat Native library which allows using OpenSSL was not found on the java.library.path: [/opt/java/openjdk/lib/server:/opt/java/openjdk/lib:/opt/java/openjdk/../lib:/usr/java/packages/lib:/usr/lib64:/lib64:/lib:/usr/lib]
26-Oct-2025 18:46:26.491 INFO [main] jdk.internal.reflect.DelegatingMethodAccessorImpl.invoke Initializing ProtocolHandler ["http-nio-0.0.0.0-8080"]
26-Oct-2025 18:46:26.673 INFO [main] org.apache.openejb.util.OptionsLog.info Using 'tomee.remote.support=true'
26-Oct-2025 18:46:26.679 INFO [main] org.apache.openejb.util.OptionsLog.info Using 'openejb.jdbc.datasource-creator=org.apache.tomee.jdbc.TomEEDataSourceCreator'
26-Oct-2025 18:46:26.746 INFO [main] org.apache.openejb.OpenEJB$Instance.<init> ********************************************************************************
26-Oct-2025 18:46:26.746 INFO [main] org.apache.openejb.OpenEJB$Instance.<init> OpenEJB http://tomee.apache.org/
26-Oct-2025 18:46:26.746 INFO [main] org.apache.openejb.OpenEJB$Instance.<init> Startup: Sun Oct 26 18:46:26 GMT 2025
26-Oct-2025 18:46:26.746 INFO [main] org.apache.openejb.OpenEJB$Instance.<init> Copyright 1999-2025 (C) Apache TomEE Project, All Rights Reserved.
26-Oct-2025 18:46:26.746 INFO [main] org.apache.openejb.OpenEJB$Instance.<init> Version: 10.1.0
26-Oct-2025 18:46:26.746 INFO [main] org.apache.openejb.OpenEJB$Instance.<init> Build date: 20250610
26-Oct-2025 18:46:26.746 INFO [main] org.apache.openejb.OpenEJB$Instance.<init> Build time: 04:18
26-Oct-2025 18:46:26.746 INFO [main] org.apache.openejb.OpenEJB$Instance.<init> ********************************************************************************
26-Oct-2025 18:46:26.746 INFO [main] org.apache.openejb.OpenEJB$Instance.<init> openejb.home = /usr/local/tomee
26-Oct-2025 18:46:26.746 INFO [main] org.apache.openejb.OpenEJB$Instance.<init> openejb.base = /usr/local/tomee
26-Oct-2025 18:46:26.749 INFO [main] org.apache.openejb.cdi.CdiBuilder.initializeOWB Created new singletonService org.apache.openejb.cdi.ThreadSingletonServiceImpl@7daa0fbd
26-Oct-2025 18:46:26.750 INFO [main] org.apache.openejb.cdi.CdiBuilder.initializeOWB Succeeded in installing singleton service
26-Oct-2025 18:46:26.778 INFO [main] org.apache.openejb.config.ConfigurationFactory.init TomEE configuration file is '/usr/local/tomee/conf/tomee.xml'
26-Oct-2025 18:46:26.804 INFO [main] org.apache.openejb.config.ConfigurationFactory.configureService Configuring Service(id=Tomcat Security Service, type=SecurityService, provider-id=Tomcat Security Service)
26-Oct-2025 18:46:26.806 INFO [main] org.apache.openejb.config.ConfigurationFactory.configureService Configuring Service(id=Default Transaction Manager, type=TransactionManager, provider-id=Default Transaction Manager)
26-Oct-2025 18:46:26.808 INFO [main] org.apache.openejb.util.OptionsLog.info Using 'openejb.system.apps=true'
26-Oct-2025 18:46:26.809 INFO [main] org.apache.openejb.config.ConfigurationFactory.configureService Configuring Service(id=Default Singleton Container, type=Container, provider-id=Default Singleton Container)
26-Oct-2025 18:46:26.835 INFO [main] org.apache.openejb.assembler.classic.Assembler.createRecipe Creating TransactionManager(id=Default Transaction Manager)
26-Oct-2025 18:46:26.876 INFO [main] org.apache.openejb.assembler.classic.Assembler.createRecipe Creating SecurityService(id=Tomcat Security Service)
26-Oct-2025 18:46:26.896 INFO [main] org.apache.openejb.assembler.classic.Assembler.createRecipe Creating Container(id=Default Singleton Container)
26-Oct-2025 18:46:26.907 INFO [main] org.apache.openejb.assembler.classic.Assembler.createApplication Assembling app: openejb
26-Oct-2025 18:46:26.975 INFO [main] org.apache.openejb.util.OptionsLog.info Using 'openejb.jndiname.format={deploymentId}{interfaceType.openejbLegacyName}'
26-Oct-2025 18:46:26.983 INFO [main] org.apache.openejb.assembler.classic.JndiBuilder.bind Jndi(name=openejb/DeployerBusinessRemote) --> Ejb(deployment-id=openejb/Deployer)
26-Oct-2025 18:46:26.984 INFO [main] org.apache.openejb.assembler.classic.JndiBuilder.bind Jndi(name=global/openejb/openejb/openejb/Deployer!org.apache.openejb.assembler.Deployer) --> Ejb(deployment-id=openejb/Deployer)
26-Oct-2025 18:46:26.985 INFO [main] org.apache.openejb.assembler.classic.JndiBuilder.bind Jndi(name=global/openejb/openejb/openejb/Deployer) --> Ejb(deployment-id=openejb/Deployer)
26-Oct-2025 18:46:26.986 INFO [main] org.apache.openejb.assembler.classic.JndiBuilder.bind Jndi(name=openejb/ConfigurationInfoBusinessRemote) --> Ejb(deployment-id=openejb/ConfigurationInfo)
26-Oct-2025 18:46:26.986 INFO [main] org.apache.openejb.assembler.classic.JndiBuilder.bind Jndi(name=global/openejb/openejb/openejb/Deployer!org.apache.openejb.assembler.classic.cmd.ConfigurationInfo) --> Ejb(deployment-id=openejb/ConfigurationInfo)
26-Oct-2025 18:46:26.994 INFO [main] org.apache.openejb.assembler.classic.Assembler.startEjbs Created Ejb(deployment-id=openejb/ConfigurationInfo, ejb-name=openejb/Deployer, container=Default Singleton Container)
26-Oct-2025 18:46:26.996 INFO [main] org.apache.openejb.assembler.classic.Assembler.startEjbs Created Ejb(deployment-id=openejb/Deployer, ejb-name=openejb/Deployer, container=Default Singleton Container)
26-Oct-2025 18:46:26.996 INFO [main] org.apache.openejb.assembler.classic.Assembler.startEjbs Started Ejb(deployment-id=openejb/ConfigurationInfo, ejb-name=openejb/Deployer, container=Default Singleton Container)
26-Oct-2025 18:46:26.996 INFO [main] org.apache.openejb.assembler.classic.Assembler.startEjbs Started Ejb(deployment-id=openejb/Deployer, ejb-name=openejb/Deployer, container=Default Singleton Container)
26-Oct-2025 18:46:27.000 INFO [main] org.apache.openejb.assembler.classic.Assembler.deployMBean Deployed MBean(openejb.user.mbeans:application=openejb,group=org.apache.openejb.assembler.monitoring,name=JMXDeployer)
26-Oct-2025 18:46:27.003 WARNING [main] org.apache.batchee.container.services.ServicesManager.init You didn't specify org.apache.batchee.jmx.application and JMX is already registered, skipping
26-Oct-2025 18:46:27.004 INFO [main] org.apache.openejb.assembler.classic.Assembler.createApplication Deployed Application(path=openejb)
26-Oct-2025 18:46:27.031 INFO [main] org.apache.openejb.server.ServiceManager.initServer Creating ServerService(id=cxf)
26-Oct-2025 18:46:27.164 INFO [main] org.apache.openejb.server.ServiceManager.initServer Creating ServerService(id=cxf-rs)
26-Oct-2025 18:46:27.200 INFO [main] org.apache.openejb.server.SimpleServiceManager.start   ** Bound Services **
26-Oct-2025 18:46:27.200 INFO [main] org.apache.openejb.server.SimpleServiceManager.printRow   NAME                 IP              PORT  
26-Oct-2025 18:46:27.200 INFO [main] org.apache.openejb.server.SimpleServiceManager.start -------
26-Oct-2025 18:46:27.200 INFO [main] org.apache.openejb.server.SimpleServiceManager.start Ready!
26-Oct-2025 18:46:27.200 INFO [main] jdk.internal.reflect.DelegatingMethodAccessorImpl.invoke Server initialization in [1061] milliseconds
26-Oct-2025 18:46:27.231 INFO [main] org.apache.tomee.catalina.OpenEJBNamingContextListener.bindResource Importing a Tomcat Resource with id 'UserDatabase' of type 'org.apache.catalina.UserDatabase'.
26-Oct-2025 18:46:27.235 INFO [main] org.apache.openejb.assembler.classic.Assembler.createRecipe Creating Resource(id=UserDatabase)
26-Oct-2025 18:46:27.262 INFO [main] jdk.internal.reflect.DelegatingMethodAccessorImpl.invoke Starting service [Catalina]
26-Oct-2025 18:46:27.262 INFO [main] jdk.internal.reflect.DelegatingMethodAccessorImpl.invoke Starting Servlet engine: [Apache Tomcat (TomEE)/10.1.42 (10.1.0)]
26-Oct-2025 18:46:27.276 INFO [main] jdk.internal.reflect.DelegatingMethodAccessorImpl.invoke Deploying web application archive [/usr/local/tomee/webapps/ROOT.war]
26-Oct-2025 18:46:27.281 INFO [main] org.apache.tomee.catalina.TomcatWebAppBuilder.init ------------------------- localhost -> /
26-Oct-2025 18:46:27.427 INFO [main] org.apache.openejb.util.OptionsLog.info Using 'tomee.mp.cdi.extensions=io.smallrye.config.inject.ConfigExtension,io.smallrye.faulttolerance.FaultToleranceExtension,io.smallrye.metrics.legacyapi.LegacyMetricsExtension,io.smallrye.opentelemetry.implementation.cdi.OpenTelemetryExtension,org.apache.cxf.microprofile.client.cdi.RestClientExtension,org.apache.tomee.microprofile.faulttolerance.MPFaultToleranceCDIExtension,org.apache.tomee.microprofile.health.MPHealthCDIExtension,org.apache.tomee.microprofile.jwt.cdi.MPJWTCDIExtension,org.apache.tomee.microprofile.opentelemetry.MPOpenTelemetryCDIExtension'
26-Oct-2025 18:46:27.484 INFO [main] org.apache.openejb.config.ConfigurationFactory.configureApplication Configuring enterprise application: /usr/local/tomee/webapps/ROOT
26-Oct-2025 18:46:27.541 INFO [main] org.apache.openejb.config.InitEjbDeployments.deploy Auto-deploying ejb ChangeServiceImpl: EjbDeployment(deployment-id=ChangeServiceImpl)
26-Oct-2025 18:46:27.541 INFO [main] org.apache.openejb.config.InitEjbDeployments.deploy Auto-deploying ejb ChangeRemoteServiceImpl: EjbDeployment(deployment-id=ChangeRemoteServiceImpl)
26-Oct-2025 18:46:27.544 INFO [main] org.apache.openejb.config.ConfigurationFactory.configureService Configuring Service(id=Default Stateless Container, type=Container, provider-id=Default Stateless Container)
26-Oct-2025 18:46:27.544 INFO [main] org.apache.openejb.config.AutoConfig.createContainer Auto-creating a container for bean ChangeServiceImpl: Container(type=STATELESS, id=Default Stateless Container)
26-Oct-2025 18:46:27.544 INFO [main] org.apache.openejb.assembler.classic.Assembler.createRecipe Creating Container(id=Default Stateless Container)
26-Oct-2025 18:46:27.550 INFO [main] org.apache.openejb.config.ConfigurationFactory.configureService Configuring Service(id=Default Managed Container, type=Container, provider-id=Default Managed Container)
26-Oct-2025 18:46:27.551 INFO [main] org.apache.openejb.config.AutoConfig.createContainer Auto-creating a container for bean .Comp2091439256: Container(type=MANAGED, id=Default Managed Container)
26-Oct-2025 18:46:27.551 INFO [main] org.apache.openejb.assembler.classic.Assembler.createRecipe Creating Container(id=Default Managed Container)
26-Oct-2025 18:46:27.558 INFO [main] org.apache.openejb.core.managed.SimplePassivater.init Using directory /usr/local/tomee/temp for stateful session passivation
26-Oct-2025 18:46:27.576 INFO [main] org.apache.openejb.config.AppInfoBuilder.build Enterprise application "/usr/local/tomee/webapps/ROOT" loaded.
26-Oct-2025 18:46:27.576 INFO [main] org.apache.openejb.assembler.classic.Assembler.createApplication Assembling app: /usr/local/tomee/webapps/ROOT
26-Oct-2025 18:46:27.593 INFO [main] org.apache.openejb.assembler.classic.JndiBuilder.bind Jndi(name=ChangeServiceImplLocal) --> Ejb(deployment-id=ChangeServiceImpl)
26-Oct-2025 18:46:27.594 INFO [main] org.apache.openejb.assembler.classic.JndiBuilder.bind Jndi(name=global/ChangeServiceImpl!mg.razherana.banking.change.services.changeServices.ChangeService) --> Ejb(deployment-id=ChangeServiceImpl)
26-Oct-2025 18:46:27.594 INFO [main] org.apache.openejb.assembler.classic.JndiBuilder.bind Jndi(name=global/ChangeServiceImpl) --> Ejb(deployment-id=ChangeServiceImpl)
26-Oct-2025 18:46:27.594 INFO [main] org.apache.openejb.assembler.classic.JndiBuilder.bind Jndi(name=ChangeRemoteServiceImplRemote) --> Ejb(deployment-id=ChangeRemoteServiceImpl)
26-Oct-2025 18:46:27.595 INFO [main] org.apache.openejb.assembler.classic.JndiBuilder.bind Jndi(name=global//ChangeRemoteServiceImpl!mg.razherana.banking.change.services.changeServices.ChangeRemoteService) --> Ejb(deployment-id=ChangeRemoteServiceImpl)
26-Oct-2025 18:46:27.595 INFO [main] org.apache.openejb.assembler.classic.JndiBuilder.bind Jndi(name=global/ChangeRemoteServiceImpl!mg.razherana.banking.change.services.changeServices.ChangeRemoteService) --> Ejb(deployment-id=ChangeRemoteServiceImpl)
26-Oct-2025 18:46:27.595 INFO [main] org.apache.openejb.assembler.classic.JndiBuilder.bind Jndi(name=global/ChangeRemoteServiceImpl) --> Ejb(deployment-id=ChangeRemoteServiceImpl)
26-Oct-2025 18:46:27.633 INFO [main] org.apache.openejb.cdi.CdiBuilder.initSingleton Existing thread singleton service in SystemInstance(): org.apache.openejb.cdi.ThreadSingletonServiceImpl@7daa0fbd
26-Oct-2025 18:46:27.724 INFO [main] org.apache.openejb.cdi.OpenEJBLifecycle.startApplication OpenWebBeans Container is starting...
26-Oct-2025 18:46:27.730 INFO [main] org.apache.webbeans.plugins.PluginLoader.startUp Adding OpenWebBeansPlugin : [CdiPlugin]
26-Oct-2025 18:46:27.733 INFO [main] org.apache.openejb.cdi.CdiScanner.handleBda Using annotated mode for file:/usr/local/tomee/webapps/ROOT/WEB-INF/classes/ looking all classes to find CDI beans, maybe think to add a beans.xml if not there or add the jar to exclusions.list
26-Oct-2025 18:46:27.833 INFO [main] org.apache.openejb.util.OptionsLog.info Using 'tomee.mp.cdi.extensions=io.smallrye.config.inject.ConfigExtension,io.smallrye.faulttolerance.FaultToleranceExtension,io.smallrye.metrics.legacyapi.LegacyMetricsExtension,io.smallrye.opentelemetry.implementation.cdi.OpenTelemetryExtension,org.apache.cxf.microprofile.client.cdi.RestClientExtension,org.apache.tomee.microprofile.faulttolerance.MPFaultToleranceCDIExtension,org.apache.tomee.microprofile.health.MPHealthCDIExtension,org.apache.tomee.microprofile.jwt.cdi.MPJWTCDIExtension,org.apache.tomee.microprofile.opentelemetry.MPOpenTelemetryCDIExtension'
26-Oct-2025 18:46:27.833 INFO [main] org.apache.openejb.util.OptionsLog.info Using 'tomee.mp.cdi.extensions=io.smallrye.config.inject.ConfigExtension,io.smallrye.faulttolerance.FaultToleranceExtension,io.smallrye.metrics.legacyapi.LegacyMetricsExtension,io.smallrye.opentelemetry.implementation.cdi.OpenTelemetryExtension,org.apache.cxf.microprofile.client.cdi.RestClientExtension,org.apache.tomee.microprofile.faulttolerance.MPFaultToleranceCDIExtension,org.apache.tomee.microprofile.health.MPHealthCDIExtension,org.apache.tomee.microprofile.jwt.cdi.MPJWTCDIExtension,org.apache.tomee.microprofile.opentelemetry.MPOpenTelemetryCDIExtension'
26-Oct-2025 18:46:27.834 INFO [main] org.apache.openejb.util.OptionsLog.info Using 'tomee.mp.cdi.extensions=io.smallrye.config.inject.ConfigExtension,io.smallrye.faulttolerance.FaultToleranceExtension,io.smallrye.metrics.legacyapi.LegacyMetricsExtension,io.smallrye.opentelemetry.implementation.cdi.OpenTelemetryExtension,org.apache.cxf.microprofile.client.cdi.RestClientExtension,org.apache.tomee.microprofile.faulttolerance.MPFaultToleranceCDIExtension,org.apache.tomee.microprofile.health.MPHealthCDIExtension,org.apache.tomee.microprofile.jwt.cdi.MPJWTCDIExtension,org.apache.tomee.microprofile.opentelemetry.MPOpenTelemetryCDIExtension'
26-Oct-2025 18:46:27.834 INFO [main] org.apache.openejb.util.OptionsLog.info Using 'tomee.mp.cdi.extensions=io.smallrye.config.inject.ConfigExtension,io.smallrye.faulttolerance.FaultToleranceExtension,io.smallrye.metrics.legacyapi.LegacyMetricsExtension,io.smallrye.opentelemetry.implementation.cdi.OpenTelemetryExtension,org.apache.cxf.microprofile.client.cdi.RestClientExtension,org.apache.tomee.microprofile.faulttolerance.MPFaultToleranceCDIExtension,org.apache.tomee.microprofile.health.MPHealthCDIExtension,org.apache.tomee.microprofile.jwt.cdi.MPJWTCDIExtension,org.apache.tomee.microprofile.opentelemetry.MPOpenTelemetryCDIExtension'
26-Oct-2025 18:46:27.834 INFO [main] org.apache.openejb.util.OptionsLog.info Using 'tomee.mp.cdi.extensions=io.smallrye.config.inject.ConfigExtension,io.smallrye.faulttolerance.FaultToleranceExtension,io.smallrye.metrics.legacyapi.LegacyMetricsExtension,io.smallrye.opentelemetry.implementation.cdi.OpenTelemetryExtension,org.apache.cxf.microprofile.client.cdi.RestClientExtension,org.apache.tomee.microprofile.faulttolerance.MPFaultToleranceCDIExtension,org.apache.tomee.microprofile.health.MPHealthCDIExtension,org.apache.tomee.microprofile.jwt.cdi.MPJWTCDIExtension,org.apache.tomee.microprofile.opentelemetry.MPOpenTelemetryCDIExtension'
26-Oct-2025 18:46:27.834 INFO [main] org.apache.openejb.util.OptionsLog.info Using 'tomee.mp.cdi.extensions=io.smallrye.config.inject.ConfigExtension,io.smallrye.faulttolerance.FaultToleranceExtension,io.smallrye.metrics.legacyapi.LegacyMetricsExtension,io.smallrye.opentelemetry.implementation.cdi.OpenTelemetryExtension,org.apache.cxf.microprofile.client.cdi.RestClientExtension,org.apache.tomee.microprofile.faulttolerance.MPFaultToleranceCDIExtension,org.apache.tomee.microprofile.health.MPHealthCDIExtension,org.apache.tomee.microprofile.jwt.cdi.MPJWTCDIExtension,org.apache.tomee.microprofile.opentelemetry.MPOpenTelemetryCDIExtension'
26-Oct-2025 18:46:27.834 INFO [main] org.apache.openejb.util.OptionsLog.info Using 'tomee.mp.cdi.extensions=io.smallrye.config.inject.ConfigExtension,io.smallrye.faulttolerance.FaultToleranceExtension,io.smallrye.metrics.legacyapi.LegacyMetricsExtension,io.smallrye.opentelemetry.implementation.cdi.OpenTelemetryExtension,org.apache.cxf.microprofile.client.cdi.RestClientExtension,org.apache.tomee.microprofile.faulttolerance.MPFaultToleranceCDIExtension,org.apache.tomee.microprofile.health.MPHealthCDIExtension,org.apache.tomee.microprofile.jwt.cdi.MPJWTCDIExtension,org.apache.tomee.microprofile.opentelemetry.MPOpenTelemetryCDIExtension'
26-Oct-2025 18:46:27.834 INFO [main] org.apache.openejb.util.OptionsLog.info Using 'tomee.mp.cdi.extensions=io.smallrye.config.inject.ConfigExtension,io.smallrye.faulttolerance.FaultToleranceExtension,io.smallrye.metrics.legacyapi.LegacyMetricsExtension,io.smallrye.opentelemetry.implementation.cdi.OpenTelemetryExtension,org.apache.cxf.microprofile.client.cdi.RestClientExtension,org.apache.tomee.microprofile.faulttolerance.MPFaultToleranceCDIExtension,org.apache.tomee.microprofile.health.MPHealthCDIExtension,org.apache.tomee.microprofile.jwt.cdi.MPJWTCDIExtension,org.apache.tomee.microprofile.opentelemetry.MPOpenTelemetryCDIExtension'
26-Oct-2025 18:46:27.834 INFO [main] org.apache.openejb.util.OptionsLog.info Using 'tomee.mp.cdi.extensions=io.smallrye.config.inject.ConfigExtension,io.smallrye.faulttolerance.FaultToleranceExtension,io.smallrye.metrics.legacyapi.LegacyMetricsExtension,io.smallrye.opentelemetry.implementation.cdi.OpenTelemetryExtension,org.apache.cxf.microprofile.client.cdi.RestClientExtension,org.apache.tomee.microprofile.faulttolerance.MPFaultToleranceCDIExtension,org.apache.tomee.microprofile.health.MPHealthCDIExtension,org.apache.tomee.microprofile.jwt.cdi.MPJWTCDIExtension,org.apache.tomee.microprofile.opentelemetry.MPOpenTelemetryCDIExtension'
26-Oct-2025 18:46:27.834 INFO [main] org.apache.openejb.util.OptionsLog.info Using 'tomee.mp.cdi.extensions=io.smallrye.config.inject.ConfigExtension,io.smallrye.faulttolerance.FaultToleranceExtension,io.smallrye.metrics.legacyapi.LegacyMetricsExtension,io.smallrye.opentelemetry.implementation.cdi.OpenTelemetryExtension,org.apache.cxf.microprofile.client.cdi.RestClientExtension,org.apache.tomee.microprofile.faulttolerance.MPFaultToleranceCDIExtension,org.apache.tomee.microprofile.health.MPHealthCDIExtension,org.apache.tomee.microprofile.jwt.cdi.MPJWTCDIExtension,org.apache.tomee.microprofile.opentelemetry.MPOpenTelemetryCDIExtension'
26-Oct-2025 18:46:28.072 INFO [main] org.apache.webbeans.config.BeansDeployer.validateInjectionPoints All injection points were validated successfully.
26-Oct-2025 18:46:28.076 INFO [main] org.apache.openejb.cdi.OpenEJBLifecycle.startApplication OpenWebBeans Container has started, it took 352 ms.
26-Oct-2025 18:46:28.078 INFO [main] org.apache.openejb.assembler.classic.ValidatorBuilder.getConfig Ignoring XML Configuration for validator org.apache.bval.jsr.ConfigurationImpl
26-Oct-2025 18:46:28.098 INFO [main] org.apache.openejb.assembler.classic.Assembler.startEjbs Created Ejb(deployment-id=ChangeRemoteServiceImpl, ejb-name=ChangeRemoteServiceImpl, container=Default Stateless Container)
26-Oct-2025 18:46:28.101 INFO [main] org.apache.openejb.assembler.classic.Assembler.startEjbs Created Ejb(deployment-id=ChangeServiceImpl, ejb-name=ChangeServiceImpl, container=Default Stateless Container)
26-Oct-2025 18:46:28.112 INFO [main] org.apache.openejb.assembler.classic.Assembler.startEjbs Started Ejb(deployment-id=ChangeRemoteServiceImpl, ejb-name=ChangeRemoteServiceImpl, container=Default Stateless Container)
26-Oct-2025 18:46:28.116 INFO [main] org.apache.openejb.assembler.classic.Assembler.startEjbs Started Ejb(deployment-id=ChangeServiceImpl, ejb-name=ChangeServiceImpl, container=Default Stateless Container)
26-Oct-2025 18:46:28.117 WARNING [main] org.apache.batchee.container.services.ServicesManager.init You didn't specify org.apache.batchee.jmx.application and JMX is already registered, skipping
26-Oct-2025 18:46:28.118 INFO [main] org.apache.openejb.assembler.classic.Assembler.createApplication Deployed Application(path=/usr/local/tomee/webapps/ROOT)
26-Oct-2025 18:46:28.281 INFO [main] org.apache.jasper.servlet.TldScanner.scanJars At least one JAR was scanned for TLDs yet contained no TLDs. Enable debug logging for this logger for a complete list of JARs that were scanned but no TLDs were found in them. Skipping unneeded JARs during scanning can improve startup time and JSP compilation time.
26-Oct-2025 18:46:28.330 INFO [main] jdk.internal.reflect.DelegatingMethodAccessorImpl.invoke Deployment of web application archive [/usr/local/tomee/webapps/ROOT.war] has finished in [1,053] ms
26-Oct-2025 18:46:28.341 INFO [main] jdk.internal.reflect.DelegatingMethodAccessorImpl.invoke Starting ProtocolHandler ["http-nio-0.0.0.0-8080"]
26-Oct-2025 18:46:28.350 INFO [main] jdk.internal.reflect.DelegatingMethodAccessorImpl.invoke Server startup in [1149] milliseconds
26-Oct-2025 18:56:07.835 INFO [Thread-22] jdk.internal.reflect.DelegatingMethodAccessorImpl.invoke Pausing ProtocolHandler ["http-nio-0.0.0.0-8080"]
26-Oct-2025 18:56:07.837 INFO [Thread-22] jdk.internal.reflect.DelegatingMethodAccessorImpl.invoke Stopping service [Catalina]
26-Oct-2025 18:56:07.845 INFO [Thread-22] org.apache.openejb.assembler.classic.Assembler.destroyApplication Undeploying app: /usr/local/tomee/webapps/ROOT
26-Oct-2025 18:56:07.870 INFO [Thread-22] jdk.internal.reflect.DelegatingMethodAccessorImpl.invoke Stopping ProtocolHandler ["http-nio-0.0.0.0-8080"]
26-Oct-2025 18:56:07.876 INFO [Thread-22] org.apache.openejb.server.SimpleServiceManager.stop Stopping server services
26-Oct-2025 18:56:07.880 INFO [Thread-22] org.apache.openejb.assembler.classic.Assembler.destroyApplication Undeploying app: openejb
26-Oct-2025 18:56:07.881 SEVERE [Thread-22] org.apache.openejb.core.singleton.SingletonInstanceManager.undeploy Unable to unregister MBean openejb.management:J2EEServer=openejb,J2EEApplication=<empty>,EJBModule=openejb,SingletonSessionBean=openejb/Deployer,name=openejb/Deployer,j2eeType=Invocations
26-Oct-2025 18:56:07.891 INFO [Thread-22] jdk.internal.reflect.DelegatingMethodAccessorImpl.invoke Destroying ProtocolHandler ["http-nio-0.0.0.0-8080"]
26-Oct-2025 18:56:09.339 INFO [main] org.apache.openejb.persistence.PersistenceBootstrap.getDefaultProvider Default JPA Provider changed to org.eclipse.persistence.jpa.PersistenceProvider specified by jar:file:/usr/local/tomee/lib/openejb-core-eclipselink-10.1.0.jar!/META-INF/org.apache.openejb.persistence.PersistenceBootstrap.provider
26-Oct-2025 18:56:09.493 INFO [main] jdk.internal.reflect.NativeMethodAccessorImpl.invoke Server version name:   Apache Tomcat (TomEE)/10.1.42 (10.1.0)
26-Oct-2025 18:56:09.493 INFO [main] jdk.internal.reflect.NativeMethodAccessorImpl.invoke Server built:          Jun 5 2025 22:35:46 UTC
26-Oct-2025 18:56:09.493 INFO [main] jdk.internal.reflect.NativeMethodAccessorImpl.invoke Server version number: 10.1.42.0
26-Oct-2025 18:56:09.493 INFO [main] jdk.internal.reflect.NativeMethodAccessorImpl.invoke OS Name:               Linux
26-Oct-2025 18:56:09.493 INFO [main] jdk.internal.reflect.NativeMethodAccessorImpl.invoke OS Version:            6.10.14-linuxkit
26-Oct-2025 18:56:09.493 INFO [main] jdk.internal.reflect.NativeMethodAccessorImpl.invoke Architecture:          amd64
26-Oct-2025 18:56:09.493 INFO [main] jdk.internal.reflect.NativeMethodAccessorImpl.invoke Java Home:             /opt/java/openjdk
26-Oct-2025 18:56:09.493 INFO [main] jdk.internal.reflect.NativeMethodAccessorImpl.invoke JVM Version:           17.0.16+8
26-Oct-2025 18:56:09.493 INFO [main] jdk.internal.reflect.NativeMethodAccessorImpl.invoke JVM Vendor:            Eclipse Adoptium
26-Oct-2025 18:56:09.493 INFO [main] jdk.internal.reflect.NativeMethodAccessorImpl.invoke CATALINA_BASE:         /usr/local/tomee
26-Oct-2025 18:56:09.493 INFO [main] jdk.internal.reflect.NativeMethodAccessorImpl.invoke CATALINA_HOME:         /usr/local/tomee
26-Oct-2025 18:56:09.494 INFO [main] jdk.internal.reflect.NativeMethodAccessorImpl.invoke Command line argument: -Djava.util.logging.config.file=/usr/local/tomee/conf/logging.properties
26-Oct-2025 18:56:09.494 INFO [main] jdk.internal.reflect.NativeMethodAccessorImpl.invoke Command line argument: -Djava.util.logging.manager=org.apache.juli.ClassLoaderLogManager
26-Oct-2025 18:56:09.494 INFO [main] jdk.internal.reflect.NativeMethodAccessorImpl.invoke Command line argument: -javaagent:/usr/local/tomee/lib/openejb-javaagent.jar
26-Oct-2025 18:56:09.494 INFO [main] jdk.internal.reflect.NativeMethodAccessorImpl.invoke Command line argument: -Djdk.tls.ephemeralDHKeySize=2048
26-Oct-2025 18:56:09.495 INFO [main] jdk.internal.reflect.NativeMethodAccessorImpl.invoke Command line argument: -Djava.protocol.handler.pkgs=org.apache.catalina.webresources
26-Oct-2025 18:56:09.495 INFO [main] jdk.internal.reflect.DelegatingMethodAccessorImpl.invoke Command line argument: -Dsun.io.useCanonCaches=false
26-Oct-2025 18:56:09.495 INFO [main] jdk.internal.reflect.DelegatingMethodAccessorImpl.invoke Command line argument: -Dorg.apache.catalina.security.SecurityListener.UMASK=0027
26-Oct-2025 18:56:09.495 INFO [main] jdk.internal.reflect.DelegatingMethodAccessorImpl.invoke Command line argument: --add-opens=java.base/java.lang=ALL-UNNAMED
26-Oct-2025 18:56:09.495 INFO [main] jdk.internal.reflect.DelegatingMethodAccessorImpl.invoke Command line argument: --add-opens=java.base/java.lang.reflect=ALL-UNNAMED
26-Oct-2025 18:56:09.495 INFO [main] jdk.internal.reflect.DelegatingMethodAccessorImpl.invoke Command line argument: --add-opens=java.base/java.io=ALL-UNNAMED
26-Oct-2025 18:56:09.495 INFO [main] jdk.internal.reflect.DelegatingMethodAccessorImpl.invoke Command line argument: --add-opens=java.base/java.util=ALL-UNNAMED
26-Oct-2025 18:56:09.495 INFO [main] jdk.internal.reflect.DelegatingMethodAccessorImpl.invoke Command line argument: --add-opens=java.base/java.util.concurrent=ALL-UNNAMED
26-Oct-2025 18:56:09.495 INFO [main] jdk.internal.reflect.DelegatingMethodAccessorImpl.invoke Command line argument: --add-opens=java.rmi/sun.rmi.transport=ALL-UNNAMED
26-Oct-2025 18:56:09.495 INFO [main] jdk.internal.reflect.DelegatingMethodAccessorImpl.invoke Command line argument: -Xmx512m
26-Oct-2025 18:56:09.495 INFO [main] jdk.internal.reflect.DelegatingMethodAccessorImpl.invoke Command line argument: -Dtomee.remote.support=true
26-Oct-2025 18:56:09.495 INFO [main] jdk.internal.reflect.DelegatingMethodAccessorImpl.invoke Command line argument: -Dopenejb.cdi.activated=true
26-Oct-2025 18:56:09.495 INFO [main] jdk.internal.reflect.DelegatingMethodAccessorImpl.invoke Command line argument: -Dtomee.serialization.class.blacklist=-
26-Oct-2025 18:56:09.495 INFO [main] jdk.internal.reflect.DelegatingMethodAccessorImpl.invoke Command line argument: -Dopenejb.system.apps=true
26-Oct-2025 18:56:09.495 INFO [main] jdk.internal.reflect.DelegatingMethodAccessorImpl.invoke Command line argument: -Dcatalina.base=/usr/local/tomee
26-Oct-2025 18:56:09.495 INFO [main] jdk.internal.reflect.DelegatingMethodAccessorImpl.invoke Command line argument: -Dcatalina.home=/usr/local/tomee
26-Oct-2025 18:56:09.495 INFO [main] jdk.internal.reflect.DelegatingMethodAccessorImpl.invoke Command line argument: -Djava.io.tmpdir=/usr/local/tomee/temp
26-Oct-2025 18:56:09.500 INFO [main] jdk.internal.reflect.DelegatingMethodAccessorImpl.invoke The Apache Tomcat Native library which allows using OpenSSL was not found on the java.library.path: [/opt/java/openjdk/lib/server:/opt/java/openjdk/lib:/opt/java/openjdk/../lib:/usr/java/packages/lib:/usr/lib64:/lib64:/lib:/usr/lib]
26-Oct-2025 18:56:09.653 INFO [main] jdk.internal.reflect.DelegatingMethodAccessorImpl.invoke Initializing ProtocolHandler ["http-nio-0.0.0.0-8080"]
26-Oct-2025 18:56:09.810 INFO [main] org.apache.openejb.util.OptionsLog.info Using 'tomee.remote.support=true'
26-Oct-2025 18:56:09.816 INFO [main] org.apache.openejb.util.OptionsLog.info Using 'openejb.jdbc.datasource-creator=org.apache.tomee.jdbc.TomEEDataSourceCreator'
26-Oct-2025 18:56:09.879 INFO [main] org.apache.openejb.OpenEJB$Instance.<init> ********************************************************************************
26-Oct-2025 18:56:09.879 INFO [main] org.apache.openejb.OpenEJB$Instance.<init> OpenEJB http://tomee.apache.org/
26-Oct-2025 18:56:09.879 INFO [main] org.apache.openejb.OpenEJB$Instance.<init> Startup: Sun Oct 26 18:56:09 GMT 2025
26-Oct-2025 18:56:09.879 INFO [main] org.apache.openejb.OpenEJB$Instance.<init> Copyright 1999-2025 (C) Apache TomEE Project, All Rights Reserved.
26-Oct-2025 18:56:09.879 INFO [main] org.apache.openejb.OpenEJB$Instance.<init> Version: 10.1.0
26-Oct-2025 18:56:09.879 INFO [main] org.apache.openejb.OpenEJB$Instance.<init> Build date: 20250610
26-Oct-2025 18:56:09.879 INFO [main] org.apache.openejb.OpenEJB$Instance.<init> Build time: 04:18
26-Oct-2025 18:56:09.879 INFO [main] org.apache.openejb.OpenEJB$Instance.<init> ********************************************************************************
26-Oct-2025 18:56:09.879 INFO [main] org.apache.openejb.OpenEJB$Instance.<init> openejb.home = /usr/local/tomee
26-Oct-2025 18:56:09.879 INFO [main] org.apache.openejb.OpenEJB$Instance.<init> openejb.base = /usr/local/tomee
26-Oct-2025 18:56:09.882 INFO [main] org.apache.openejb.cdi.CdiBuilder.initializeOWB Created new singletonService org.apache.openejb.cdi.ThreadSingletonServiceImpl@7daa0fbd
26-Oct-2025 18:56:09.884 INFO [main] org.apache.openejb.cdi.CdiBuilder.initializeOWB Succeeded in installing singleton service
26-Oct-2025 18:56:09.915 INFO [main] org.apache.openejb.config.ConfigurationFactory.init TomEE configuration file is '/usr/local/tomee/conf/tomee.xml'
26-Oct-2025 18:56:09.941 INFO [main] org.apache.openejb.config.ConfigurationFactory.configureService Configuring Service(id=Tomcat Security Service, type=SecurityService, provider-id=Tomcat Security Service)
26-Oct-2025 18:56:09.943 INFO [main] org.apache.openejb.config.ConfigurationFactory.configureService Configuring Service(id=Default Transaction Manager, type=TransactionManager, provider-id=Default Transaction Manager)
26-Oct-2025 18:56:09.946 INFO [main] org.apache.openejb.util.OptionsLog.info Using 'openejb.system.apps=true'
26-Oct-2025 18:56:09.948 INFO [main] org.apache.openejb.config.ConfigurationFactory.configureService Configuring Service(id=Default Singleton Container, type=Container, provider-id=Default Singleton Container)
26-Oct-2025 18:56:09.969 INFO [main] org.apache.openejb.assembler.classic.Assembler.createRecipe Creating TransactionManager(id=Default Transaction Manager)
26-Oct-2025 18:56:10.005 INFO [main] org.apache.openejb.assembler.classic.Assembler.createRecipe Creating SecurityService(id=Tomcat Security Service)
26-Oct-2025 18:56:10.029 INFO [main] org.apache.openejb.assembler.classic.Assembler.createRecipe Creating Container(id=Default Singleton Container)
26-Oct-2025 18:56:10.041 INFO [main] org.apache.openejb.assembler.classic.Assembler.createApplication Assembling app: openejb
26-Oct-2025 18:56:10.101 INFO [main] org.apache.openejb.util.OptionsLog.info Using 'openejb.jndiname.format={deploymentId}{interfaceType.openejbLegacyName}'
26-Oct-2025 18:56:10.107 INFO [main] org.apache.openejb.assembler.classic.JndiBuilder.bind Jndi(name=openejb/DeployerBusinessRemote) --> Ejb(deployment-id=openejb/Deployer)
26-Oct-2025 18:56:10.108 INFO [main] org.apache.openejb.assembler.classic.JndiBuilder.bind Jndi(name=global/openejb/openejb/openejb/Deployer!org.apache.openejb.assembler.Deployer) --> Ejb(deployment-id=openejb/Deployer)
26-Oct-2025 18:56:10.108 INFO [main] org.apache.openejb.assembler.classic.JndiBuilder.bind Jndi(name=global/openejb/openejb/openejb/Deployer) --> Ejb(deployment-id=openejb/Deployer)
26-Oct-2025 18:56:10.109 INFO [main] org.apache.openejb.assembler.classic.JndiBuilder.bind Jndi(name=openejb/ConfigurationInfoBusinessRemote) --> Ejb(deployment-id=openejb/ConfigurationInfo)
26-Oct-2025 18:56:10.109 INFO [main] org.apache.openejb.assembler.classic.JndiBuilder.bind Jndi(name=global/openejb/openejb/openejb/Deployer!org.apache.openejb.assembler.classic.cmd.ConfigurationInfo) --> Ejb(deployment-id=openejb/ConfigurationInfo)
26-Oct-2025 18:56:10.115 INFO [main] org.apache.openejb.assembler.classic.Assembler.startEjbs Created Ejb(deployment-id=openejb/ConfigurationInfo, ejb-name=openejb/Deployer, container=Default Singleton Container)
26-Oct-2025 18:56:10.116 INFO [main] org.apache.openejb.assembler.classic.Assembler.startEjbs Created Ejb(deployment-id=openejb/Deployer, ejb-name=openejb/Deployer, container=Default Singleton Container)
26-Oct-2025 18:56:10.117 INFO [main] org.apache.openejb.assembler.classic.Assembler.startEjbs Started Ejb(deployment-id=openejb/ConfigurationInfo, ejb-name=openejb/Deployer, container=Default Singleton Container)
26-Oct-2025 18:56:10.117 INFO [main] org.apache.openejb.assembler.classic.Assembler.startEjbs Started Ejb(deployment-id=openejb/Deployer, ejb-name=openejb/Deployer, container=Default Singleton Container)
26-Oct-2025 18:56:10.120 INFO [main] org.apache.openejb.assembler.classic.Assembler.deployMBean Deployed MBean(openejb.user.mbeans:application=openejb,group=org.apache.openejb.assembler.monitoring,name=JMXDeployer)
26-Oct-2025 18:56:10.121 WARNING [main] org.apache.batchee.container.services.ServicesManager.init You didn't specify org.apache.batchee.jmx.application and JMX is already registered, skipping
26-Oct-2025 18:56:10.121 INFO [main] org.apache.openejb.assembler.classic.Assembler.createApplication Deployed Application(path=openejb)
26-Oct-2025 18:56:10.142 INFO [main] org.apache.openejb.server.ServiceManager.initServer Creating ServerService(id=cxf)
26-Oct-2025 18:56:10.252 INFO [main] org.apache.openejb.server.ServiceManager.initServer Creating ServerService(id=cxf-rs)
26-Oct-2025 18:56:10.289 INFO [main] org.apache.openejb.server.SimpleServiceManager.start   ** Bound Services **
26-Oct-2025 18:56:10.289 INFO [main] org.apache.openejb.server.SimpleServiceManager.printRow   NAME                 IP              PORT  
26-Oct-2025 18:56:10.289 INFO [main] org.apache.openejb.server.SimpleServiceManager.start -------
26-Oct-2025 18:56:10.289 INFO [main] org.apache.openejb.server.SimpleServiceManager.start Ready!
26-Oct-2025 18:56:10.289 INFO [main] jdk.internal.reflect.DelegatingMethodAccessorImpl.invoke Server initialization in [930] milliseconds
26-Oct-2025 18:56:10.310 INFO [main] org.apache.tomee.catalina.OpenEJBNamingContextListener.bindResource Importing a Tomcat Resource with id 'UserDatabase' of type 'org.apache.catalina.UserDatabase'.
26-Oct-2025 18:56:10.314 INFO [main] org.apache.openejb.assembler.classic.Assembler.createRecipe Creating Resource(id=UserDatabase)
26-Oct-2025 18:56:10.335 INFO [main] jdk.internal.reflect.DelegatingMethodAccessorImpl.invoke Starting service [Catalina]
26-Oct-2025 18:56:10.335 INFO [main] jdk.internal.reflect.DelegatingMethodAccessorImpl.invoke Starting Servlet engine: [Apache Tomcat (TomEE)/10.1.42 (10.1.0)]
26-Oct-2025 18:56:10.348 INFO [main] jdk.internal.reflect.DelegatingMethodAccessorImpl.invoke Deploying web application archive [/usr/local/tomee/webapps/ROOT.war]
26-Oct-2025 18:56:10.352 INFO [main] org.apache.tomee.catalina.TomcatWebAppBuilder.init ------------------------- localhost -> /
26-Oct-2025 18:56:10.493 INFO [main] org.apache.openejb.util.OptionsLog.info Using 'tomee.mp.cdi.extensions=io.smallrye.config.inject.ConfigExtension,io.smallrye.faulttolerance.FaultToleranceExtension,io.smallrye.metrics.legacyapi.LegacyMetricsExtension,io.smallrye.opentelemetry.implementation.cdi.OpenTelemetryExtension,org.apache.cxf.microprofile.client.cdi.RestClientExtension,org.apache.tomee.microprofile.faulttolerance.MPFaultToleranceCDIExtension,org.apache.tomee.microprofile.health.MPHealthCDIExtension,org.apache.tomee.microprofile.jwt.cdi.MPJWTCDIExtension,org.apache.tomee.microprofile.opentelemetry.MPOpenTelemetryCDIExtension'
26-Oct-2025 18:56:10.548 INFO [main] org.apache.openejb.config.ConfigurationFactory.configureApplication Configuring enterprise application: /usr/local/tomee/webapps/ROOT
26-Oct-2025 18:56:10.616 INFO [main] org.apache.openejb.config.InitEjbDeployments.deploy Auto-deploying ejb ChangeServiceImpl: EjbDeployment(deployment-id=ChangeServiceImpl)
26-Oct-2025 18:56:10.616 INFO [main] org.apache.openejb.config.InitEjbDeployments.deploy Auto-deploying ejb ChangeRemoteServiceImpl: EjbDeployment(deployment-id=ChangeRemoteServiceImpl)
26-Oct-2025 18:56:10.618 INFO [main] org.apache.openejb.config.ConfigurationFactory.configureService Configuring Service(id=Default Stateless Container, type=Container, provider-id=Default Stateless Container)
26-Oct-2025 18:56:10.619 INFO [main] org.apache.openejb.config.AutoConfig.createContainer Auto-creating a container for bean ChangeServiceImpl: Container(type=STATELESS, id=Default Stateless Container)
26-Oct-2025 18:56:10.619 INFO [main] org.apache.openejb.assembler.classic.Assembler.createRecipe Creating Container(id=Default Stateless Container)
26-Oct-2025 18:56:10.625 INFO [main] org.apache.openejb.config.ConfigurationFactory.configureService Configuring Service(id=Default Managed Container, type=Container, provider-id=Default Managed Container)
26-Oct-2025 18:56:10.625 INFO [main] org.apache.openejb.config.AutoConfig.createContainer Auto-creating a container for bean .Comp2091439256: Container(type=MANAGED, id=Default Managed Container)
26-Oct-2025 18:56:10.625 INFO [main] org.apache.openejb.assembler.classic.Assembler.createRecipe Creating Container(id=Default Managed Container)
26-Oct-2025 18:56:10.630 INFO [main] org.apache.openejb.core.managed.SimplePassivater.init Using directory /usr/local/tomee/temp for stateful session passivation
26-Oct-2025 18:56:10.643 INFO [main] org.apache.openejb.config.AppInfoBuilder.build Enterprise application "/usr/local/tomee/webapps/ROOT" loaded.
26-Oct-2025 18:56:10.643 INFO [main] org.apache.openejb.assembler.classic.Assembler.createApplication Assembling app: /usr/local/tomee/webapps/ROOT
26-Oct-2025 18:56:10.658 INFO [main] org.apache.openejb.assembler.classic.JndiBuilder.bind Jndi(name=ChangeServiceImplLocal) --> Ejb(deployment-id=ChangeServiceImpl)
26-Oct-2025 18:56:10.658 INFO [main] org.apache.openejb.assembler.classic.JndiBuilder.bind Jndi(name=global/ChangeServiceImpl!mg.razherana.banking.change.services.changeServices.ChangeService) --> Ejb(deployment-id=ChangeServiceImpl)
26-Oct-2025 18:56:10.658 INFO [main] org.apache.openejb.assembler.classic.JndiBuilder.bind Jndi(name=global/ChangeServiceImpl) --> Ejb(deployment-id=ChangeServiceImpl)
26-Oct-2025 18:56:10.658 INFO [main] org.apache.openejb.assembler.classic.JndiBuilder.bind Jndi(name=ChangeRemoteServiceImplRemote) --> Ejb(deployment-id=ChangeRemoteServiceImpl)
26-Oct-2025 18:56:10.658 INFO [main] org.apache.openejb.assembler.classic.JndiBuilder.bind Jndi(name=global//ChangeRemoteServiceImpl!mg.razherana.banking.change.services.changeServices.ChangeRemoteService) --> Ejb(deployment-id=ChangeRemoteServiceImpl)
26-Oct-2025 18:56:10.658 INFO [main] org.apache.openejb.assembler.classic.JndiBuilder.bind Jndi(name=global/ChangeRemoteServiceImpl!mg.razherana.banking.change.services.changeServices.ChangeRemoteService) --> Ejb(deployment-id=ChangeRemoteServiceImpl)
26-Oct-2025 18:56:10.659 INFO [main] org.apache.openejb.assembler.classic.JndiBuilder.bind Jndi(name=global/ChangeRemoteServiceImpl) --> Ejb(deployment-id=ChangeRemoteServiceImpl)
26-Oct-2025 18:56:10.674 INFO [main] org.apache.openejb.cdi.CdiBuilder.initSingleton Existing thread singleton service in SystemInstance(): org.apache.openejb.cdi.ThreadSingletonServiceImpl@7daa0fbd
26-Oct-2025 18:56:10.734 INFO [main] org.apache.openejb.cdi.OpenEJBLifecycle.startApplication OpenWebBeans Container is starting...
26-Oct-2025 18:56:10.738 INFO [main] org.apache.webbeans.plugins.PluginLoader.startUp Adding OpenWebBeansPlugin : [CdiPlugin]
26-Oct-2025 18:56:10.741 INFO [main] org.apache.openejb.cdi.CdiScanner.handleBda Using annotated mode for file:/usr/local/tomee/webapps/ROOT/WEB-INF/classes/ looking all classes to find CDI beans, maybe think to add a beans.xml if not there or add the jar to exclusions.list
26-Oct-2025 18:56:10.826 INFO [main] org.apache.openejb.util.OptionsLog.info Using 'tomee.mp.cdi.extensions=io.smallrye.config.inject.ConfigExtension,io.smallrye.faulttolerance.FaultToleranceExtension,io.smallrye.metrics.legacyapi.LegacyMetricsExtension,io.smallrye.opentelemetry.implementation.cdi.OpenTelemetryExtension,org.apache.cxf.microprofile.client.cdi.RestClientExtension,org.apache.tomee.microprofile.faulttolerance.MPFaultToleranceCDIExtension,org.apache.tomee.microprofile.health.MPHealthCDIExtension,org.apache.tomee.microprofile.jwt.cdi.MPJWTCDIExtension,org.apache.tomee.microprofile.opentelemetry.MPOpenTelemetryCDIExtension'
26-Oct-2025 18:56:10.826 INFO [main] org.apache.openejb.util.OptionsLog.info Using 'tomee.mp.cdi.extensions=io.smallrye.config.inject.ConfigExtension,io.smallrye.faulttolerance.FaultToleranceExtension,io.smallrye.metrics.legacyapi.LegacyMetricsExtension,io.smallrye.opentelemetry.implementation.cdi.OpenTelemetryExtension,org.apache.cxf.microprofile.client.cdi.RestClientExtension,org.apache.tomee.microprofile.faulttolerance.MPFaultToleranceCDIExtension,org.apache.tomee.microprofile.health.MPHealthCDIExtension,org.apache.tomee.microprofile.jwt.cdi.MPJWTCDIExtension,org.apache.tomee.microprofile.opentelemetry.MPOpenTelemetryCDIExtension'
26-Oct-2025 18:56:10.826 INFO [main] org.apache.openejb.util.OptionsLog.info Using 'tomee.mp.cdi.extensions=io.smallrye.config.inject.ConfigExtension,io.smallrye.faulttolerance.FaultToleranceExtension,io.smallrye.metrics.legacyapi.LegacyMetricsExtension,io.smallrye.opentelemetry.implementation.cdi.OpenTelemetryExtension,org.apache.cxf.microprofile.client.cdi.RestClientExtension,org.apache.tomee.microprofile.faulttolerance.MPFaultToleranceCDIExtension,org.apache.tomee.microprofile.health.MPHealthCDIExtension,org.apache.tomee.microprofile.jwt.cdi.MPJWTCDIExtension,org.apache.tomee.microprofile.opentelemetry.MPOpenTelemetryCDIExtension'
26-Oct-2025 18:56:10.826 INFO [main] org.apache.openejb.util.OptionsLog.info Using 'tomee.mp.cdi.extensions=io.smallrye.config.inject.ConfigExtension,io.smallrye.faulttolerance.FaultToleranceExtension,io.smallrye.metrics.legacyapi.LegacyMetricsExtension,io.smallrye.opentelemetry.implementation.cdi.OpenTelemetryExtension,org.apache.cxf.microprofile.client.cdi.RestClientExtension,org.apache.tomee.microprofile.faulttolerance.MPFaultToleranceCDIExtension,org.apache.tomee.microprofile.health.MPHealthCDIExtension,org.apache.tomee.microprofile.jwt.cdi.MPJWTCDIExtension,org.apache.tomee.microprofile.opentelemetry.MPOpenTelemetryCDIExtension'
26-Oct-2025 18:56:10.826 INFO [main] org.apache.openejb.util.OptionsLog.info Using 'tomee.mp.cdi.extensions=io.smallrye.config.inject.ConfigExtension,io.smallrye.faulttolerance.FaultToleranceExtension,io.smallrye.metrics.legacyapi.LegacyMetricsExtension,io.smallrye.opentelemetry.implementation.cdi.OpenTelemetryExtension,org.apache.cxf.microprofile.client.cdi.RestClientExtension,org.apache.tomee.microprofile.faulttolerance.MPFaultToleranceCDIExtension,org.apache.tomee.microprofile.health.MPHealthCDIExtension,org.apache.tomee.microprofile.jwt.cdi.MPJWTCDIExtension,org.apache.tomee.microprofile.opentelemetry.MPOpenTelemetryCDIExtension'
26-Oct-2025 18:56:10.826 INFO [main] org.apache.openejb.util.OptionsLog.info Using 'tomee.mp.cdi.extensions=io.smallrye.config.inject.ConfigExtension,io.smallrye.faulttolerance.FaultToleranceExtension,io.smallrye.metrics.legacyapi.LegacyMetricsExtension,io.smallrye.opentelemetry.implementation.cdi.OpenTelemetryExtension,org.apache.cxf.microprofile.client.cdi.RestClientExtension,org.apache.tomee.microprofile.faulttolerance.MPFaultToleranceCDIExtension,org.apache.tomee.microprofile.health.MPHealthCDIExtension,org.apache.tomee.microprofile.jwt.cdi.MPJWTCDIExtension,org.apache.tomee.microprofile.opentelemetry.MPOpenTelemetryCDIExtension'
26-Oct-2025 18:56:10.826 INFO [main] org.apache.openejb.util.OptionsLog.info Using 'tomee.mp.cdi.extensions=io.smallrye.config.inject.ConfigExtension,io.smallrye.faulttolerance.FaultToleranceExtension,io.smallrye.metrics.legacyapi.LegacyMetricsExtension,io.smallrye.opentelemetry.implementation.cdi.OpenTelemetryExtension,org.apache.cxf.microprofile.client.cdi.RestClientExtension,org.apache.tomee.microprofile.faulttolerance.MPFaultToleranceCDIExtension,org.apache.tomee.microprofile.health.MPHealthCDIExtension,org.apache.tomee.microprofile.jwt.cdi.MPJWTCDIExtension,org.apache.tomee.microprofile.opentelemetry.MPOpenTelemetryCDIExtension'
26-Oct-2025 18:56:10.826 INFO [main] org.apache.openejb.util.OptionsLog.info Using 'tomee.mp.cdi.extensions=io.smallrye.config.inject.ConfigExtension,io.smallrye.faulttolerance.FaultToleranceExtension,io.smallrye.metrics.legacyapi.LegacyMetricsExtension,io.smallrye.opentelemetry.implementation.cdi.OpenTelemetryExtension,org.apache.cxf.microprofile.client.cdi.RestClientExtension,org.apache.tomee.microprofile.faulttolerance.MPFaultToleranceCDIExtension,org.apache.tomee.microprofile.health.MPHealthCDIExtension,org.apache.tomee.microprofile.jwt.cdi.MPJWTCDIExtension,org.apache.tomee.microprofile.opentelemetry.MPOpenTelemetryCDIExtension'
26-Oct-2025 18:56:10.826 INFO [main] org.apache.openejb.util.OptionsLog.info Using 'tomee.mp.cdi.extensions=io.smallrye.config.inject.ConfigExtension,io.smallrye.faulttolerance.FaultToleranceExtension,io.smallrye.metrics.legacyapi.LegacyMetricsExtension,io.smallrye.opentelemetry.implementation.cdi.OpenTelemetryExtension,org.apache.cxf.microprofile.client.cdi.RestClientExtension,org.apache.tomee.microprofile.faulttolerance.MPFaultToleranceCDIExtension,org.apache.tomee.microprofile.health.MPHealthCDIExtension,org.apache.tomee.microprofile.jwt.cdi.MPJWTCDIExtension,org.apache.tomee.microprofile.opentelemetry.MPOpenTelemetryCDIExtension'
26-Oct-2025 18:56:10.827 INFO [main] org.apache.openejb.util.OptionsLog.info Using 'tomee.mp.cdi.extensions=io.smallrye.config.inject.ConfigExtension,io.smallrye.faulttolerance.FaultToleranceExtension,io.smallrye.metrics.legacyapi.LegacyMetricsExtension,io.smallrye.opentelemetry.implementation.cdi.OpenTelemetryExtension,org.apache.cxf.microprofile.client.cdi.RestClientExtension,org.apache.tomee.microprofile.faulttolerance.MPFaultToleranceCDIExtension,org.apache.tomee.microprofile.health.MPHealthCDIExtension,org.apache.tomee.microprofile.jwt.cdi.MPJWTCDIExtension,org.apache.tomee.microprofile.opentelemetry.MPOpenTelemetryCDIExtension'
26-Oct-2025 18:56:11.004 INFO [main] org.apache.webbeans.config.BeansDeployer.validateInjectionPoints All injection points were validated successfully.
26-Oct-2025 18:56:11.007 INFO [main] org.apache.openejb.cdi.OpenEJBLifecycle.startApplication OpenWebBeans Container has started, it took 273 ms.
26-Oct-2025 18:56:11.010 INFO [main] org.apache.openejb.assembler.classic.ValidatorBuilder.getConfig Ignoring XML Configuration for validator org.apache.bval.jsr.ConfigurationImpl
26-Oct-2025 18:56:11.026 INFO [main] org.apache.openejb.assembler.classic.Assembler.startEjbs Created Ejb(deployment-id=ChangeRemoteServiceImpl, ejb-name=ChangeRemoteServiceImpl, container=Default Stateless Container)
26-Oct-2025 18:56:11.028 INFO [main] org.apache.openejb.assembler.classic.Assembler.startEjbs Created Ejb(deployment-id=ChangeServiceImpl, ejb-name=ChangeServiceImpl, container=Default Stateless Container)
26-Oct-2025 18:56:11.036 INFO [main] org.apache.openejb.assembler.classic.Assembler.startEjbs Started Ejb(deployment-id=ChangeRemoteServiceImpl, ejb-name=ChangeRemoteServiceImpl, container=Default Stateless Container)
26-Oct-2025 18:56:11.039 INFO [main] org.apache.openejb.assembler.classic.Assembler.startEjbs Started Ejb(deployment-id=ChangeServiceImpl, ejb-name=ChangeServiceImpl, container=Default Stateless Container)
26-Oct-2025 18:56:11.040 WARNING [main] org.apache.batchee.container.services.ServicesManager.init You didn't specify org.apache.batchee.jmx.application and JMX is already registered, skipping
26-Oct-2025 18:56:11.041 INFO [main] org.apache.openejb.assembler.classic.Assembler.createApplication Deployed Application(path=/usr/local/tomee/webapps/ROOT)
26-Oct-2025 18:56:11.150 INFO [main] org.apache.jasper.servlet.TldScanner.scanJars At least one JAR was scanned for TLDs yet contained no TLDs. Enable debug logging for this logger for a complete list of JARs that were scanned but no TLDs were found in them. Skipping unneeded JARs during scanning can improve startup time and JSP compilation time.
26-Oct-2025 18:56:11.188 INFO [main] jdk.internal.reflect.DelegatingMethodAccessorImpl.invoke Deployment of web application archive [/usr/local/tomee/webapps/ROOT.war] has finished in [839] ms
26-Oct-2025 18:56:11.197 INFO [main] jdk.internal.reflect.DelegatingMethodAccessorImpl.invoke Starting ProtocolHandler ["http-nio-0.0.0.0-8080"]
26-Oct-2025 18:56:11.203 INFO [main] jdk.internal.reflect.DelegatingMethodAccessorImpl.invoke Server startup in [913] milliseconds
26-Oct-2025 18:59:07.399 INFO [Thread-22] jdk.internal.reflect.DelegatingMethodAccessorImpl.invoke Pausing ProtocolHandler ["http-nio-0.0.0.0-8080"]
26-Oct-2025 18:59:07.400 INFO [Thread-22] jdk.internal.reflect.DelegatingMethodAccessorImpl.invoke Stopping service [Catalina]
26-Oct-2025 18:59:07.405 INFO [Thread-22] org.apache.openejb.assembler.classic.Assembler.destroyApplication Undeploying app: /usr/local/tomee/webapps/ROOT
26-Oct-2025 18:59:07.427 INFO [Thread-22] jdk.internal.reflect.DelegatingMethodAccessorImpl.invoke Stopping ProtocolHandler ["http-nio-0.0.0.0-8080"]
26-Oct-2025 18:59:07.436 INFO [Thread-22] org.apache.openejb.server.SimpleServiceManager.stop Stopping server services
26-Oct-2025 18:59:07.439 INFO [Thread-22] org.apache.openejb.assembler.classic.Assembler.destroyApplication Undeploying app: openejb
26-Oct-2025 18:59:07.441 SEVERE [Thread-22] org.apache.openejb.core.singleton.SingletonInstanceManager.undeploy Unable to unregister MBean openejb.management:J2EEServer=openejb,J2EEApplication=<empty>,EJBModule=openejb,SingletonSessionBean=openejb/Deployer,name=openejb/Deployer,j2eeType=Invocations
26-Oct-2025 18:59:07.448 INFO [Thread-22] jdk.internal.reflect.DelegatingMethodAccessorImpl.invoke Destroying ProtocolHandler ["http-nio-0.0.0.0-8080"]
26-Oct-2025 18:59:08.529 INFO [main] org.apache.openejb.persistence.PersistenceBootstrap.getDefaultProvider Default JPA Provider changed to org.eclipse.persistence.jpa.PersistenceProvider specified by jar:file:/usr/local/tomee/lib/openejb-core-eclipselink-10.1.0.jar!/META-INF/org.apache.openejb.persistence.PersistenceBootstrap.provider
26-Oct-2025 18:59:08.675 INFO [main] jdk.internal.reflect.NativeMethodAccessorImpl.invoke Server version name:   Apache Tomcat (TomEE)/10.1.42 (10.1.0)
26-Oct-2025 18:59:08.675 INFO [main] jdk.internal.reflect.NativeMethodAccessorImpl.invoke Server built:          Jun 5 2025 22:35:46 UTC
26-Oct-2025 18:59:08.675 INFO [main] jdk.internal.reflect.NativeMethodAccessorImpl.invoke Server version number: 10.1.42.0
26-Oct-2025 18:59:08.675 INFO [main] jdk.internal.reflect.NativeMethodAccessorImpl.invoke OS Name:               Linux
26-Oct-2025 18:59:08.675 INFO [main] jdk.internal.reflect.NativeMethodAccessorImpl.invoke OS Version:            6.10.14-linuxkit
26-Oct-2025 18:59:08.675 INFO [main] jdk.internal.reflect.NativeMethodAccessorImpl.invoke Architecture:          amd64
26-Oct-2025 18:59:08.675 INFO [main] jdk.internal.reflect.NativeMethodAccessorImpl.invoke Java Home:             /opt/java/openjdk
26-Oct-2025 18:59:08.675 INFO [main] jdk.internal.reflect.NativeMethodAccessorImpl.invoke JVM Version:           17.0.16+8
26-Oct-2025 18:59:08.675 INFO [main] jdk.internal.reflect.NativeMethodAccessorImpl.invoke JVM Vendor:            Eclipse Adoptium
26-Oct-2025 18:59:08.675 INFO [main] jdk.internal.reflect.NativeMethodAccessorImpl.invoke CATALINA_BASE:         /usr/local/tomee
26-Oct-2025 18:59:08.675 INFO [main] jdk.internal.reflect.NativeMethodAccessorImpl.invoke CATALINA_HOME:         /usr/local/tomee
26-Oct-2025 18:59:08.676 INFO [main] jdk.internal.reflect.NativeMethodAccessorImpl.invoke Command line argument: -Djava.util.logging.config.file=/usr/local/tomee/conf/logging.properties
26-Oct-2025 18:59:08.676 INFO [main] jdk.internal.reflect.NativeMethodAccessorImpl.invoke Command line argument: -Djava.util.logging.manager=org.apache.juli.ClassLoaderLogManager
26-Oct-2025 18:59:08.676 INFO [main] jdk.internal.reflect.NativeMethodAccessorImpl.invoke Command line argument: -javaagent:/usr/local/tomee/lib/openejb-javaagent.jar
26-Oct-2025 18:59:08.676 INFO [main] jdk.internal.reflect.NativeMethodAccessorImpl.invoke Command line argument: -Djdk.tls.ephemeralDHKeySize=2048
26-Oct-2025 18:59:08.676 INFO [main] jdk.internal.reflect.NativeMethodAccessorImpl.invoke Command line argument: -Djava.protocol.handler.pkgs=org.apache.catalina.webresources
26-Oct-2025 18:59:08.676 INFO [main] jdk.internal.reflect.DelegatingMethodAccessorImpl.invoke Command line argument: -Dsun.io.useCanonCaches=false
26-Oct-2025 18:59:08.676 INFO [main] jdk.internal.reflect.DelegatingMethodAccessorImpl.invoke Command line argument: -Dorg.apache.catalina.security.SecurityListener.UMASK=0027
26-Oct-2025 18:59:08.676 INFO [main] jdk.internal.reflect.DelegatingMethodAccessorImpl.invoke Command line argument: --add-opens=java.base/java.lang=ALL-UNNAMED
26-Oct-2025 18:59:08.676 INFO [main] jdk.internal.reflect.DelegatingMethodAccessorImpl.invoke Command line argument: --add-opens=java.base/java.lang.reflect=ALL-UNNAMED
26-Oct-2025 18:59:08.676 INFO [main] jdk.internal.reflect.DelegatingMethodAccessorImpl.invoke Command line argument: --add-opens=java.base/java.io=ALL-UNNAMED
26-Oct-2025 18:59:08.676 INFO [main] jdk.internal.reflect.DelegatingMethodAccessorImpl.invoke Command line argument: --add-opens=java.base/java.util=ALL-UNNAMED
26-Oct-2025 18:59:08.676 INFO [main] jdk.internal.reflect.DelegatingMethodAccessorImpl.invoke Command line argument: --add-opens=java.base/java.util.concurrent=ALL-UNNAMED
26-Oct-2025 18:59:08.676 INFO [main] jdk.internal.reflect.DelegatingMethodAccessorImpl.invoke Command line argument: --add-opens=java.rmi/sun.rmi.transport=ALL-UNNAMED
26-Oct-2025 18:59:08.677 INFO [main] jdk.internal.reflect.DelegatingMethodAccessorImpl.invoke Command line argument: -Xmx512m
26-Oct-2025 18:59:08.677 INFO [main] jdk.internal.reflect.DelegatingMethodAccessorImpl.invoke Command line argument: -Dtomee.remote.support=true
26-Oct-2025 18:59:08.677 INFO [main] jdk.internal.reflect.DelegatingMethodAccessorImpl.invoke Command line argument: -Dopenejb.cdi.activated=true
26-Oct-2025 18:59:08.677 INFO [main] jdk.internal.reflect.DelegatingMethodAccessorImpl.invoke Command line argument: -Dtomee.serialization.class.blacklist=-
26-Oct-2025 18:59:08.677 INFO [main] jdk.internal.reflect.DelegatingMethodAccessorImpl.invoke Command line argument: -Dopenejb.system.apps=true
26-Oct-2025 18:59:08.677 INFO [main] jdk.internal.reflect.DelegatingMethodAccessorImpl.invoke Command line argument: -Dcatalina.base=/usr/local/tomee
26-Oct-2025 18:59:08.677 INFO [main] jdk.internal.reflect.DelegatingMethodAccessorImpl.invoke Command line argument: -Dcatalina.home=/usr/local/tomee
26-Oct-2025 18:59:08.677 INFO [main] jdk.internal.reflect.DelegatingMethodAccessorImpl.invoke Command line argument: -Djava.io.tmpdir=/usr/local/tomee/temp
26-Oct-2025 18:59:08.680 INFO [main] jdk.internal.reflect.DelegatingMethodAccessorImpl.invoke The Apache Tomcat Native library which allows using OpenSSL was not found on the java.library.path: [/opt/java/openjdk/lib/server:/opt/java/openjdk/lib:/opt/java/openjdk/../lib:/usr/java/packages/lib:/usr/lib64:/lib64:/lib:/usr/lib]
26-Oct-2025 18:59:08.824 INFO [main] jdk.internal.reflect.DelegatingMethodAccessorImpl.invoke Initializing ProtocolHandler ["http-nio-0.0.0.0-8080"]
26-Oct-2025 18:59:08.962 INFO [main] org.apache.openejb.util.OptionsLog.info Using 'tomee.remote.support=true'
26-Oct-2025 18:59:08.967 INFO [main] org.apache.openejb.util.OptionsLog.info Using 'openejb.jdbc.datasource-creator=org.apache.tomee.jdbc.TomEEDataSourceCreator'
26-Oct-2025 18:59:09.027 INFO [main] org.apache.openejb.OpenEJB$Instance.<init> ********************************************************************************
26-Oct-2025 18:59:09.028 INFO [main] org.apache.openejb.OpenEJB$Instance.<init> OpenEJB http://tomee.apache.org/
26-Oct-2025 18:59:09.028 INFO [main] org.apache.openejb.OpenEJB$Instance.<init> Startup: Sun Oct 26 18:59:09 GMT 2025
26-Oct-2025 18:59:09.028 INFO [main] org.apache.openejb.OpenEJB$Instance.<init> Copyright 1999-2025 (C) Apache TomEE Project, All Rights Reserved.
26-Oct-2025 18:59:09.028 INFO [main] org.apache.openejb.OpenEJB$Instance.<init> Version: 10.1.0
26-Oct-2025 18:59:09.028 INFO [main] org.apache.openejb.OpenEJB$Instance.<init> Build date: 20250610
26-Oct-2025 18:59:09.028 INFO [main] org.apache.openejb.OpenEJB$Instance.<init> Build time: 04:18
26-Oct-2025 18:59:09.028 INFO [main] org.apache.openejb.OpenEJB$Instance.<init> ********************************************************************************
26-Oct-2025 18:59:09.028 INFO [main] org.apache.openejb.OpenEJB$Instance.<init> openejb.home = /usr/local/tomee
26-Oct-2025 18:59:09.028 INFO [main] org.apache.openejb.OpenEJB$Instance.<init> openejb.base = /usr/local/tomee
26-Oct-2025 18:59:09.030 INFO [main] org.apache.openejb.cdi.CdiBuilder.initializeOWB Created new singletonService org.apache.openejb.cdi.ThreadSingletonServiceImpl@7daa0fbd
26-Oct-2025 18:59:09.032 INFO [main] org.apache.openejb.cdi.CdiBuilder.initializeOWB Succeeded in installing singleton service
26-Oct-2025 18:59:09.057 INFO [main] org.apache.openejb.config.ConfigurationFactory.init TomEE configuration file is '/usr/local/tomee/conf/tomee.xml'
26-Oct-2025 18:59:09.085 INFO [main] org.apache.openejb.config.ConfigurationFactory.configureService Configuring Service(id=Tomcat Security Service, type=SecurityService, provider-id=Tomcat Security Service)
26-Oct-2025 18:59:09.087 INFO [main] org.apache.openejb.config.ConfigurationFactory.configureService Configuring Service(id=Default Transaction Manager, type=TransactionManager, provider-id=Default Transaction Manager)
26-Oct-2025 18:59:09.088 INFO [main] org.apache.openejb.util.OptionsLog.info Using 'openejb.system.apps=true'
26-Oct-2025 18:59:09.090 INFO [main] org.apache.openejb.config.ConfigurationFactory.configureService Configuring Service(id=Default Singleton Container, type=Container, provider-id=Default Singleton Container)
26-Oct-2025 18:59:09.111 INFO [main] org.apache.openejb.assembler.classic.Assembler.createRecipe Creating TransactionManager(id=Default Transaction Manager)
26-Oct-2025 18:59:09.144 INFO [main] org.apache.openejb.assembler.classic.Assembler.createRecipe Creating SecurityService(id=Tomcat Security Service)
26-Oct-2025 18:59:09.157 INFO [main] org.apache.openejb.assembler.classic.Assembler.createRecipe Creating Container(id=Default Singleton Container)
26-Oct-2025 18:59:09.168 INFO [main] org.apache.openejb.assembler.classic.Assembler.createApplication Assembling app: openejb
26-Oct-2025 18:59:09.229 INFO [main] org.apache.openejb.util.OptionsLog.info Using 'openejb.jndiname.format={deploymentId}{interfaceType.openejbLegacyName}'
26-Oct-2025 18:59:09.236 INFO [main] org.apache.openejb.assembler.classic.JndiBuilder.bind Jndi(name=openejb/DeployerBusinessRemote) --> Ejb(deployment-id=openejb/Deployer)
26-Oct-2025 18:59:09.236 INFO [main] org.apache.openejb.assembler.classic.JndiBuilder.bind Jndi(name=global/openejb/openejb/openejb/Deployer!org.apache.openejb.assembler.Deployer) --> Ejb(deployment-id=openejb/Deployer)
26-Oct-2025 18:59:09.237 INFO [main] org.apache.openejb.assembler.classic.JndiBuilder.bind Jndi(name=global/openejb/openejb/openejb/Deployer) --> Ejb(deployment-id=openejb/Deployer)
26-Oct-2025 18:59:09.238 INFO [main] org.apache.openejb.assembler.classic.JndiBuilder.bind Jndi(name=openejb/ConfigurationInfoBusinessRemote) --> Ejb(deployment-id=openejb/ConfigurationInfo)
26-Oct-2025 18:59:09.238 INFO [main] org.apache.openejb.assembler.classic.JndiBuilder.bind Jndi(name=global/openejb/openejb/openejb/Deployer!org.apache.openejb.assembler.classic.cmd.ConfigurationInfo) --> Ejb(deployment-id=openejb/ConfigurationInfo)
26-Oct-2025 18:59:09.246 INFO [main] org.apache.openejb.assembler.classic.Assembler.startEjbs Created Ejb(deployment-id=openejb/ConfigurationInfo, ejb-name=openejb/Deployer, container=Default Singleton Container)
26-Oct-2025 18:59:09.248 INFO [main] org.apache.openejb.assembler.classic.Assembler.startEjbs Created Ejb(deployment-id=openejb/Deployer, ejb-name=openejb/Deployer, container=Default Singleton Container)
26-Oct-2025 18:59:09.248 INFO [main] org.apache.openejb.assembler.classic.Assembler.startEjbs Started Ejb(deployment-id=openejb/ConfigurationInfo, ejb-name=openejb/Deployer, container=Default Singleton Container)
26-Oct-2025 18:59:09.248 INFO [main] org.apache.openejb.assembler.classic.Assembler.startEjbs Started Ejb(deployment-id=openejb/Deployer, ejb-name=openejb/Deployer, container=Default Singleton Container)
26-Oct-2025 18:59:09.252 INFO [main] org.apache.openejb.assembler.classic.Assembler.deployMBean Deployed MBean(openejb.user.mbeans:application=openejb,group=org.apache.openejb.assembler.monitoring,name=JMXDeployer)
26-Oct-2025 18:59:09.254 WARNING [main] org.apache.batchee.container.services.ServicesManager.init You didn't specify org.apache.batchee.jmx.application and JMX is already registered, skipping
26-Oct-2025 18:59:09.255 INFO [main] org.apache.openejb.assembler.classic.Assembler.createApplication Deployed Application(path=openejb)
26-Oct-2025 18:59:09.279 INFO [main] org.apache.openejb.server.ServiceManager.initServer Creating ServerService(id=cxf)
26-Oct-2025 18:59:09.382 INFO [main] org.apache.openejb.server.ServiceManager.initServer Creating ServerService(id=cxf-rs)
26-Oct-2025 18:59:09.415 INFO [main] org.apache.openejb.server.SimpleServiceManager.start   ** Bound Services **
26-Oct-2025 18:59:09.416 INFO [main] org.apache.openejb.server.SimpleServiceManager.printRow   NAME                 IP              PORT  
26-Oct-2025 18:59:09.416 INFO [main] org.apache.openejb.server.SimpleServiceManager.start -------
26-Oct-2025 18:59:09.416 INFO [main] org.apache.openejb.server.SimpleServiceManager.start Ready!
26-Oct-2025 18:59:09.416 INFO [main] jdk.internal.reflect.DelegatingMethodAccessorImpl.invoke Server initialization in [865] milliseconds
26-Oct-2025 18:59:09.436 INFO [main] org.apache.tomee.catalina.OpenEJBNamingContextListener.bindResource Importing a Tomcat Resource with id 'UserDatabase' of type 'org.apache.catalina.UserDatabase'.
26-Oct-2025 18:59:09.439 INFO [main] org.apache.openejb.assembler.classic.Assembler.createRecipe Creating Resource(id=UserDatabase)
26-Oct-2025 18:59:09.458 INFO [main] jdk.internal.reflect.DelegatingMethodAccessorImpl.invoke Starting service [Catalina]
26-Oct-2025 18:59:09.459 INFO [main] jdk.internal.reflect.DelegatingMethodAccessorImpl.invoke Starting Servlet engine: [Apache Tomcat (TomEE)/10.1.42 (10.1.0)]
26-Oct-2025 18:59:09.468 INFO [main] jdk.internal.reflect.DelegatingMethodAccessorImpl.invoke Deploying web application archive [/usr/local/tomee/webapps/ROOT.war]
26-Oct-2025 18:59:09.473 INFO [main] org.apache.tomee.catalina.TomcatWebAppBuilder.init ------------------------- localhost -> /
26-Oct-2025 18:59:09.586 INFO [main] org.apache.openejb.util.OptionsLog.info Using 'tomee.mp.cdi.extensions=io.smallrye.config.inject.ConfigExtension,io.smallrye.faulttolerance.FaultToleranceExtension,io.smallrye.metrics.legacyapi.LegacyMetricsExtension,io.smallrye.opentelemetry.implementation.cdi.OpenTelemetryExtension,org.apache.cxf.microprofile.client.cdi.RestClientExtension,org.apache.tomee.microprofile.faulttolerance.MPFaultToleranceCDIExtension,org.apache.tomee.microprofile.health.MPHealthCDIExtension,org.apache.tomee.microprofile.jwt.cdi.MPJWTCDIExtension,org.apache.tomee.microprofile.opentelemetry.MPOpenTelemetryCDIExtension'
26-Oct-2025 18:59:09.654 INFO [main] org.apache.openejb.config.ConfigurationFactory.configureApplication Configuring enterprise application: /usr/local/tomee/webapps/ROOT
26-Oct-2025 18:59:09.713 INFO [main] org.apache.openejb.config.InitEjbDeployments.deploy Auto-deploying ejb ChangeServiceImpl: EjbDeployment(deployment-id=ChangeServiceImpl)
26-Oct-2025 18:59:09.714 INFO [main] org.apache.openejb.config.InitEjbDeployments.deploy Auto-deploying ejb ChangeRemoteServiceImpl: EjbDeployment(deployment-id=ChangeRemoteServiceImpl)
26-Oct-2025 18:59:09.717 INFO [main] org.apache.openejb.config.ConfigurationFactory.configureService Configuring Service(id=Default Stateless Container, type=Container, provider-id=Default Stateless Container)
26-Oct-2025 18:59:09.717 INFO [main] org.apache.openejb.config.AutoConfig.createContainer Auto-creating a container for bean ChangeServiceImpl: Container(type=STATELESS, id=Default Stateless Container)
26-Oct-2025 18:59:09.717 INFO [main] org.apache.openejb.assembler.classic.Assembler.createRecipe Creating Container(id=Default Stateless Container)
26-Oct-2025 18:59:09.723 INFO [main] org.apache.openejb.config.ConfigurationFactory.configureService Configuring Service(id=Default Managed Container, type=Container, provider-id=Default Managed Container)
26-Oct-2025 18:59:09.724 INFO [main] org.apache.openejb.config.AutoConfig.createContainer Auto-creating a container for bean .Comp2091439256: Container(type=MANAGED, id=Default Managed Container)
26-Oct-2025 18:59:09.724 INFO [main] org.apache.openejb.assembler.classic.Assembler.createRecipe Creating Container(id=Default Managed Container)
26-Oct-2025 18:59:09.730 INFO [main] org.apache.openejb.core.managed.SimplePassivater.init Using directory /usr/local/tomee/temp for stateful session passivation
26-Oct-2025 18:59:09.745 INFO [main] org.apache.openejb.config.AppInfoBuilder.build Enterprise application "/usr/local/tomee/webapps/ROOT" loaded.
26-Oct-2025 18:59:09.746 INFO [main] org.apache.openejb.assembler.classic.Assembler.createApplication Assembling app: /usr/local/tomee/webapps/ROOT
26-Oct-2025 18:59:09.760 INFO [main] org.apache.openejb.assembler.classic.JndiBuilder.bind Jndi(name=ChangeServiceImplLocal) --> Ejb(deployment-id=ChangeServiceImpl)
26-Oct-2025 18:59:09.760 INFO [main] org.apache.openejb.assembler.classic.JndiBuilder.bind Jndi(name=global/ChangeServiceImpl!mg.razherana.banking.change.services.changeServices.ChangeService) --> Ejb(deployment-id=ChangeServiceImpl)
26-Oct-2025 18:59:09.760 INFO [main] org.apache.openejb.assembler.classic.JndiBuilder.bind Jndi(name=global/ChangeServiceImpl) --> Ejb(deployment-id=ChangeServiceImpl)
26-Oct-2025 18:59:09.760 INFO [main] org.apache.openejb.assembler.classic.JndiBuilder.bind Jndi(name=ChangeRemoteServiceImplRemote) --> Ejb(deployment-id=ChangeRemoteServiceImpl)
26-Oct-2025 18:59:09.760 INFO [main] org.apache.openejb.assembler.classic.JndiBuilder.bind Jndi(name=global//ChangeRemoteServiceImpl!mg.razherana.banking.change.services.changeServices.ChangeRemoteService) --> Ejb(deployment-id=ChangeRemoteServiceImpl)
26-Oct-2025 18:59:09.761 INFO [main] org.apache.openejb.assembler.classic.JndiBuilder.bind Jndi(name=global/ChangeRemoteServiceImpl!mg.razherana.banking.change.services.changeServices.ChangeRemoteService) --> Ejb(deployment-id=ChangeRemoteServiceImpl)
26-Oct-2025 18:59:09.761 INFO [main] org.apache.openejb.assembler.classic.JndiBuilder.bind Jndi(name=global/ChangeRemoteServiceImpl) --> Ejb(deployment-id=ChangeRemoteServiceImpl)
26-Oct-2025 18:59:09.782 INFO [main] org.apache.openejb.cdi.CdiBuilder.initSingleton Existing thread singleton service in SystemInstance(): org.apache.openejb.cdi.ThreadSingletonServiceImpl@7daa0fbd
26-Oct-2025 18:59:09.840 INFO [main] org.apache.openejb.cdi.OpenEJBLifecycle.startApplication OpenWebBeans Container is starting...
26-Oct-2025 18:59:09.844 INFO [main] org.apache.webbeans.plugins.PluginLoader.startUp Adding OpenWebBeansPlugin : [CdiPlugin]
26-Oct-2025 18:59:09.846 INFO [main] org.apache.openejb.cdi.CdiScanner.handleBda Using annotated mode for file:/usr/local/tomee/webapps/ROOT/WEB-INF/classes/ looking all classes to find CDI beans, maybe think to add a beans.xml if not there or add the jar to exclusions.list
26-Oct-2025 18:59:09.934 INFO [main] org.apache.openejb.util.OptionsLog.info Using 'tomee.mp.cdi.extensions=io.smallrye.config.inject.ConfigExtension,io.smallrye.faulttolerance.FaultToleranceExtension,io.smallrye.metrics.legacyapi.LegacyMetricsExtension,io.smallrye.opentelemetry.implementation.cdi.OpenTelemetryExtension,org.apache.cxf.microprofile.client.cdi.RestClientExtension,org.apache.tomee.microprofile.faulttolerance.MPFaultToleranceCDIExtension,org.apache.tomee.microprofile.health.MPHealthCDIExtension,org.apache.tomee.microprofile.jwt.cdi.MPJWTCDIExtension,org.apache.tomee.microprofile.opentelemetry.MPOpenTelemetryCDIExtension'
26-Oct-2025 18:59:09.934 INFO [main] org.apache.openejb.util.OptionsLog.info Using 'tomee.mp.cdi.extensions=io.smallrye.config.inject.ConfigExtension,io.smallrye.faulttolerance.FaultToleranceExtension,io.smallrye.metrics.legacyapi.LegacyMetricsExtension,io.smallrye.opentelemetry.implementation.cdi.OpenTelemetryExtension,org.apache.cxf.microprofile.client.cdi.RestClientExtension,org.apache.tomee.microprofile.faulttolerance.MPFaultToleranceCDIExtension,org.apache.tomee.microprofile.health.MPHealthCDIExtension,org.apache.tomee.microprofile.jwt.cdi.MPJWTCDIExtension,org.apache.tomee.microprofile.opentelemetry.MPOpenTelemetryCDIExtension'
26-Oct-2025 18:59:09.934 INFO [main] org.apache.openejb.util.OptionsLog.info Using 'tomee.mp.cdi.extensions=io.smallrye.config.inject.ConfigExtension,io.smallrye.faulttolerance.FaultToleranceExtension,io.smallrye.metrics.legacyapi.LegacyMetricsExtension,io.smallrye.opentelemetry.implementation.cdi.OpenTelemetryExtension,org.apache.cxf.microprofile.client.cdi.RestClientExtension,org.apache.tomee.microprofile.faulttolerance.MPFaultToleranceCDIExtension,org.apache.tomee.microprofile.health.MPHealthCDIExtension,org.apache.tomee.microprofile.jwt.cdi.MPJWTCDIExtension,org.apache.tomee.microprofile.opentelemetry.MPOpenTelemetryCDIExtension'
26-Oct-2025 18:59:09.934 INFO [main] org.apache.openejb.util.OptionsLog.info Using 'tomee.mp.cdi.extensions=io.smallrye.config.inject.ConfigExtension,io.smallrye.faulttolerance.FaultToleranceExtension,io.smallrye.metrics.legacyapi.LegacyMetricsExtension,io.smallrye.opentelemetry.implementation.cdi.OpenTelemetryExtension,org.apache.cxf.microprofile.client.cdi.RestClientExtension,org.apache.tomee.microprofile.faulttolerance.MPFaultToleranceCDIExtension,org.apache.tomee.microprofile.health.MPHealthCDIExtension,org.apache.tomee.microprofile.jwt.cdi.MPJWTCDIExtension,org.apache.tomee.microprofile.opentelemetry.MPOpenTelemetryCDIExtension'
26-Oct-2025 18:59:09.934 INFO [main] org.apache.openejb.util.OptionsLog.info Using 'tomee.mp.cdi.extensions=io.smallrye.config.inject.ConfigExtension,io.smallrye.faulttolerance.FaultToleranceExtension,io.smallrye.metrics.legacyapi.LegacyMetricsExtension,io.smallrye.opentelemetry.implementation.cdi.OpenTelemetryExtension,org.apache.cxf.microprofile.client.cdi.RestClientExtension,org.apache.tomee.microprofile.faulttolerance.MPFaultToleranceCDIExtension,org.apache.tomee.microprofile.health.MPHealthCDIExtension,org.apache.tomee.microprofile.jwt.cdi.MPJWTCDIExtension,org.apache.tomee.microprofile.opentelemetry.MPOpenTelemetryCDIExtension'
26-Oct-2025 18:59:09.935 INFO [main] org.apache.openejb.util.OptionsLog.info Using 'tomee.mp.cdi.extensions=io.smallrye.config.inject.ConfigExtension,io.smallrye.faulttolerance.FaultToleranceExtension,io.smallrye.metrics.legacyapi.LegacyMetricsExtension,io.smallrye.opentelemetry.implementation.cdi.OpenTelemetryExtension,org.apache.cxf.microprofile.client.cdi.RestClientExtension,org.apache.tomee.microprofile.faulttolerance.MPFaultToleranceCDIExtension,org.apache.tomee.microprofile.health.MPHealthCDIExtension,org.apache.tomee.microprofile.jwt.cdi.MPJWTCDIExtension,org.apache.tomee.microprofile.opentelemetry.MPOpenTelemetryCDIExtension'
26-Oct-2025 18:59:09.935 INFO [main] org.apache.openejb.util.OptionsLog.info Using 'tomee.mp.cdi.extensions=io.smallrye.config.inject.ConfigExtension,io.smallrye.faulttolerance.FaultToleranceExtension,io.smallrye.metrics.legacyapi.LegacyMetricsExtension,io.smallrye.opentelemetry.implementation.cdi.OpenTelemetryExtension,org.apache.cxf.microprofile.client.cdi.RestClientExtension,org.apache.tomee.microprofile.faulttolerance.MPFaultToleranceCDIExtension,org.apache.tomee.microprofile.health.MPHealthCDIExtension,org.apache.tomee.microprofile.jwt.cdi.MPJWTCDIExtension,org.apache.tomee.microprofile.opentelemetry.MPOpenTelemetryCDIExtension'
26-Oct-2025 18:59:09.935 INFO [main] org.apache.openejb.util.OptionsLog.info Using 'tomee.mp.cdi.extensions=io.smallrye.config.inject.ConfigExtension,io.smallrye.faulttolerance.FaultToleranceExtension,io.smallrye.metrics.legacyapi.LegacyMetricsExtension,io.smallrye.opentelemetry.implementation.cdi.OpenTelemetryExtension,org.apache.cxf.microprofile.client.cdi.RestClientExtension,org.apache.tomee.microprofile.faulttolerance.MPFaultToleranceCDIExtension,org.apache.tomee.microprofile.health.MPHealthCDIExtension,org.apache.tomee.microprofile.jwt.cdi.MPJWTCDIExtension,org.apache.tomee.microprofile.opentelemetry.MPOpenTelemetryCDIExtension'
26-Oct-2025 18:59:09.935 INFO [main] org.apache.openejb.util.OptionsLog.info Using 'tomee.mp.cdi.extensions=io.smallrye.config.inject.ConfigExtension,io.smallrye.faulttolerance.FaultToleranceExtension,io.smallrye.metrics.legacyapi.LegacyMetricsExtension,io.smallrye.opentelemetry.implementation.cdi.OpenTelemetryExtension,org.apache.cxf.microprofile.client.cdi.RestClientExtension,org.apache.tomee.microprofile.faulttolerance.MPFaultToleranceCDIExtension,org.apache.tomee.microprofile.health.MPHealthCDIExtension,org.apache.tomee.microprofile.jwt.cdi.MPJWTCDIExtension,org.apache.tomee.microprofile.opentelemetry.MPOpenTelemetryCDIExtension'
26-Oct-2025 18:59:09.935 INFO [main] org.apache.openejb.util.OptionsLog.info Using 'tomee.mp.cdi.extensions=io.smallrye.config.inject.ConfigExtension,io.smallrye.faulttolerance.FaultToleranceExtension,io.smallrye.metrics.legacyapi.LegacyMetricsExtension,io.smallrye.opentelemetry.implementation.cdi.OpenTelemetryExtension,org.apache.cxf.microprofile.client.cdi.RestClientExtension,org.apache.tomee.microprofile.faulttolerance.MPFaultToleranceCDIExtension,org.apache.tomee.microprofile.health.MPHealthCDIExtension,org.apache.tomee.microprofile.jwt.cdi.MPJWTCDIExtension,org.apache.tomee.microprofile.opentelemetry.MPOpenTelemetryCDIExtension'
26-Oct-2025 18:59:10.140 INFO [main] org.apache.webbeans.config.BeansDeployer.validateInjectionPoints All injection points were validated successfully.
26-Oct-2025 18:59:10.144 INFO [main] org.apache.openejb.cdi.OpenEJBLifecycle.startApplication OpenWebBeans Container has started, it took 304 ms.
26-Oct-2025 18:59:10.147 INFO [main] org.apache.openejb.assembler.classic.ValidatorBuilder.getConfig Ignoring XML Configuration for validator org.apache.bval.jsr.ConfigurationImpl
26-Oct-2025 18:59:10.166 INFO [main] org.apache.openejb.assembler.classic.Assembler.startEjbs Created Ejb(deployment-id=ChangeRemoteServiceImpl, ejb-name=ChangeRemoteServiceImpl, container=Default Stateless Container)
26-Oct-2025 18:59:10.169 INFO [main] org.apache.openejb.assembler.classic.Assembler.startEjbs Created Ejb(deployment-id=ChangeServiceImpl, ejb-name=ChangeServiceImpl, container=Default Stateless Container)
26-Oct-2025 18:59:10.178 INFO [main] org.apache.openejb.assembler.classic.Assembler.startEjbs Started Ejb(deployment-id=ChangeRemoteServiceImpl, ejb-name=ChangeRemoteServiceImpl, container=Default Stateless Container)
26-Oct-2025 18:59:10.181 INFO [main] org.apache.openejb.assembler.classic.Assembler.startEjbs Started Ejb(deployment-id=ChangeServiceImpl, ejb-name=ChangeServiceImpl, container=Default Stateless Container)
26-Oct-2025 18:59:10.183 WARNING [main] org.apache.batchee.container.services.ServicesManager.init You didn't specify org.apache.batchee.jmx.application and JMX is already registered, skipping
26-Oct-2025 18:59:10.183 INFO [main] org.apache.openejb.assembler.classic.Assembler.createApplication Deployed Application(path=/usr/local/tomee/webapps/ROOT)
26-Oct-2025 18:59:10.316 INFO [main] org.apache.jasper.servlet.TldScanner.scanJars At least one JAR was scanned for TLDs yet contained no TLDs. Enable debug logging for this logger for a complete list of JARs that were scanned but no TLDs were found in them. Skipping unneeded JARs during scanning can improve startup time and JSP compilation time.
26-Oct-2025 18:59:10.358 INFO [main] jdk.internal.reflect.DelegatingMethodAccessorImpl.invoke Deployment of web application archive [/usr/local/tomee/webapps/ROOT.war] has finished in [890] ms
26-Oct-2025 18:59:10.368 INFO [main] jdk.internal.reflect.DelegatingMethodAccessorImpl.invoke Starting ProtocolHandler ["http-nio-0.0.0.0-8080"]
26-Oct-2025 18:59:10.377 INFO [main] jdk.internal.reflect.DelegatingMethodAccessorImpl.invoke Server startup in [960] milliseconds
26-Oct-2025 19:59:37.007 INFO [Thread-22] jdk.internal.reflect.DelegatingMethodAccessorImpl.invoke Pausing ProtocolHandler ["http-nio-0.0.0.0-8080"]
26-Oct-2025 19:59:37.009 INFO [Thread-22] jdk.internal.reflect.DelegatingMethodAccessorImpl.invoke Stopping service [Catalina]
26-Oct-2025 19:59:37.013 INFO [Thread-22] org.apache.openejb.assembler.classic.Assembler.destroyApplication Undeploying app: /usr/local/tomee/webapps/ROOT
26-Oct-2025 19:59:37.037 INFO [Thread-22] jdk.internal.reflect.DelegatingMethodAccessorImpl.invoke Stopping ProtocolHandler ["http-nio-0.0.0.0-8080"]
26-Oct-2025 19:59:37.046 INFO [Thread-22] org.apache.openejb.server.SimpleServiceManager.stop Stopping server services
26-Oct-2025 19:59:37.051 INFO [Thread-22] org.apache.openejb.assembler.classic.Assembler.destroyApplication Undeploying app: openejb
26-Oct-2025 19:59:37.052 SEVERE [Thread-22] org.apache.openejb.core.singleton.SingletonInstanceManager.undeploy Unable to unregister MBean openejb.management:J2EEServer=openejb,J2EEApplication=<empty>,EJBModule=openejb,SingletonSessionBean=openejb/Deployer,name=openejb/Deployer,j2eeType=Invocations
26-Oct-2025 19:59:37.057 INFO [Thread-22] jdk.internal.reflect.DelegatingMethodAccessorImpl.invoke Destroying ProtocolHandler ["http-nio-0.0.0.0-8080"]
26-Oct-2025 20:19:05.364 INFO [main] org.apache.openejb.persistence.PersistenceBootstrap.getDefaultProvider Default JPA Provider changed to org.eclipse.persistence.jpa.PersistenceProvider specified by jar:file:/usr/local/tomee/lib/openejb-core-eclipselink-10.1.0.jar!/META-INF/org.apache.openejb.persistence.PersistenceBootstrap.provider
26-Oct-2025 20:19:05.523 INFO [main] jdk.internal.reflect.NativeMethodAccessorImpl.invoke Server version name:   Apache Tomcat (TomEE)/10.1.42 (10.1.0)
26-Oct-2025 20:19:05.523 INFO [main] jdk.internal.reflect.NativeMethodAccessorImpl.invoke Server built:          Jun 5 2025 22:35:46 UTC
26-Oct-2025 20:19:05.523 INFO [main] jdk.internal.reflect.NativeMethodAccessorImpl.invoke Server version number: 10.1.42.0
26-Oct-2025 20:19:05.523 INFO [main] jdk.internal.reflect.NativeMethodAccessorImpl.invoke OS Name:               Linux
26-Oct-2025 20:19:05.523 INFO [main] jdk.internal.reflect.NativeMethodAccessorImpl.invoke OS Version:            6.10.14-linuxkit
26-Oct-2025 20:19:05.523 INFO [main] jdk.internal.reflect.NativeMethodAccessorImpl.invoke Architecture:          amd64
26-Oct-2025 20:19:05.523 INFO [main] jdk.internal.reflect.NativeMethodAccessorImpl.invoke Java Home:             /opt/java/openjdk
26-Oct-2025 20:19:05.523 INFO [main] jdk.internal.reflect.NativeMethodAccessorImpl.invoke JVM Version:           17.0.16+8
26-Oct-2025 20:19:05.523 INFO [main] jdk.internal.reflect.NativeMethodAccessorImpl.invoke JVM Vendor:            Eclipse Adoptium
26-Oct-2025 20:19:05.523 INFO [main] jdk.internal.reflect.NativeMethodAccessorImpl.invoke CATALINA_BASE:         /usr/local/tomee
26-Oct-2025 20:19:05.523 INFO [main] jdk.internal.reflect.NativeMethodAccessorImpl.invoke CATALINA_HOME:         /usr/local/tomee
26-Oct-2025 20:19:05.524 INFO [main] jdk.internal.reflect.NativeMethodAccessorImpl.invoke Command line argument: -Djava.util.logging.config.file=/usr/local/tomee/conf/logging.properties
26-Oct-2025 20:19:05.524 INFO [main] jdk.internal.reflect.NativeMethodAccessorImpl.invoke Command line argument: -Djava.util.logging.manager=org.apache.juli.ClassLoaderLogManager
26-Oct-2025 20:19:05.524 INFO [main] jdk.internal.reflect.NativeMethodAccessorImpl.invoke Command line argument: -javaagent:/usr/local/tomee/lib/openejb-javaagent.jar
26-Oct-2025 20:19:05.524 INFO [main] jdk.internal.reflect.NativeMethodAccessorImpl.invoke Command line argument: -Djdk.tls.ephemeralDHKeySize=2048
26-Oct-2025 20:19:05.524 INFO [main] jdk.internal.reflect.NativeMethodAccessorImpl.invoke Command line argument: -Djava.protocol.handler.pkgs=org.apache.catalina.webresources
26-Oct-2025 20:19:05.524 INFO [main] jdk.internal.reflect.DelegatingMethodAccessorImpl.invoke Command line argument: -Dsun.io.useCanonCaches=false
26-Oct-2025 20:19:05.524 INFO [main] jdk.internal.reflect.DelegatingMethodAccessorImpl.invoke Command line argument: -Dorg.apache.catalina.security.SecurityListener.UMASK=0027
26-Oct-2025 20:19:05.524 INFO [main] jdk.internal.reflect.DelegatingMethodAccessorImpl.invoke Command line argument: --add-opens=java.base/java.lang=ALL-UNNAMED
26-Oct-2025 20:19:05.524 INFO [main] jdk.internal.reflect.DelegatingMethodAccessorImpl.invoke Command line argument: --add-opens=java.base/java.lang.reflect=ALL-UNNAMED
26-Oct-2025 20:19:05.524 INFO [main] jdk.internal.reflect.DelegatingMethodAccessorImpl.invoke Command line argument: --add-opens=java.base/java.io=ALL-UNNAMED
26-Oct-2025 20:19:05.525 INFO [main] jdk.internal.reflect.DelegatingMethodAccessorImpl.invoke Command line argument: --add-opens=java.base/java.util=ALL-UNNAMED
26-Oct-2025 20:19:05.525 INFO [main] jdk.internal.reflect.DelegatingMethodAccessorImpl.invoke Command line argument: --add-opens=java.base/java.util.concurrent=ALL-UNNAMED
26-Oct-2025 20:19:05.525 INFO [main] jdk.internal.reflect.DelegatingMethodAccessorImpl.invoke Command line argument: --add-opens=java.rmi/sun.rmi.transport=ALL-UNNAMED
26-Oct-2025 20:19:05.525 INFO [main] jdk.internal.reflect.DelegatingMethodAccessorImpl.invoke Command line argument: -Xmx512m
26-Oct-2025 20:19:05.525 INFO [main] jdk.internal.reflect.DelegatingMethodAccessorImpl.invoke Command line argument: -Dtomee.remote.support=true
26-Oct-2025 20:19:05.525 INFO [main] jdk.internal.reflect.DelegatingMethodAccessorImpl.invoke Command line argument: -Dopenejb.cdi.activated=true
26-Oct-2025 20:19:05.525 INFO [main] jdk.internal.reflect.DelegatingMethodAccessorImpl.invoke Command line argument: -Dtomee.serialization.class.blacklist=-
26-Oct-2025 20:19:05.525 INFO [main] jdk.internal.reflect.DelegatingMethodAccessorImpl.invoke Command line argument: -Dopenejb.system.apps=true
26-Oct-2025 20:19:05.525 INFO [main] jdk.internal.reflect.DelegatingMethodAccessorImpl.invoke Command line argument: -Dcatalina.base=/usr/local/tomee
26-Oct-2025 20:19:05.525 INFO [main] jdk.internal.reflect.DelegatingMethodAccessorImpl.invoke Command line argument: -Dcatalina.home=/usr/local/tomee
26-Oct-2025 20:19:05.525 INFO [main] jdk.internal.reflect.DelegatingMethodAccessorImpl.invoke Command line argument: -Djava.io.tmpdir=/usr/local/tomee/temp
26-Oct-2025 20:19:05.527 INFO [main] jdk.internal.reflect.DelegatingMethodAccessorImpl.invoke The Apache Tomcat Native library which allows using OpenSSL was not found on the java.library.path: [/opt/java/openjdk/lib/server:/opt/java/openjdk/lib:/opt/java/openjdk/../lib:/usr/java/packages/lib:/usr/lib64:/lib64:/lib:/usr/lib]
26-Oct-2025 20:19:05.670 INFO [main] jdk.internal.reflect.DelegatingMethodAccessorImpl.invoke Initializing ProtocolHandler ["http-nio-0.0.0.0-8080"]
26-Oct-2025 20:19:05.827 INFO [main] org.apache.openejb.util.OptionsLog.info Using 'tomee.remote.support=true'
26-Oct-2025 20:19:05.833 INFO [main] org.apache.openejb.util.OptionsLog.info Using 'openejb.jdbc.datasource-creator=org.apache.tomee.jdbc.TomEEDataSourceCreator'
26-Oct-2025 20:19:05.901 INFO [main] org.apache.openejb.OpenEJB$Instance.<init> ********************************************************************************
26-Oct-2025 20:19:05.901 INFO [main] org.apache.openejb.OpenEJB$Instance.<init> OpenEJB http://tomee.apache.org/
26-Oct-2025 20:19:05.901 INFO [main] org.apache.openejb.OpenEJB$Instance.<init> Startup: Sun Oct 26 20:19:05 GMT 2025
26-Oct-2025 20:19:05.901 INFO [main] org.apache.openejb.OpenEJB$Instance.<init> Copyright 1999-2025 (C) Apache TomEE Project, All Rights Reserved.
26-Oct-2025 20:19:05.902 INFO [main] org.apache.openejb.OpenEJB$Instance.<init> Version: 10.1.0
26-Oct-2025 20:19:05.902 INFO [main] org.apache.openejb.OpenEJB$Instance.<init> Build date: 20250610
26-Oct-2025 20:19:05.902 INFO [main] org.apache.openejb.OpenEJB$Instance.<init> Build time: 04:18
26-Oct-2025 20:19:05.902 INFO [main] org.apache.openejb.OpenEJB$Instance.<init> ********************************************************************************
26-Oct-2025 20:19:05.902 INFO [main] org.apache.openejb.OpenEJB$Instance.<init> openejb.home = /usr/local/tomee
26-Oct-2025 20:19:05.902 INFO [main] org.apache.openejb.OpenEJB$Instance.<init> openejb.base = /usr/local/tomee
26-Oct-2025 20:19:05.905 INFO [main] org.apache.openejb.cdi.CdiBuilder.initializeOWB Created new singletonService org.apache.openejb.cdi.ThreadSingletonServiceImpl@7daa0fbd
26-Oct-2025 20:19:05.907 INFO [main] org.apache.openejb.cdi.CdiBuilder.initializeOWB Succeeded in installing singleton service
26-Oct-2025 20:19:05.940 INFO [main] org.apache.openejb.config.ConfigurationFactory.init TomEE configuration file is '/usr/local/tomee/conf/tomee.xml'
26-Oct-2025 20:19:05.965 INFO [main] org.apache.openejb.config.ConfigurationFactory.configureService Configuring Service(id=Tomcat Security Service, type=SecurityService, provider-id=Tomcat Security Service)
26-Oct-2025 20:19:05.967 INFO [main] org.apache.openejb.config.ConfigurationFactory.configureService Configuring Service(id=Default Transaction Manager, type=TransactionManager, provider-id=Default Transaction Manager)
26-Oct-2025 20:19:05.969 INFO [main] org.apache.openejb.util.OptionsLog.info Using 'openejb.system.apps=true'
26-Oct-2025 20:19:05.972 INFO [main] org.apache.openejb.config.ConfigurationFactory.configureService Configuring Service(id=Default Singleton Container, type=Container, provider-id=Default Singleton Container)
26-Oct-2025 20:19:05.992 INFO [main] org.apache.openejb.assembler.classic.Assembler.createRecipe Creating TransactionManager(id=Default Transaction Manager)
26-Oct-2025 20:19:06.028 INFO [main] org.apache.openejb.assembler.classic.Assembler.createRecipe Creating SecurityService(id=Tomcat Security Service)
26-Oct-2025 20:19:06.043 INFO [main] org.apache.openejb.assembler.classic.Assembler.createRecipe Creating Container(id=Default Singleton Container)
26-Oct-2025 20:19:06.060 INFO [main] org.apache.openejb.assembler.classic.Assembler.createApplication Assembling app: openejb
26-Oct-2025 20:19:06.132 INFO [main] org.apache.openejb.util.OptionsLog.info Using 'openejb.jndiname.format={deploymentId}{interfaceType.openejbLegacyName}'
26-Oct-2025 20:19:06.139 INFO [main] org.apache.openejb.assembler.classic.JndiBuilder.bind Jndi(name=openejb/DeployerBusinessRemote) --> Ejb(deployment-id=openejb/Deployer)
26-Oct-2025 20:19:06.139 INFO [main] org.apache.openejb.assembler.classic.JndiBuilder.bind Jndi(name=global/openejb/openejb/openejb/Deployer!org.apache.openejb.assembler.Deployer) --> Ejb(deployment-id=openejb/Deployer)
26-Oct-2025 20:19:06.140 INFO [main] org.apache.openejb.assembler.classic.JndiBuilder.bind Jndi(name=global/openejb/openejb/openejb/Deployer) --> Ejb(deployment-id=openejb/Deployer)
26-Oct-2025 20:19:06.141 INFO [main] org.apache.openejb.assembler.classic.JndiBuilder.bind Jndi(name=openejb/ConfigurationInfoBusinessRemote) --> Ejb(deployment-id=openejb/ConfigurationInfo)
26-Oct-2025 20:19:06.141 INFO [main] org.apache.openejb.assembler.classic.JndiBuilder.bind Jndi(name=global/openejb/openejb/openejb/Deployer!org.apache.openejb.assembler.classic.cmd.ConfigurationInfo) --> Ejb(deployment-id=openejb/ConfigurationInfo)
26-Oct-2025 20:19:06.149 INFO [main] org.apache.openejb.assembler.classic.Assembler.startEjbs Created Ejb(deployment-id=openejb/ConfigurationInfo, ejb-name=openejb/Deployer, container=Default Singleton Container)
26-Oct-2025 20:19:06.150 INFO [main] org.apache.openejb.assembler.classic.Assembler.startEjbs Created Ejb(deployment-id=openejb/Deployer, ejb-name=openejb/Deployer, container=Default Singleton Container)
26-Oct-2025 20:19:06.151 INFO [main] org.apache.openejb.assembler.classic.Assembler.startEjbs Started Ejb(deployment-id=openejb/ConfigurationInfo, ejb-name=openejb/Deployer, container=Default Singleton Container)
26-Oct-2025 20:19:06.151 INFO [main] org.apache.openejb.assembler.classic.Assembler.startEjbs Started Ejb(deployment-id=openejb/Deployer, ejb-name=openejb/Deployer, container=Default Singleton Container)
26-Oct-2025 20:19:06.155 INFO [main] org.apache.openejb.assembler.classic.Assembler.deployMBean Deployed MBean(openejb.user.mbeans:application=openejb,group=org.apache.openejb.assembler.monitoring,name=JMXDeployer)
26-Oct-2025 20:19:06.157 WARNING [main] org.apache.batchee.container.services.ServicesManager.init You didn't specify org.apache.batchee.jmx.application and JMX is already registered, skipping
26-Oct-2025 20:19:06.157 INFO [main] org.apache.openejb.assembler.classic.Assembler.createApplication Deployed Application(path=openejb)
26-Oct-2025 20:19:06.184 INFO [main] org.apache.openejb.server.ServiceManager.initServer Creating ServerService(id=cxf)
26-Oct-2025 20:19:06.289 INFO [main] org.apache.openejb.server.ServiceManager.initServer Creating ServerService(id=cxf-rs)
26-Oct-2025 20:19:06.332 INFO [main] org.apache.openejb.server.SimpleServiceManager.start   ** Bound Services **
26-Oct-2025 20:19:06.332 INFO [main] org.apache.openejb.server.SimpleServiceManager.printRow   NAME                 IP              PORT  
26-Oct-2025 20:19:06.332 INFO [main] org.apache.openejb.server.SimpleServiceManager.start -------
26-Oct-2025 20:19:06.332 INFO [main] org.apache.openejb.server.SimpleServiceManager.start Ready!
26-Oct-2025 20:19:06.333 INFO [main] jdk.internal.reflect.DelegatingMethodAccessorImpl.invoke Server initialization in [947] milliseconds
26-Oct-2025 20:19:06.361 INFO [main] org.apache.tomee.catalina.OpenEJBNamingContextListener.bindResource Importing a Tomcat Resource with id 'UserDatabase' of type 'org.apache.catalina.UserDatabase'.
26-Oct-2025 20:19:06.366 INFO [main] org.apache.openejb.assembler.classic.Assembler.createRecipe Creating Resource(id=UserDatabase)
26-Oct-2025 20:19:06.387 INFO [main] jdk.internal.reflect.DelegatingMethodAccessorImpl.invoke Starting service [Catalina]
26-Oct-2025 20:19:06.387 INFO [main] jdk.internal.reflect.DelegatingMethodAccessorImpl.invoke Starting Servlet engine: [Apache Tomcat (TomEE)/10.1.42 (10.1.0)]
26-Oct-2025 20:19:06.405 INFO [main] jdk.internal.reflect.DelegatingMethodAccessorImpl.invoke Deploying web application archive [/usr/local/tomee/webapps/ROOT.war]
26-Oct-2025 20:19:06.410 INFO [main] org.apache.tomee.catalina.TomcatWebAppBuilder.init ------------------------- localhost -> /
26-Oct-2025 20:19:06.411 INFO [main] org.apache.openejb.util.JarExtractor.extract Extracting jar: /usr/local/tomee/webapps/ROOT.war
26-Oct-2025 20:19:06.552 INFO [main] org.apache.openejb.util.JarExtractor.extract Extracted path: /usr/local/tomee/webapps/ROOT
26-Oct-2025 20:19:06.669 INFO [main] org.apache.openejb.util.OptionsLog.info Using 'tomee.mp.cdi.extensions=io.smallrye.config.inject.ConfigExtension,io.smallrye.faulttolerance.FaultToleranceExtension,io.smallrye.metrics.legacyapi.LegacyMetricsExtension,io.smallrye.opentelemetry.implementation.cdi.OpenTelemetryExtension,org.apache.cxf.microprofile.client.cdi.RestClientExtension,org.apache.tomee.microprofile.faulttolerance.MPFaultToleranceCDIExtension,org.apache.tomee.microprofile.health.MPHealthCDIExtension,org.apache.tomee.microprofile.jwt.cdi.MPJWTCDIExtension,org.apache.tomee.microprofile.opentelemetry.MPOpenTelemetryCDIExtension'
26-Oct-2025 20:19:06.730 INFO [main] org.apache.openejb.config.ConfigurationFactory.configureApplication Configuring enterprise application: /usr/local/tomee/webapps/ROOT
26-Oct-2025 20:19:06.784 INFO [main] org.apache.openejb.config.InitEjbDeployments.deploy Auto-deploying ejb ChangeServiceImpl: EjbDeployment(deployment-id=ChangeServiceImpl)
26-Oct-2025 20:19:06.785 INFO [main] org.apache.openejb.config.InitEjbDeployments.deploy Auto-deploying ejb ChangeRemoteServiceImpl: EjbDeployment(deployment-id=ChangeRemoteServiceImpl)
26-Oct-2025 20:19:06.787 INFO [main] org.apache.openejb.config.ConfigurationFactory.configureService Configuring Service(id=Default Stateless Container, type=Container, provider-id=Default Stateless Container)
26-Oct-2025 20:19:06.788 INFO [main] org.apache.openejb.config.AutoConfig.createContainer Auto-creating a container for bean ChangeServiceImpl: Container(type=STATELESS, id=Default Stateless Container)
26-Oct-2025 20:19:06.788 INFO [main] org.apache.openejb.assembler.classic.Assembler.createRecipe Creating Container(id=Default Stateless Container)
26-Oct-2025 20:19:06.793 INFO [main] org.apache.openejb.config.ConfigurationFactory.configureService Configuring Service(id=Default Managed Container, type=Container, provider-id=Default Managed Container)
26-Oct-2025 20:19:06.794 INFO [main] org.apache.openejb.config.AutoConfig.createContainer Auto-creating a container for bean .Comp1905114489: Container(type=MANAGED, id=Default Managed Container)
26-Oct-2025 20:19:06.794 INFO [main] org.apache.openejb.assembler.classic.Assembler.createRecipe Creating Container(id=Default Managed Container)
26-Oct-2025 20:19:06.801 INFO [main] org.apache.openejb.core.managed.SimplePassivater.init Using directory /usr/local/tomee/temp for stateful session passivation
26-Oct-2025 20:19:06.820 INFO [main] org.apache.openejb.config.AppInfoBuilder.build Enterprise application "/usr/local/tomee/webapps/ROOT" loaded.
26-Oct-2025 20:19:06.820 INFO [main] org.apache.openejb.assembler.classic.Assembler.createApplication Assembling app: /usr/local/tomee/webapps/ROOT
26-Oct-2025 20:19:06.836 INFO [main] org.apache.openejb.assembler.classic.JndiBuilder.bind Jndi(name=ChangeServiceImplLocal) --> Ejb(deployment-id=ChangeServiceImpl)
26-Oct-2025 20:19:06.837 INFO [main] org.apache.openejb.assembler.classic.JndiBuilder.bind Jndi(name=global/ChangeServiceImpl!mg.razherana.banking.change.services.changeServices.ChangeService) --> Ejb(deployment-id=ChangeServiceImpl)
26-Oct-2025 20:19:06.837 INFO [main] org.apache.openejb.assembler.classic.JndiBuilder.bind Jndi(name=global/ChangeServiceImpl) --> Ejb(deployment-id=ChangeServiceImpl)
26-Oct-2025 20:19:06.837 INFO [main] org.apache.openejb.assembler.classic.JndiBuilder.bind Jndi(name=ChangeRemoteServiceImplRemote) --> Ejb(deployment-id=ChangeRemoteServiceImpl)
26-Oct-2025 20:19:06.837 INFO [main] org.apache.openejb.assembler.classic.JndiBuilder.bind Jndi(name=global//ChangeRemoteServiceImpl!mg.razherana.banking.change.services.changeServices.ChangeRemoteService) --> Ejb(deployment-id=ChangeRemoteServiceImpl)
26-Oct-2025 20:19:06.837 INFO [main] org.apache.openejb.assembler.classic.JndiBuilder.bind Jndi(name=global/ChangeRemoteServiceImpl!mg.razherana.banking.change.services.changeServices.ChangeRemoteService) --> Ejb(deployment-id=ChangeRemoteServiceImpl)
26-Oct-2025 20:19:06.837 INFO [main] org.apache.openejb.assembler.classic.JndiBuilder.bind Jndi(name=global/ChangeRemoteServiceImpl) --> Ejb(deployment-id=ChangeRemoteServiceImpl)
26-Oct-2025 20:19:06.859 INFO [main] org.apache.openejb.cdi.CdiBuilder.initSingleton Existing thread singleton service in SystemInstance(): org.apache.openejb.cdi.ThreadSingletonServiceImpl@7daa0fbd
26-Oct-2025 20:19:06.953 INFO [main] org.apache.openejb.cdi.OpenEJBLifecycle.startApplication OpenWebBeans Container is starting...
26-Oct-2025 20:19:06.958 INFO [main] org.apache.webbeans.plugins.PluginLoader.startUp Adding OpenWebBeansPlugin : [CdiPlugin]
26-Oct-2025 20:19:06.961 INFO [main] org.apache.openejb.cdi.CdiScanner.handleBda Using annotated mode for file:/usr/local/tomee/webapps/ROOT/WEB-INF/classes/ looking all classes to find CDI beans, maybe think to add a beans.xml if not there or add the jar to exclusions.list
26-Oct-2025 20:19:07.062 INFO [main] org.apache.openejb.util.OptionsLog.info Using 'tomee.mp.cdi.extensions=io.smallrye.config.inject.ConfigExtension,io.smallrye.faulttolerance.FaultToleranceExtension,io.smallrye.metrics.legacyapi.LegacyMetricsExtension,io.smallrye.opentelemetry.implementation.cdi.OpenTelemetryExtension,org.apache.cxf.microprofile.client.cdi.RestClientExtension,org.apache.tomee.microprofile.faulttolerance.MPFaultToleranceCDIExtension,org.apache.tomee.microprofile.health.MPHealthCDIExtension,org.apache.tomee.microprofile.jwt.cdi.MPJWTCDIExtension,org.apache.tomee.microprofile.opentelemetry.MPOpenTelemetryCDIExtension'
26-Oct-2025 20:19:07.063 INFO [main] org.apache.openejb.util.OptionsLog.info Using 'tomee.mp.cdi.extensions=io.smallrye.config.inject.ConfigExtension,io.smallrye.faulttolerance.FaultToleranceExtension,io.smallrye.metrics.legacyapi.LegacyMetricsExtension,io.smallrye.opentelemetry.implementation.cdi.OpenTelemetryExtension,org.apache.cxf.microprofile.client.cdi.RestClientExtension,org.apache.tomee.microprofile.faulttolerance.MPFaultToleranceCDIExtension,org.apache.tomee.microprofile.health.MPHealthCDIExtension,org.apache.tomee.microprofile.jwt.cdi.MPJWTCDIExtension,org.apache.tomee.microprofile.opentelemetry.MPOpenTelemetryCDIExtension'
26-Oct-2025 20:19:07.063 INFO [main] org.apache.openejb.util.OptionsLog.info Using 'tomee.mp.cdi.extensions=io.smallrye.config.inject.ConfigExtension,io.smallrye.faulttolerance.FaultToleranceExtension,io.smallrye.metrics.legacyapi.LegacyMetricsExtension,io.smallrye.opentelemetry.implementation.cdi.OpenTelemetryExtension,org.apache.cxf.microprofile.client.cdi.RestClientExtension,org.apache.tomee.microprofile.faulttolerance.MPFaultToleranceCDIExtension,org.apache.tomee.microprofile.health.MPHealthCDIExtension,org.apache.tomee.microprofile.jwt.cdi.MPJWTCDIExtension,org.apache.tomee.microprofile.opentelemetry.MPOpenTelemetryCDIExtension'
26-Oct-2025 20:19:07.063 INFO [main] org.apache.openejb.util.OptionsLog.info Using 'tomee.mp.cdi.extensions=io.smallrye.config.inject.ConfigExtension,io.smallrye.faulttolerance.FaultToleranceExtension,io.smallrye.metrics.legacyapi.LegacyMetricsExtension,io.smallrye.opentelemetry.implementation.cdi.OpenTelemetryExtension,org.apache.cxf.microprofile.client.cdi.RestClientExtension,org.apache.tomee.microprofile.faulttolerance.MPFaultToleranceCDIExtension,org.apache.tomee.microprofile.health.MPHealthCDIExtension,org.apache.tomee.microprofile.jwt.cdi.MPJWTCDIExtension,org.apache.tomee.microprofile.opentelemetry.MPOpenTelemetryCDIExtension'
26-Oct-2025 20:19:07.063 INFO [main] org.apache.openejb.util.OptionsLog.info Using 'tomee.mp.cdi.extensions=io.smallrye.config.inject.ConfigExtension,io.smallrye.faulttolerance.FaultToleranceExtension,io.smallrye.metrics.legacyapi.LegacyMetricsExtension,io.smallrye.opentelemetry.implementation.cdi.OpenTelemetryExtension,org.apache.cxf.microprofile.client.cdi.RestClientExtension,org.apache.tomee.microprofile.faulttolerance.MPFaultToleranceCDIExtension,org.apache.tomee.microprofile.health.MPHealthCDIExtension,org.apache.tomee.microprofile.jwt.cdi.MPJWTCDIExtension,org.apache.tomee.microprofile.opentelemetry.MPOpenTelemetryCDIExtension'
26-Oct-2025 20:19:07.063 INFO [main] org.apache.openejb.util.OptionsLog.info Using 'tomee.mp.cdi.extensions=io.smallrye.config.inject.ConfigExtension,io.smallrye.faulttolerance.FaultToleranceExtension,io.smallrye.metrics.legacyapi.LegacyMetricsExtension,io.smallrye.opentelemetry.implementation.cdi.OpenTelemetryExtension,org.apache.cxf.microprofile.client.cdi.RestClientExtension,org.apache.tomee.microprofile.faulttolerance.MPFaultToleranceCDIExtension,org.apache.tomee.microprofile.health.MPHealthCDIExtension,org.apache.tomee.microprofile.jwt.cdi.MPJWTCDIExtension,org.apache.tomee.microprofile.opentelemetry.MPOpenTelemetryCDIExtension'
26-Oct-2025 20:19:07.063 INFO [main] org.apache.openejb.util.OptionsLog.info Using 'tomee.mp.cdi.extensions=io.smallrye.config.inject.ConfigExtension,io.smallrye.faulttolerance.FaultToleranceExtension,io.smallrye.metrics.legacyapi.LegacyMetricsExtension,io.smallrye.opentelemetry.implementation.cdi.OpenTelemetryExtension,org.apache.cxf.microprofile.client.cdi.RestClientExtension,org.apache.tomee.microprofile.faulttolerance.MPFaultToleranceCDIExtension,org.apache.tomee.microprofile.health.MPHealthCDIExtension,org.apache.tomee.microprofile.jwt.cdi.MPJWTCDIExtension,org.apache.tomee.microprofile.opentelemetry.MPOpenTelemetryCDIExtension'
26-Oct-2025 20:19:07.063 INFO [main] org.apache.openejb.util.OptionsLog.info Using 'tomee.mp.cdi.extensions=io.smallrye.config.inject.ConfigExtension,io.smallrye.faulttolerance.FaultToleranceExtension,io.smallrye.metrics.legacyapi.LegacyMetricsExtension,io.smallrye.opentelemetry.implementation.cdi.OpenTelemetryExtension,org.apache.cxf.microprofile.client.cdi.RestClientExtension,org.apache.tomee.microprofile.faulttolerance.MPFaultToleranceCDIExtension,org.apache.tomee.microprofile.health.MPHealthCDIExtension,org.apache.tomee.microprofile.jwt.cdi.MPJWTCDIExtension,org.apache.tomee.microprofile.opentelemetry.MPOpenTelemetryCDIExtension'
26-Oct-2025 20:19:07.063 INFO [main] org.apache.openejb.util.OptionsLog.info Using 'tomee.mp.cdi.extensions=io.smallrye.config.inject.ConfigExtension,io.smallrye.faulttolerance.FaultToleranceExtension,io.smallrye.metrics.legacyapi.LegacyMetricsExtension,io.smallrye.opentelemetry.implementation.cdi.OpenTelemetryExtension,org.apache.cxf.microprofile.client.cdi.RestClientExtension,org.apache.tomee.microprofile.faulttolerance.MPFaultToleranceCDIExtension,org.apache.tomee.microprofile.health.MPHealthCDIExtension,org.apache.tomee.microprofile.jwt.cdi.MPJWTCDIExtension,org.apache.tomee.microprofile.opentelemetry.MPOpenTelemetryCDIExtension'
26-Oct-2025 20:19:07.063 INFO [main] org.apache.openejb.util.OptionsLog.info Using 'tomee.mp.cdi.extensions=io.smallrye.config.inject.ConfigExtension,io.smallrye.faulttolerance.FaultToleranceExtension,io.smallrye.metrics.legacyapi.LegacyMetricsExtension,io.smallrye.opentelemetry.implementation.cdi.OpenTelemetryExtension,org.apache.cxf.microprofile.client.cdi.RestClientExtension,org.apache.tomee.microprofile.faulttolerance.MPFaultToleranceCDIExtension,org.apache.tomee.microprofile.health.MPHealthCDIExtension,org.apache.tomee.microprofile.jwt.cdi.MPJWTCDIExtension,org.apache.tomee.microprofile.opentelemetry.MPOpenTelemetryCDIExtension'
26-Oct-2025 20:19:07.268 INFO [main] org.apache.webbeans.config.BeansDeployer.validateInjectionPoints All injection points were validated successfully.
26-Oct-2025 20:19:07.272 INFO [main] org.apache.openejb.cdi.OpenEJBLifecycle.startApplication OpenWebBeans Container has started, it took 318 ms.
26-Oct-2025 20:19:07.274 INFO [main] org.apache.openejb.assembler.classic.ValidatorBuilder.getConfig Ignoring XML Configuration for validator org.apache.bval.jsr.ConfigurationImpl
26-Oct-2025 20:19:07.295 INFO [main] org.apache.openejb.assembler.classic.Assembler.startEjbs Created Ejb(deployment-id=ChangeRemoteServiceImpl, ejb-name=ChangeRemoteServiceImpl, container=Default Stateless Container)
26-Oct-2025 20:19:07.297 INFO [main] org.apache.openejb.assembler.classic.Assembler.startEjbs Created Ejb(deployment-id=ChangeServiceImpl, ejb-name=ChangeServiceImpl, container=Default Stateless Container)
26-Oct-2025 20:19:07.314 INFO [main] org.apache.openejb.assembler.classic.Assembler.startEjbs Started Ejb(deployment-id=ChangeRemoteServiceImpl, ejb-name=ChangeRemoteServiceImpl, container=Default Stateless Container)
26-Oct-2025 20:19:07.318 INFO [main] org.apache.openejb.assembler.classic.Assembler.startEjbs Started Ejb(deployment-id=ChangeServiceImpl, ejb-name=ChangeServiceImpl, container=Default Stateless Container)
26-Oct-2025 20:19:07.319 WARNING [main] org.apache.batchee.container.services.ServicesManager.init You didn't specify org.apache.batchee.jmx.application and JMX is already registered, skipping
26-Oct-2025 20:19:07.320 INFO [main] org.apache.openejb.assembler.classic.Assembler.createApplication Deployed Application(path=/usr/local/tomee/webapps/ROOT)
26-Oct-2025 20:19:07.460 INFO [main] org.apache.jasper.servlet.TldScanner.scanJars At least one JAR was scanned for TLDs yet contained no TLDs. Enable debug logging for this logger for a complete list of JARs that were scanned but no TLDs were found in them. Skipping unneeded JARs during scanning can improve startup time and JSP compilation time.
26-Oct-2025 20:19:07.506 INFO [main] jdk.internal.reflect.DelegatingMethodAccessorImpl.invoke Deployment of web application archive [/usr/local/tomee/webapps/ROOT.war] has finished in [1,101] ms
26-Oct-2025 20:19:07.517 INFO [main] jdk.internal.reflect.DelegatingMethodAccessorImpl.invoke Starting ProtocolHandler ["http-nio-0.0.0.0-8080"]
26-Oct-2025 20:19:07.525 INFO [main] jdk.internal.reflect.DelegatingMethodAccessorImpl.invoke Server startup in [1192] milliseconds
26-Oct-2025 21:09:57.813 INFO [Thread-22] jdk.internal.reflect.DelegatingMethodAccessorImpl.invoke Pausing ProtocolHandler ["http-nio-0.0.0.0-8080"]
26-Oct-2025 21:09:57.816 INFO [Thread-22] jdk.internal.reflect.DelegatingMethodAccessorImpl.invoke Stopping service [Catalina]
26-Oct-2025 21:09:57.824 INFO [Thread-22] org.apache.openejb.assembler.classic.Assembler.destroyApplication Undeploying app: /usr/local/tomee/webapps/ROOT
26-Oct-2025 21:09:57.856 INFO [Thread-22] jdk.internal.reflect.DelegatingMethodAccessorImpl.invoke Stopping ProtocolHandler ["http-nio-0.0.0.0-8080"]
26-Oct-2025 21:09:57.863 INFO [Thread-22] org.apache.openejb.server.SimpleServiceManager.stop Stopping server services
26-Oct-2025 21:09:57.867 INFO [Thread-22] org.apache.openejb.assembler.classic.Assembler.destroyApplication Undeploying app: openejb
26-Oct-2025 21:09:57.868 SEVERE [Thread-22] org.apache.openejb.core.singleton.SingletonInstanceManager.undeploy Unable to unregister MBean openejb.management:J2EEServer=openejb,J2EEApplication=<empty>,EJBModule=openejb,SingletonSessionBean=openejb/Deployer,name=openejb/Deployer,j2eeType=Invocations
26-Oct-2025 21:09:57.874 INFO [Thread-22] jdk.internal.reflect.DelegatingMethodAccessorImpl.invoke Destroying ProtocolHandler ["http-nio-0.0.0.0-8080"]
26-Oct-2025 21:09:59.632 INFO [main] org.apache.openejb.persistence.PersistenceBootstrap.getDefaultProvider Default JPA Provider changed to org.eclipse.persistence.jpa.PersistenceProvider specified by jar:file:/usr/local/tomee/lib/openejb-core-eclipselink-10.1.0.jar!/META-INF/org.apache.openejb.persistence.PersistenceBootstrap.provider
26-Oct-2025 21:09:59.818 INFO [main] jdk.internal.reflect.NativeMethodAccessorImpl.invoke Server version name:   Apache Tomcat (TomEE)/10.1.42 (10.1.0)
26-Oct-2025 21:09:59.818 INFO [main] jdk.internal.reflect.NativeMethodAccessorImpl.invoke Server built:          Jun 5 2025 22:35:46 UTC
26-Oct-2025 21:09:59.818 INFO [main] jdk.internal.reflect.NativeMethodAccessorImpl.invoke Server version number: 10.1.42.0
26-Oct-2025 21:09:59.818 INFO [main] jdk.internal.reflect.NativeMethodAccessorImpl.invoke OS Name:               Linux
26-Oct-2025 21:09:59.818 INFO [main] jdk.internal.reflect.NativeMethodAccessorImpl.invoke OS Version:            6.10.14-linuxkit
26-Oct-2025 21:09:59.818 INFO [main] jdk.internal.reflect.NativeMethodAccessorImpl.invoke Architecture:          amd64
26-Oct-2025 21:09:59.818 INFO [main] jdk.internal.reflect.NativeMethodAccessorImpl.invoke Java Home:             /opt/java/openjdk
26-Oct-2025 21:09:59.818 INFO [main] jdk.internal.reflect.NativeMethodAccessorImpl.invoke JVM Version:           17.0.16+8
26-Oct-2025 21:09:59.818 INFO [main] jdk.internal.reflect.NativeMethodAccessorImpl.invoke JVM Vendor:            Eclipse Adoptium
26-Oct-2025 21:09:59.818 INFO [main] jdk.internal.reflect.NativeMethodAccessorImpl.invoke CATALINA_BASE:         /usr/local/tomee
26-Oct-2025 21:09:59.818 INFO [main] jdk.internal.reflect.NativeMethodAccessorImpl.invoke CATALINA_HOME:         /usr/local/tomee
26-Oct-2025 21:09:59.819 INFO [main] jdk.internal.reflect.NativeMethodAccessorImpl.invoke Command line argument: -Djava.util.logging.config.file=/usr/local/tomee/conf/logging.properties
26-Oct-2025 21:09:59.819 INFO [main] jdk.internal.reflect.NativeMethodAccessorImpl.invoke Command line argument: -Djava.util.logging.manager=org.apache.juli.ClassLoaderLogManager
26-Oct-2025 21:09:59.819 INFO [main] jdk.internal.reflect.NativeMethodAccessorImpl.invoke Command line argument: -javaagent:/usr/local/tomee/lib/openejb-javaagent.jar
26-Oct-2025 21:09:59.819 INFO [main] jdk.internal.reflect.NativeMethodAccessorImpl.invoke Command line argument: -Djdk.tls.ephemeralDHKeySize=2048
26-Oct-2025 21:09:59.819 INFO [main] jdk.internal.reflect.NativeMethodAccessorImpl.invoke Command line argument: -Djava.protocol.handler.pkgs=org.apache.catalina.webresources
26-Oct-2025 21:09:59.820 INFO [main] jdk.internal.reflect.DelegatingMethodAccessorImpl.invoke Command line argument: -Dsun.io.useCanonCaches=false
26-Oct-2025 21:09:59.820 INFO [main] jdk.internal.reflect.DelegatingMethodAccessorImpl.invoke Command line argument: -Dorg.apache.catalina.security.SecurityListener.UMASK=0027
26-Oct-2025 21:09:59.820 INFO [main] jdk.internal.reflect.DelegatingMethodAccessorImpl.invoke Command line argument: --add-opens=java.base/java.lang=ALL-UNNAMED
26-Oct-2025 21:09:59.820 INFO [main] jdk.internal.reflect.DelegatingMethodAccessorImpl.invoke Command line argument: --add-opens=java.base/java.lang.reflect=ALL-UNNAMED
26-Oct-2025 21:09:59.820 INFO [main] jdk.internal.reflect.DelegatingMethodAccessorImpl.invoke Command line argument: --add-opens=java.base/java.io=ALL-UNNAMED
26-Oct-2025 21:09:59.820 INFO [main] jdk.internal.reflect.DelegatingMethodAccessorImpl.invoke Command line argument: --add-opens=java.base/java.util=ALL-UNNAMED
26-Oct-2025 21:09:59.821 INFO [main] jdk.internal.reflect.DelegatingMethodAccessorImpl.invoke Command line argument: --add-opens=java.base/java.util.concurrent=ALL-UNNAMED
26-Oct-2025 21:09:59.821 INFO [main] jdk.internal.reflect.DelegatingMethodAccessorImpl.invoke Command line argument: --add-opens=java.rmi/sun.rmi.transport=ALL-UNNAMED
26-Oct-2025 21:09:59.821 INFO [main] jdk.internal.reflect.DelegatingMethodAccessorImpl.invoke Command line argument: -Xmx512m
26-Oct-2025 21:09:59.821 INFO [main] jdk.internal.reflect.DelegatingMethodAccessorImpl.invoke Command line argument: -Dtomee.remote.support=true
26-Oct-2025 21:09:59.821 INFO [main] jdk.internal.reflect.DelegatingMethodAccessorImpl.invoke Command line argument: -Dopenejb.cdi.activated=true
26-Oct-2025 21:09:59.821 INFO [main] jdk.internal.reflect.DelegatingMethodAccessorImpl.invoke Command line argument: -Dtomee.serialization.class.blacklist=-
26-Oct-2025 21:09:59.821 INFO [main] jdk.internal.reflect.DelegatingMethodAccessorImpl.invoke Command line argument: -Dopenejb.system.apps=true
26-Oct-2025 21:09:59.821 INFO [main] jdk.internal.reflect.DelegatingMethodAccessorImpl.invoke Command line argument: -Dcatalina.base=/usr/local/tomee
26-Oct-2025 21:09:59.821 INFO [main] jdk.internal.reflect.DelegatingMethodAccessorImpl.invoke Command line argument: -Dcatalina.home=/usr/local/tomee
26-Oct-2025 21:09:59.821 INFO [main] jdk.internal.reflect.DelegatingMethodAccessorImpl.invoke Command line argument: -Djava.io.tmpdir=/usr/local/tomee/temp
26-Oct-2025 21:09:59.825 INFO [main] jdk.internal.reflect.DelegatingMethodAccessorImpl.invoke The Apache Tomcat Native library which allows using OpenSSL was not found on the java.library.path: [/opt/java/openjdk/lib/server:/opt/java/openjdk/lib:/opt/java/openjdk/../lib:/usr/java/packages/lib:/usr/lib64:/lib64:/lib:/usr/lib]
26-Oct-2025 21:09:59.987 INFO [main] jdk.internal.reflect.DelegatingMethodAccessorImpl.invoke Initializing ProtocolHandler ["http-nio-0.0.0.0-8080"]
26-Oct-2025 21:10:00.184 INFO [main] org.apache.openejb.util.OptionsLog.info Using 'tomee.remote.support=true'
26-Oct-2025 21:10:00.191 INFO [main] org.apache.openejb.util.OptionsLog.info Using 'openejb.jdbc.datasource-creator=org.apache.tomee.jdbc.TomEEDataSourceCreator'
26-Oct-2025 21:10:00.260 INFO [main] org.apache.openejb.OpenEJB$Instance.<init> ********************************************************************************
26-Oct-2025 21:10:00.260 INFO [main] org.apache.openejb.OpenEJB$Instance.<init> OpenEJB http://tomee.apache.org/
26-Oct-2025 21:10:00.260 INFO [main] org.apache.openejb.OpenEJB$Instance.<init> Startup: Sun Oct 26 21:10:00 GMT 2025
26-Oct-2025 21:10:00.260 INFO [main] org.apache.openejb.OpenEJB$Instance.<init> Copyright 1999-2025 (C) Apache TomEE Project, All Rights Reserved.
26-Oct-2025 21:10:00.260 INFO [main] org.apache.openejb.OpenEJB$Instance.<init> Version: 10.1.0
26-Oct-2025 21:10:00.260 INFO [main] org.apache.openejb.OpenEJB$Instance.<init> Build date: 20250610
26-Oct-2025 21:10:00.261 INFO [main] org.apache.openejb.OpenEJB$Instance.<init> Build time: 04:18
26-Oct-2025 21:10:00.261 INFO [main] org.apache.openejb.OpenEJB$Instance.<init> ********************************************************************************
26-Oct-2025 21:10:00.261 INFO [main] org.apache.openejb.OpenEJB$Instance.<init> openejb.home = /usr/local/tomee
26-Oct-2025 21:10:00.261 INFO [main] org.apache.openejb.OpenEJB$Instance.<init> openejb.base = /usr/local/tomee
26-Oct-2025 21:10:00.264 INFO [main] org.apache.openejb.cdi.CdiBuilder.initializeOWB Created new singletonService org.apache.openejb.cdi.ThreadSingletonServiceImpl@36a5cabc
26-Oct-2025 21:10:00.266 INFO [main] org.apache.openejb.cdi.CdiBuilder.initializeOWB Succeeded in installing singleton service
26-Oct-2025 21:10:00.294 INFO [main] org.apache.openejb.config.ConfigurationFactory.init TomEE configuration file is '/usr/local/tomee/conf/tomee.xml'
26-Oct-2025 21:10:00.322 INFO [main] org.apache.openejb.config.ConfigurationFactory.configureService Configuring Service(id=Tomcat Security Service, type=SecurityService, provider-id=Tomcat Security Service)
26-Oct-2025 21:10:00.324 INFO [main] org.apache.openejb.config.ConfigurationFactory.configureService Configuring Service(id=Default Transaction Manager, type=TransactionManager, provider-id=Default Transaction Manager)
26-Oct-2025 21:10:00.325 INFO [main] org.apache.openejb.util.OptionsLog.info Using 'openejb.system.apps=true'
26-Oct-2025 21:10:00.327 INFO [main] org.apache.openejb.config.ConfigurationFactory.configureService Configuring Service(id=Default Singleton Container, type=Container, provider-id=Default Singleton Container)
26-Oct-2025 21:10:00.350 INFO [main] org.apache.openejb.assembler.classic.Assembler.createRecipe Creating TransactionManager(id=Default Transaction Manager)
26-Oct-2025 21:10:00.388 INFO [main] org.apache.openejb.assembler.classic.Assembler.createRecipe Creating SecurityService(id=Tomcat Security Service)
26-Oct-2025 21:10:00.404 INFO [main] org.apache.openejb.assembler.classic.Assembler.createRecipe Creating Container(id=Default Singleton Container)
26-Oct-2025 21:10:00.418 INFO [main] org.apache.openejb.assembler.classic.Assembler.createApplication Assembling app: openejb
26-Oct-2025 21:10:00.468 INFO [main] org.apache.openejb.util.OptionsLog.info Using 'openejb.jndiname.format={deploymentId}{interfaceType.openejbLegacyName}'
26-Oct-2025 21:10:00.476 INFO [main] org.apache.openejb.assembler.classic.JndiBuilder.bind Jndi(name=openejb/DeployerBusinessRemote) --> Ejb(deployment-id=openejb/Deployer)
26-Oct-2025 21:10:00.476 INFO [main] org.apache.openejb.assembler.classic.JndiBuilder.bind Jndi(name=global/openejb/openejb/openejb/Deployer!org.apache.openejb.assembler.Deployer) --> Ejb(deployment-id=openejb/Deployer)
26-Oct-2025 21:10:00.477 INFO [main] org.apache.openejb.assembler.classic.JndiBuilder.bind Jndi(name=global/openejb/openejb/openejb/Deployer) --> Ejb(deployment-id=openejb/Deployer)
26-Oct-2025 21:10:00.478 INFO [main] org.apache.openejb.assembler.classic.JndiBuilder.bind Jndi(name=openejb/ConfigurationInfoBusinessRemote) --> Ejb(deployment-id=openejb/ConfigurationInfo)
26-Oct-2025 21:10:00.478 INFO [main] org.apache.openejb.assembler.classic.JndiBuilder.bind Jndi(name=global/openejb/openejb/openejb/Deployer!org.apache.openejb.assembler.classic.cmd.ConfigurationInfo) --> Ejb(deployment-id=openejb/ConfigurationInfo)
26-Oct-2025 21:10:00.486 INFO [main] org.apache.openejb.assembler.classic.Assembler.startEjbs Created Ejb(deployment-id=openejb/ConfigurationInfo, ejb-name=openejb/Deployer, container=Default Singleton Container)
26-Oct-2025 21:10:00.489 INFO [main] org.apache.openejb.assembler.classic.Assembler.startEjbs Created Ejb(deployment-id=openejb/Deployer, ejb-name=openejb/Deployer, container=Default Singleton Container)
26-Oct-2025 21:10:00.489 INFO [main] org.apache.openejb.assembler.classic.Assembler.startEjbs Started Ejb(deployment-id=openejb/ConfigurationInfo, ejb-name=openejb/Deployer, container=Default Singleton Container)
26-Oct-2025 21:10:00.489 INFO [main] org.apache.openejb.assembler.classic.Assembler.startEjbs Started Ejb(deployment-id=openejb/Deployer, ejb-name=openejb/Deployer, container=Default Singleton Container)
26-Oct-2025 21:10:00.494 INFO [main] org.apache.openejb.assembler.classic.Assembler.deployMBean Deployed MBean(openejb.user.mbeans:application=openejb,group=org.apache.openejb.assembler.monitoring,name=JMXDeployer)
26-Oct-2025 21:10:00.496 WARNING [main] org.apache.batchee.container.services.ServicesManager.init You didn't specify org.apache.batchee.jmx.application and JMX is already registered, skipping
26-Oct-2025 21:10:00.497 INFO [main] org.apache.openejb.assembler.classic.Assembler.createApplication Deployed Application(path=openejb)
26-Oct-2025 21:10:00.523 INFO [main] org.apache.openejb.server.ServiceManager.initServer Creating ServerService(id=cxf)
26-Oct-2025 21:10:00.635 INFO [main] org.apache.openejb.server.ServiceManager.initServer Creating ServerService(id=cxf-rs)
26-Oct-2025 21:10:00.671 INFO [main] org.apache.openejb.server.SimpleServiceManager.start   ** Bound Services **
26-Oct-2025 21:10:00.671 INFO [main] org.apache.openejb.server.SimpleServiceManager.printRow   NAME                 IP              PORT  
26-Oct-2025 21:10:00.672 INFO [main] org.apache.openejb.server.SimpleServiceManager.start -------
26-Oct-2025 21:10:00.672 INFO [main] org.apache.openejb.server.SimpleServiceManager.start Ready!
26-Oct-2025 21:10:00.672 INFO [main] jdk.internal.reflect.DelegatingMethodAccessorImpl.invoke Server initialization in [1010] milliseconds
26-Oct-2025 21:10:00.695 INFO [main] org.apache.tomee.catalina.OpenEJBNamingContextListener.bindResource Importing a Tomcat Resource with id 'UserDatabase' of type 'org.apache.catalina.UserDatabase'.
26-Oct-2025 21:10:00.698 INFO [main] org.apache.openejb.assembler.classic.Assembler.createRecipe Creating Resource(id=UserDatabase)
26-Oct-2025 21:10:00.716 INFO [main] jdk.internal.reflect.DelegatingMethodAccessorImpl.invoke Starting service [Catalina]
26-Oct-2025 21:10:00.716 INFO [main] jdk.internal.reflect.DelegatingMethodAccessorImpl.invoke Starting Servlet engine: [Apache Tomcat (TomEE)/10.1.42 (10.1.0)]
26-Oct-2025 21:10:00.732 INFO [main] jdk.internal.reflect.DelegatingMethodAccessorImpl.invoke Deploying web application archive [/usr/local/tomee/webapps/ROOT.war]
26-Oct-2025 21:10:00.737 INFO [main] org.apache.tomee.catalina.TomcatWebAppBuilder.init ------------------------- localhost -> /
26-Oct-2025 21:10:00.871 INFO [main] org.apache.openejb.util.OptionsLog.info Using 'tomee.mp.cdi.extensions=io.smallrye.config.inject.ConfigExtension,io.smallrye.faulttolerance.FaultToleranceExtension,io.smallrye.metrics.legacyapi.LegacyMetricsExtension,io.smallrye.opentelemetry.implementation.cdi.OpenTelemetryExtension,org.apache.cxf.microprofile.client.cdi.RestClientExtension,org.apache.tomee.microprofile.faulttolerance.MPFaultToleranceCDIExtension,org.apache.tomee.microprofile.health.MPHealthCDIExtension,org.apache.tomee.microprofile.jwt.cdi.MPJWTCDIExtension,org.apache.tomee.microprofile.opentelemetry.MPOpenTelemetryCDIExtension'
26-Oct-2025 21:10:00.934 INFO [main] org.apache.openejb.config.ConfigurationFactory.configureApplication Configuring enterprise application: /usr/local/tomee/webapps/ROOT
26-Oct-2025 21:10:00.991 INFO [main] org.apache.openejb.config.InitEjbDeployments.deploy Auto-deploying ejb ChangeServiceImpl: EjbDeployment(deployment-id=ChangeServiceImpl)
26-Oct-2025 21:10:00.992 INFO [main] org.apache.openejb.config.InitEjbDeployments.deploy Auto-deploying ejb ChangeRemoteServiceImpl: EjbDeployment(deployment-id=ChangeRemoteServiceImpl)
26-Oct-2025 21:10:00.994 INFO [main] org.apache.openejb.config.ConfigurationFactory.configureService Configuring Service(id=Default Stateless Container, type=Container, provider-id=Default Stateless Container)
26-Oct-2025 21:10:00.995 INFO [main] org.apache.openejb.config.AutoConfig.createContainer Auto-creating a container for bean ChangeServiceImpl: Container(type=STATELESS, id=Default Stateless Container)
26-Oct-2025 21:10:00.995 INFO [main] org.apache.openejb.assembler.classic.Assembler.createRecipe Creating Container(id=Default Stateless Container)
26-Oct-2025 21:10:01.002 INFO [main] org.apache.openejb.config.ConfigurationFactory.configureService Configuring Service(id=Default Managed Container, type=Container, provider-id=Default Managed Container)
26-Oct-2025 21:10:01.003 INFO [main] org.apache.openejb.config.AutoConfig.createContainer Auto-creating a container for bean .Comp180489140: Container(type=MANAGED, id=Default Managed Container)
26-Oct-2025 21:10:01.003 INFO [main] org.apache.openejb.assembler.classic.Assembler.createRecipe Creating Container(id=Default Managed Container)
26-Oct-2025 21:10:01.010 INFO [main] org.apache.openejb.core.managed.SimplePassivater.init Using directory /usr/local/tomee/temp for stateful session passivation
26-Oct-2025 21:10:01.028 INFO [main] org.apache.openejb.config.AppInfoBuilder.build Enterprise application "/usr/local/tomee/webapps/ROOT" loaded.
26-Oct-2025 21:10:01.029 INFO [main] org.apache.openejb.assembler.classic.Assembler.createApplication Assembling app: /usr/local/tomee/webapps/ROOT
26-Oct-2025 21:10:01.049 INFO [main] org.apache.openejb.assembler.classic.JndiBuilder.bind Jndi(name=ChangeServiceImplLocal) --> Ejb(deployment-id=ChangeServiceImpl)
26-Oct-2025 21:10:01.049 INFO [main] org.apache.openejb.assembler.classic.JndiBuilder.bind Jndi(name=global/ChangeServiceImpl!mg.razherana.banking.change.services.changeServices.ChangeService) --> Ejb(deployment-id=ChangeServiceImpl)
26-Oct-2025 21:10:01.050 INFO [main] org.apache.openejb.assembler.classic.JndiBuilder.bind Jndi(name=global/ChangeServiceImpl) --> Ejb(deployment-id=ChangeServiceImpl)
26-Oct-2025 21:10:01.050 INFO [main] org.apache.openejb.assembler.classic.JndiBuilder.bind Jndi(name=ChangeRemoteServiceImplRemote) --> Ejb(deployment-id=ChangeRemoteServiceImpl)
26-Oct-2025 21:10:01.050 INFO [main] org.apache.openejb.assembler.classic.JndiBuilder.bind Jndi(name=global//ChangeRemoteServiceImpl!mg.razherana.banking.change.services.changeServices.ChangeRemoteService) --> Ejb(deployment-id=ChangeRemoteServiceImpl)
26-Oct-2025 21:10:01.050 INFO [main] org.apache.openejb.assembler.classic.JndiBuilder.bind Jndi(name=global/ChangeRemoteServiceImpl!mg.razherana.banking.change.services.changeServices.ChangeRemoteService) --> Ejb(deployment-id=ChangeRemoteServiceImpl)
26-Oct-2025 21:10:01.050 INFO [main] org.apache.openejb.assembler.classic.JndiBuilder.bind Jndi(name=global/ChangeRemoteServiceImpl) --> Ejb(deployment-id=ChangeRemoteServiceImpl)
26-Oct-2025 21:10:01.071 INFO [main] org.apache.openejb.cdi.CdiBuilder.initSingleton Existing thread singleton service in SystemInstance(): org.apache.openejb.cdi.ThreadSingletonServiceImpl@36a5cabc
26-Oct-2025 21:10:01.147 INFO [main] org.apache.openejb.cdi.OpenEJBLifecycle.startApplication OpenWebBeans Container is starting...
26-Oct-2025 21:10:01.152 INFO [main] org.apache.webbeans.plugins.PluginLoader.startUp Adding OpenWebBeansPlugin : [CdiPlugin]
26-Oct-2025 21:10:01.155 INFO [main] org.apache.openejb.cdi.CdiScanner.handleBda Using annotated mode for file:/usr/local/tomee/webapps/ROOT/WEB-INF/classes/ looking all classes to find CDI beans, maybe think to add a beans.xml if not there or add the jar to exclusions.list
26-Oct-2025 21:10:01.257 INFO [main] org.apache.openejb.util.OptionsLog.info Using 'tomee.mp.cdi.extensions=io.smallrye.config.inject.ConfigExtension,io.smallrye.faulttolerance.FaultToleranceExtension,io.smallrye.metrics.legacyapi.LegacyMetricsExtension,io.smallrye.opentelemetry.implementation.cdi.OpenTelemetryExtension,org.apache.cxf.microprofile.client.cdi.RestClientExtension,org.apache.tomee.microprofile.faulttolerance.MPFaultToleranceCDIExtension,org.apache.tomee.microprofile.health.MPHealthCDIExtension,org.apache.tomee.microprofile.jwt.cdi.MPJWTCDIExtension,org.apache.tomee.microprofile.opentelemetry.MPOpenTelemetryCDIExtension'
26-Oct-2025 21:10:01.257 INFO [main] org.apache.openejb.util.OptionsLog.info Using 'tomee.mp.cdi.extensions=io.smallrye.config.inject.ConfigExtension,io.smallrye.faulttolerance.FaultToleranceExtension,io.smallrye.metrics.legacyapi.LegacyMetricsExtension,io.smallrye.opentelemetry.implementation.cdi.OpenTelemetryExtension,org.apache.cxf.microprofile.client.cdi.RestClientExtension,org.apache.tomee.microprofile.faulttolerance.MPFaultToleranceCDIExtension,org.apache.tomee.microprofile.health.MPHealthCDIExtension,org.apache.tomee.microprofile.jwt.cdi.MPJWTCDIExtension,org.apache.tomee.microprofile.opentelemetry.MPOpenTelemetryCDIExtension'
26-Oct-2025 21:10:01.257 INFO [main] org.apache.openejb.util.OptionsLog.info Using 'tomee.mp.cdi.extensions=io.smallrye.config.inject.ConfigExtension,io.smallrye.faulttolerance.FaultToleranceExtension,io.smallrye.metrics.legacyapi.LegacyMetricsExtension,io.smallrye.opentelemetry.implementation.cdi.OpenTelemetryExtension,org.apache.cxf.microprofile.client.cdi.RestClientExtension,org.apache.tomee.microprofile.faulttolerance.MPFaultToleranceCDIExtension,org.apache.tomee.microprofile.health.MPHealthCDIExtension,org.apache.tomee.microprofile.jwt.cdi.MPJWTCDIExtension,org.apache.tomee.microprofile.opentelemetry.MPOpenTelemetryCDIExtension'
26-Oct-2025 21:10:01.257 INFO [main] org.apache.openejb.util.OptionsLog.info Using 'tomee.mp.cdi.extensions=io.smallrye.config.inject.ConfigExtension,io.smallrye.faulttolerance.FaultToleranceExtension,io.smallrye.metrics.legacyapi.LegacyMetricsExtension,io.smallrye.opentelemetry.implementation.cdi.OpenTelemetryExtension,org.apache.cxf.microprofile.client.cdi.RestClientExtension,org.apache.tomee.microprofile.faulttolerance.MPFaultToleranceCDIExtension,org.apache.tomee.microprofile.health.MPHealthCDIExtension,org.apache.tomee.microprofile.jwt.cdi.MPJWTCDIExtension,org.apache.tomee.microprofile.opentelemetry.MPOpenTelemetryCDIExtension'
26-Oct-2025 21:10:01.258 INFO [main] org.apache.openejb.util.OptionsLog.info Using 'tomee.mp.cdi.extensions=io.smallrye.config.inject.ConfigExtension,io.smallrye.faulttolerance.FaultToleranceExtension,io.smallrye.metrics.legacyapi.LegacyMetricsExtension,io.smallrye.opentelemetry.implementation.cdi.OpenTelemetryExtension,org.apache.cxf.microprofile.client.cdi.RestClientExtension,org.apache.tomee.microprofile.faulttolerance.MPFaultToleranceCDIExtension,org.apache.tomee.microprofile.health.MPHealthCDIExtension,org.apache.tomee.microprofile.jwt.cdi.MPJWTCDIExtension,org.apache.tomee.microprofile.opentelemetry.MPOpenTelemetryCDIExtension'
26-Oct-2025 21:10:01.258 INFO [main] org.apache.openejb.util.OptionsLog.info Using 'tomee.mp.cdi.extensions=io.smallrye.config.inject.ConfigExtension,io.smallrye.faulttolerance.FaultToleranceExtension,io.smallrye.metrics.legacyapi.LegacyMetricsExtension,io.smallrye.opentelemetry.implementation.cdi.OpenTelemetryExtension,org.apache.cxf.microprofile.client.cdi.RestClientExtension,org.apache.tomee.microprofile.faulttolerance.MPFaultToleranceCDIExtension,org.apache.tomee.microprofile.health.MPHealthCDIExtension,org.apache.tomee.microprofile.jwt.cdi.MPJWTCDIExtension,org.apache.tomee.microprofile.opentelemetry.MPOpenTelemetryCDIExtension'
26-Oct-2025 21:10:01.258 INFO [main] org.apache.openejb.util.OptionsLog.info Using 'tomee.mp.cdi.extensions=io.smallrye.config.inject.ConfigExtension,io.smallrye.faulttolerance.FaultToleranceExtension,io.smallrye.metrics.legacyapi.LegacyMetricsExtension,io.smallrye.opentelemetry.implementation.cdi.OpenTelemetryExtension,org.apache.cxf.microprofile.client.cdi.RestClientExtension,org.apache.tomee.microprofile.faulttolerance.MPFaultToleranceCDIExtension,org.apache.tomee.microprofile.health.MPHealthCDIExtension,org.apache.tomee.microprofile.jwt.cdi.MPJWTCDIExtension,org.apache.tomee.microprofile.opentelemetry.MPOpenTelemetryCDIExtension'
26-Oct-2025 21:10:01.258 INFO [main] org.apache.openejb.util.OptionsLog.info Using 'tomee.mp.cdi.extensions=io.smallrye.config.inject.ConfigExtension,io.smallrye.faulttolerance.FaultToleranceExtension,io.smallrye.metrics.legacyapi.LegacyMetricsExtension,io.smallrye.opentelemetry.implementation.cdi.OpenTelemetryExtension,org.apache.cxf.microprofile.client.cdi.RestClientExtension,org.apache.tomee.microprofile.faulttolerance.MPFaultToleranceCDIExtension,org.apache.tomee.microprofile.health.MPHealthCDIExtension,org.apache.tomee.microprofile.jwt.cdi.MPJWTCDIExtension,org.apache.tomee.microprofile.opentelemetry.MPOpenTelemetryCDIExtension'
26-Oct-2025 21:10:01.258 INFO [main] org.apache.openejb.util.OptionsLog.info Using 'tomee.mp.cdi.extensions=io.smallrye.config.inject.ConfigExtension,io.smallrye.faulttolerance.FaultToleranceExtension,io.smallrye.metrics.legacyapi.LegacyMetricsExtension,io.smallrye.opentelemetry.implementation.cdi.OpenTelemetryExtension,org.apache.cxf.microprofile.client.cdi.RestClientExtension,org.apache.tomee.microprofile.faulttolerance.MPFaultToleranceCDIExtension,org.apache.tomee.microprofile.health.MPHealthCDIExtension,org.apache.tomee.microprofile.jwt.cdi.MPJWTCDIExtension,org.apache.tomee.microprofile.opentelemetry.MPOpenTelemetryCDIExtension'
26-Oct-2025 21:10:01.258 INFO [main] org.apache.openejb.util.OptionsLog.info Using 'tomee.mp.cdi.extensions=io.smallrye.config.inject.ConfigExtension,io.smallrye.faulttolerance.FaultToleranceExtension,io.smallrye.metrics.legacyapi.LegacyMetricsExtension,io.smallrye.opentelemetry.implementation.cdi.OpenTelemetryExtension,org.apache.cxf.microprofile.client.cdi.RestClientExtension,org.apache.tomee.microprofile.faulttolerance.MPFaultToleranceCDIExtension,org.apache.tomee.microprofile.health.MPHealthCDIExtension,org.apache.tomee.microprofile.jwt.cdi.MPJWTCDIExtension,org.apache.tomee.microprofile.opentelemetry.MPOpenTelemetryCDIExtension'
26-Oct-2025 21:10:01.476 INFO [main] org.apache.webbeans.config.BeansDeployer.validateInjectionPoints All injection points were validated successfully.
26-Oct-2025 21:10:01.480 INFO [main] org.apache.openejb.cdi.OpenEJBLifecycle.startApplication OpenWebBeans Container has started, it took 333 ms.
26-Oct-2025 21:10:01.483 INFO [main] org.apache.openejb.assembler.classic.ValidatorBuilder.getConfig Ignoring XML Configuration for validator org.apache.bval.jsr.ConfigurationImpl
26-Oct-2025 21:10:01.501 INFO [main] org.apache.openejb.assembler.classic.Assembler.startEjbs Created Ejb(deployment-id=ChangeRemoteServiceImpl, ejb-name=ChangeRemoteServiceImpl, container=Default Stateless Container)
26-Oct-2025 21:10:01.503 INFO [main] org.apache.openejb.assembler.classic.Assembler.startEjbs Created Ejb(deployment-id=ChangeServiceImpl, ejb-name=ChangeServiceImpl, container=Default Stateless Container)
26-Oct-2025 21:10:01.514 INFO [main] org.apache.openejb.assembler.classic.Assembler.startEjbs Started Ejb(deployment-id=ChangeRemoteServiceImpl, ejb-name=ChangeRemoteServiceImpl, container=Default Stateless Container)
26-Oct-2025 21:10:01.518 INFO [main] org.apache.openejb.assembler.classic.Assembler.startEjbs Started Ejb(deployment-id=ChangeServiceImpl, ejb-name=ChangeServiceImpl, container=Default Stateless Container)
26-Oct-2025 21:10:01.519 WARNING [main] org.apache.batchee.container.services.ServicesManager.init You didn't specify org.apache.batchee.jmx.application and JMX is already registered, skipping
26-Oct-2025 21:10:01.519 INFO [main] org.apache.openejb.assembler.classic.Assembler.createApplication Deployed Application(path=/usr/local/tomee/webapps/ROOT)
26-Oct-2025 21:10:01.649 INFO [main] org.apache.jasper.servlet.TldScanner.scanJars At least one JAR was scanned for TLDs yet contained no TLDs. Enable debug logging for this logger for a complete list of JARs that were scanned but no TLDs were found in them. Skipping unneeded JARs during scanning can improve startup time and JSP compilation time.
26-Oct-2025 21:10:01.692 INFO [main] jdk.internal.reflect.DelegatingMethodAccessorImpl.invoke Deployment of web application archive [/usr/local/tomee/webapps/ROOT.war] has finished in [960] ms
26-Oct-2025 21:10:01.702 INFO [main] jdk.internal.reflect.DelegatingMethodAccessorImpl.invoke Starting ProtocolHandler ["http-nio-0.0.0.0-8080"]
26-Oct-2025 21:10:01.709 INFO [main] jdk.internal.reflect.DelegatingMethodAccessorImpl.invoke Server startup in [1037] milliseconds
26-Oct-2025 21:17:34.850 INFO [Thread-22] jdk.internal.reflect.DelegatingMethodAccessorImpl.invoke Pausing ProtocolHandler ["http-nio-0.0.0.0-8080"]
26-Oct-2025 21:17:34.854 INFO [Thread-22] jdk.internal.reflect.DelegatingMethodAccessorImpl.invoke Stopping service [Catalina]
26-Oct-2025 21:17:34.859 INFO [Thread-22] org.apache.openejb.assembler.classic.Assembler.destroyApplication Undeploying app: /usr/local/tomee/webapps/ROOT
26-Oct-2025 21:17:34.884 INFO [Thread-22] jdk.internal.reflect.DelegatingMethodAccessorImpl.invoke Stopping ProtocolHandler ["http-nio-0.0.0.0-8080"]
26-Oct-2025 21:17:34.892 INFO [Thread-22] org.apache.openejb.server.SimpleServiceManager.stop Stopping server services
26-Oct-2025 21:17:34.896 INFO [Thread-22] org.apache.openejb.assembler.classic.Assembler.destroyApplication Undeploying app: openejb
26-Oct-2025 21:17:34.898 SEVERE [Thread-22] org.apache.openejb.core.singleton.SingletonInstanceManager.undeploy Unable to unregister MBean openejb.management:J2EEServer=openejb,J2EEApplication=<empty>,EJBModule=openejb,SingletonSessionBean=openejb/Deployer,name=openejb/Deployer,j2eeType=Invocations
26-Oct-2025 21:17:34.905 INFO [Thread-22] jdk.internal.reflect.DelegatingMethodAccessorImpl.invoke Destroying ProtocolHandler ["http-nio-0.0.0.0-8080"]
26-Oct-2025 21:17:54.566 INFO [main] org.apache.openejb.persistence.PersistenceBootstrap.getDefaultProvider Default JPA Provider changed to org.eclipse.persistence.jpa.PersistenceProvider specified by jar:file:/usr/local/tomee/lib/openejb-core-eclipselink-10.1.0.jar!/META-INF/org.apache.openejb.persistence.PersistenceBootstrap.provider
26-Oct-2025 21:17:54.703 INFO [main] jdk.internal.reflect.NativeMethodAccessorImpl.invoke Server version name:   Apache Tomcat (TomEE)/10.1.42 (10.1.0)
26-Oct-2025 21:17:54.703 INFO [main] jdk.internal.reflect.NativeMethodAccessorImpl.invoke Server built:          Jun 5 2025 22:35:46 UTC
26-Oct-2025 21:17:54.703 INFO [main] jdk.internal.reflect.NativeMethodAccessorImpl.invoke Server version number: 10.1.42.0
26-Oct-2025 21:17:54.703 INFO [main] jdk.internal.reflect.NativeMethodAccessorImpl.invoke OS Name:               Linux
26-Oct-2025 21:17:54.703 INFO [main] jdk.internal.reflect.NativeMethodAccessorImpl.invoke OS Version:            6.10.14-linuxkit
26-Oct-2025 21:17:54.703 INFO [main] jdk.internal.reflect.NativeMethodAccessorImpl.invoke Architecture:          amd64
26-Oct-2025 21:17:54.703 INFO [main] jdk.internal.reflect.NativeMethodAccessorImpl.invoke Java Home:             /opt/java/openjdk
26-Oct-2025 21:17:54.703 INFO [main] jdk.internal.reflect.NativeMethodAccessorImpl.invoke JVM Version:           17.0.16+8
26-Oct-2025 21:17:54.703 INFO [main] jdk.internal.reflect.NativeMethodAccessorImpl.invoke JVM Vendor:            Eclipse Adoptium
26-Oct-2025 21:17:54.703 INFO [main] jdk.internal.reflect.NativeMethodAccessorImpl.invoke CATALINA_BASE:         /usr/local/tomee
26-Oct-2025 21:17:54.703 INFO [main] jdk.internal.reflect.NativeMethodAccessorImpl.invoke CATALINA_HOME:         /usr/local/tomee
26-Oct-2025 21:17:54.704 INFO [main] jdk.internal.reflect.NativeMethodAccessorImpl.invoke Command line argument: -Djava.util.logging.config.file=/usr/local/tomee/conf/logging.properties
26-Oct-2025 21:17:54.704 INFO [main] jdk.internal.reflect.NativeMethodAccessorImpl.invoke Command line argument: -Djava.util.logging.manager=org.apache.juli.ClassLoaderLogManager
26-Oct-2025 21:17:54.704 INFO [main] jdk.internal.reflect.NativeMethodAccessorImpl.invoke Command line argument: -javaagent:/usr/local/tomee/lib/openejb-javaagent.jar
26-Oct-2025 21:17:54.704 INFO [main] jdk.internal.reflect.NativeMethodAccessorImpl.invoke Command line argument: -Djdk.tls.ephemeralDHKeySize=2048
26-Oct-2025 21:17:54.704 INFO [main] jdk.internal.reflect.NativeMethodAccessorImpl.invoke Command line argument: -Djava.protocol.handler.pkgs=org.apache.catalina.webresources
26-Oct-2025 21:17:54.704 INFO [main] jdk.internal.reflect.DelegatingMethodAccessorImpl.invoke Command line argument: -Dsun.io.useCanonCaches=false
26-Oct-2025 21:17:54.704 INFO [main] jdk.internal.reflect.DelegatingMethodAccessorImpl.invoke Command line argument: -Dorg.apache.catalina.security.SecurityListener.UMASK=0027
26-Oct-2025 21:17:54.704 INFO [main] jdk.internal.reflect.DelegatingMethodAccessorImpl.invoke Command line argument: --add-opens=java.base/java.lang=ALL-UNNAMED
26-Oct-2025 21:17:54.704 INFO [main] jdk.internal.reflect.DelegatingMethodAccessorImpl.invoke Command line argument: --add-opens=java.base/java.lang.reflect=ALL-UNNAMED
26-Oct-2025 21:17:54.704 INFO [main] jdk.internal.reflect.DelegatingMethodAccessorImpl.invoke Command line argument: --add-opens=java.base/java.io=ALL-UNNAMED
26-Oct-2025 21:17:54.704 INFO [main] jdk.internal.reflect.DelegatingMethodAccessorImpl.invoke Command line argument: --add-opens=java.base/java.util=ALL-UNNAMED
26-Oct-2025 21:17:54.704 INFO [main] jdk.internal.reflect.DelegatingMethodAccessorImpl.invoke Command line argument: --add-opens=java.base/java.util.concurrent=ALL-UNNAMED
26-Oct-2025 21:17:54.704 INFO [main] jdk.internal.reflect.DelegatingMethodAccessorImpl.invoke Command line argument: --add-opens=java.rmi/sun.rmi.transport=ALL-UNNAMED
26-Oct-2025 21:17:54.705 INFO [main] jdk.internal.reflect.DelegatingMethodAccessorImpl.invoke Command line argument: -Xmx512m
26-Oct-2025 21:17:54.705 INFO [main] jdk.internal.reflect.DelegatingMethodAccessorImpl.invoke Command line argument: -Dtomee.remote.support=true
26-Oct-2025 21:17:54.705 INFO [main] jdk.internal.reflect.DelegatingMethodAccessorImpl.invoke Command line argument: -Dopenejb.cdi.activated=true
26-Oct-2025 21:17:54.705 INFO [main] jdk.internal.reflect.DelegatingMethodAccessorImpl.invoke Command line argument: -Dtomee.serialization.class.blacklist=-
26-Oct-2025 21:17:54.705 INFO [main] jdk.internal.reflect.DelegatingMethodAccessorImpl.invoke Command line argument: -Dopenejb.system.apps=true
26-Oct-2025 21:17:54.705 INFO [main] jdk.internal.reflect.DelegatingMethodAccessorImpl.invoke Command line argument: -Dcatalina.base=/usr/local/tomee
26-Oct-2025 21:17:54.705 INFO [main] jdk.internal.reflect.DelegatingMethodAccessorImpl.invoke Command line argument: -Dcatalina.home=/usr/local/tomee
26-Oct-2025 21:17:54.705 INFO [main] jdk.internal.reflect.DelegatingMethodAccessorImpl.invoke Command line argument: -Djava.io.tmpdir=/usr/local/tomee/temp
26-Oct-2025 21:17:54.707 INFO [main] jdk.internal.reflect.DelegatingMethodAccessorImpl.invoke The Apache Tomcat Native library which allows using OpenSSL was not found on the java.library.path: [/opt/java/openjdk/lib/server:/opt/java/openjdk/lib:/opt/java/openjdk/../lib:/usr/java/packages/lib:/usr/lib64:/lib64:/lib:/usr/lib]
26-Oct-2025 21:17:54.846 INFO [main] jdk.internal.reflect.DelegatingMethodAccessorImpl.invoke Initializing ProtocolHandler ["http-nio-0.0.0.0-8080"]
26-Oct-2025 21:17:54.988 INFO [main] org.apache.openejb.util.OptionsLog.info Using 'tomee.remote.support=true'
26-Oct-2025 21:17:54.994 INFO [main] org.apache.openejb.util.OptionsLog.info Using 'openejb.jdbc.datasource-creator=org.apache.tomee.jdbc.TomEEDataSourceCreator'
26-Oct-2025 21:17:55.066 INFO [main] org.apache.openejb.OpenEJB$Instance.<init> ********************************************************************************
26-Oct-2025 21:17:55.066 INFO [main] org.apache.openejb.OpenEJB$Instance.<init> OpenEJB http://tomee.apache.org/
26-Oct-2025 21:17:55.066 INFO [main] org.apache.openejb.OpenEJB$Instance.<init> Startup: Sun Oct 26 21:17:55 GMT 2025
26-Oct-2025 21:17:55.066 INFO [main] org.apache.openejb.OpenEJB$Instance.<init> Copyright 1999-2025 (C) Apache TomEE Project, All Rights Reserved.
26-Oct-2025 21:17:55.066 INFO [main] org.apache.openejb.OpenEJB$Instance.<init> Version: 10.1.0
26-Oct-2025 21:17:55.066 INFO [main] org.apache.openejb.OpenEJB$Instance.<init> Build date: 20250610
26-Oct-2025 21:17:55.066 INFO [main] org.apache.openejb.OpenEJB$Instance.<init> Build time: 04:18
26-Oct-2025 21:17:55.067 INFO [main] org.apache.openejb.OpenEJB$Instance.<init> ********************************************************************************
26-Oct-2025 21:17:55.067 INFO [main] org.apache.openejb.OpenEJB$Instance.<init> openejb.home = /usr/local/tomee
26-Oct-2025 21:17:55.067 INFO [main] org.apache.openejb.OpenEJB$Instance.<init> openejb.base = /usr/local/tomee
26-Oct-2025 21:17:55.070 INFO [main] org.apache.openejb.cdi.CdiBuilder.initializeOWB Created new singletonService org.apache.openejb.cdi.ThreadSingletonServiceImpl@7daa0fbd
26-Oct-2025 21:17:55.072 INFO [main] org.apache.openejb.cdi.CdiBuilder.initializeOWB Succeeded in installing singleton service
26-Oct-2025 21:17:55.099 INFO [main] org.apache.openejb.config.ConfigurationFactory.init TomEE configuration file is '/usr/local/tomee/conf/tomee.xml'
26-Oct-2025 21:17:55.124 INFO [main] org.apache.openejb.config.ConfigurationFactory.configureService Configuring Service(id=Tomcat Security Service, type=SecurityService, provider-id=Tomcat Security Service)
26-Oct-2025 21:17:55.126 INFO [main] org.apache.openejb.config.ConfigurationFactory.configureService Configuring Service(id=Default Transaction Manager, type=TransactionManager, provider-id=Default Transaction Manager)
26-Oct-2025 21:17:55.128 INFO [main] org.apache.openejb.util.OptionsLog.info Using 'openejb.system.apps=true'
26-Oct-2025 21:17:55.129 INFO [main] org.apache.openejb.config.ConfigurationFactory.configureService Configuring Service(id=Default Singleton Container, type=Container, provider-id=Default Singleton Container)
26-Oct-2025 21:17:55.147 INFO [main] org.apache.openejb.assembler.classic.Assembler.createRecipe Creating TransactionManager(id=Default Transaction Manager)
26-Oct-2025 21:17:55.182 INFO [main] org.apache.openejb.assembler.classic.Assembler.createRecipe Creating SecurityService(id=Tomcat Security Service)
26-Oct-2025 21:17:55.199 INFO [main] org.apache.openejb.assembler.classic.Assembler.createRecipe Creating Container(id=Default Singleton Container)
26-Oct-2025 21:17:55.213 INFO [main] org.apache.openejb.assembler.classic.Assembler.createApplication Assembling app: openejb
26-Oct-2025 21:17:55.289 INFO [main] org.apache.openejb.util.OptionsLog.info Using 'openejb.jndiname.format={deploymentId}{interfaceType.openejbLegacyName}'
26-Oct-2025 21:17:55.296 INFO [main] org.apache.openejb.assembler.classic.JndiBuilder.bind Jndi(name=openejb/DeployerBusinessRemote) --> Ejb(deployment-id=openejb/Deployer)
26-Oct-2025 21:17:55.296 INFO [main] org.apache.openejb.assembler.classic.JndiBuilder.bind Jndi(name=global/openejb/openejb/openejb/Deployer!org.apache.openejb.assembler.Deployer) --> Ejb(deployment-id=openejb/Deployer)
26-Oct-2025 21:17:55.297 INFO [main] org.apache.openejb.assembler.classic.JndiBuilder.bind Jndi(name=global/openejb/openejb/openejb/Deployer) --> Ejb(deployment-id=openejb/Deployer)
26-Oct-2025 21:17:55.299 INFO [main] org.apache.openejb.assembler.classic.JndiBuilder.bind Jndi(name=openejb/ConfigurationInfoBusinessRemote) --> Ejb(deployment-id=openejb/ConfigurationInfo)
26-Oct-2025 21:17:55.299 INFO [main] org.apache.openejb.assembler.classic.JndiBuilder.bind Jndi(name=global/openejb/openejb/openejb/Deployer!org.apache.openejb.assembler.classic.cmd.ConfigurationInfo) --> Ejb(deployment-id=openejb/ConfigurationInfo)
26-Oct-2025 21:17:55.308 INFO [main] org.apache.openejb.assembler.classic.Assembler.startEjbs Created Ejb(deployment-id=openejb/ConfigurationInfo, ejb-name=openejb/Deployer, container=Default Singleton Container)
26-Oct-2025 21:17:55.310 INFO [main] org.apache.openejb.assembler.classic.Assembler.startEjbs Created Ejb(deployment-id=openejb/Deployer, ejb-name=openejb/Deployer, container=Default Singleton Container)
26-Oct-2025 21:17:55.310 INFO [main] org.apache.openejb.assembler.classic.Assembler.startEjbs Started Ejb(deployment-id=openejb/ConfigurationInfo, ejb-name=openejb/Deployer, container=Default Singleton Container)
26-Oct-2025 21:17:55.310 INFO [main] org.apache.openejb.assembler.classic.Assembler.startEjbs Started Ejb(deployment-id=openejb/Deployer, ejb-name=openejb/Deployer, container=Default Singleton Container)
26-Oct-2025 21:17:55.315 INFO [main] org.apache.openejb.assembler.classic.Assembler.deployMBean Deployed MBean(openejb.user.mbeans:application=openejb,group=org.apache.openejb.assembler.monitoring,name=JMXDeployer)
26-Oct-2025 21:17:55.317 WARNING [main] org.apache.batchee.container.services.ServicesManager.init You didn't specify org.apache.batchee.jmx.application and JMX is already registered, skipping
26-Oct-2025 21:17:55.318 INFO [main] org.apache.openejb.assembler.classic.Assembler.createApplication Deployed Application(path=openejb)
26-Oct-2025 21:17:55.349 INFO [main] org.apache.openejb.server.ServiceManager.initServer Creating ServerService(id=cxf)
26-Oct-2025 21:17:55.472 INFO [main] org.apache.openejb.server.ServiceManager.initServer Creating ServerService(id=cxf-rs)
26-Oct-2025 21:17:55.517 INFO [main] org.apache.openejb.server.SimpleServiceManager.start   ** Bound Services **
26-Oct-2025 21:17:55.518 INFO [main] org.apache.openejb.server.SimpleServiceManager.printRow   NAME                 IP              PORT  
26-Oct-2025 21:17:55.518 INFO [main] org.apache.openejb.server.SimpleServiceManager.start -------
26-Oct-2025 21:17:55.518 INFO [main] org.apache.openejb.server.SimpleServiceManager.start Ready!
26-Oct-2025 21:17:55.518 INFO [main] jdk.internal.reflect.DelegatingMethodAccessorImpl.invoke Server initialization in [932] milliseconds
26-Oct-2025 21:17:55.544 INFO [main] org.apache.tomee.catalina.OpenEJBNamingContextListener.bindResource Importing a Tomcat Resource with id 'UserDatabase' of type 'org.apache.catalina.UserDatabase'.
26-Oct-2025 21:17:55.548 INFO [main] org.apache.openejb.assembler.classic.Assembler.createRecipe Creating Resource(id=UserDatabase)
26-Oct-2025 21:17:55.567 INFO [main] jdk.internal.reflect.DelegatingMethodAccessorImpl.invoke Starting service [Catalina]
26-Oct-2025 21:17:55.568 INFO [main] jdk.internal.reflect.DelegatingMethodAccessorImpl.invoke Starting Servlet engine: [Apache Tomcat (TomEE)/10.1.42 (10.1.0)]
26-Oct-2025 21:17:55.589 INFO [main] jdk.internal.reflect.DelegatingMethodAccessorImpl.invoke Deploying web application archive [/usr/local/tomee/webapps/ROOT.war]
26-Oct-2025 21:17:55.593 INFO [main] org.apache.tomee.catalina.TomcatWebAppBuilder.init ------------------------- localhost -> /
26-Oct-2025 21:17:55.594 INFO [main] org.apache.openejb.util.JarExtractor.extract Extracting jar: /usr/local/tomee/webapps/ROOT.war
26-Oct-2025 21:17:55.728 INFO [main] org.apache.openejb.util.JarExtractor.extract Extracted path: /usr/local/tomee/webapps/ROOT
26-Oct-2025 21:17:55.839 INFO [main] org.apache.openejb.util.OptionsLog.info Using 'tomee.mp.cdi.extensions=io.smallrye.config.inject.ConfigExtension,io.smallrye.faulttolerance.FaultToleranceExtension,io.smallrye.metrics.legacyapi.LegacyMetricsExtension,io.smallrye.opentelemetry.implementation.cdi.OpenTelemetryExtension,org.apache.cxf.microprofile.client.cdi.RestClientExtension,org.apache.tomee.microprofile.faulttolerance.MPFaultToleranceCDIExtension,org.apache.tomee.microprofile.health.MPHealthCDIExtension,org.apache.tomee.microprofile.jwt.cdi.MPJWTCDIExtension,org.apache.tomee.microprofile.opentelemetry.MPOpenTelemetryCDIExtension'
26-Oct-2025 21:17:55.894 INFO [main] org.apache.openejb.config.ConfigurationFactory.configureApplication Configuring enterprise application: /usr/local/tomee/webapps/ROOT
26-Oct-2025 21:17:55.950 INFO [main] org.apache.openejb.config.InitEjbDeployments.deploy Auto-deploying ejb ChangeServiceImpl: EjbDeployment(deployment-id=ChangeServiceImpl)
26-Oct-2025 21:17:55.950 INFO [main] org.apache.openejb.config.InitEjbDeployments.deploy Auto-deploying ejb ChangeRemoteServiceImpl: EjbDeployment(deployment-id=ChangeRemoteServiceImpl)
26-Oct-2025 21:17:55.953 INFO [main] org.apache.openejb.config.ConfigurationFactory.configureService Configuring Service(id=Default Stateless Container, type=Container, provider-id=Default Stateless Container)
26-Oct-2025 21:17:55.953 INFO [main] org.apache.openejb.config.AutoConfig.createContainer Auto-creating a container for bean ChangeServiceImpl: Container(type=STATELESS, id=Default Stateless Container)
26-Oct-2025 21:17:55.953 INFO [main] org.apache.openejb.assembler.classic.Assembler.createRecipe Creating Container(id=Default Stateless Container)
26-Oct-2025 21:17:55.959 INFO [main] org.apache.openejb.config.ConfigurationFactory.configureService Configuring Service(id=Default Managed Container, type=Container, provider-id=Default Managed Container)
26-Oct-2025 21:17:55.959 INFO [main] org.apache.openejb.config.AutoConfig.createContainer Auto-creating a container for bean .Comp1905114489: Container(type=MANAGED, id=Default Managed Container)
26-Oct-2025 21:17:55.959 INFO [main] org.apache.openejb.assembler.classic.Assembler.createRecipe Creating Container(id=Default Managed Container)
26-Oct-2025 21:17:55.966 INFO [main] org.apache.openejb.core.managed.SimplePassivater.init Using directory /usr/local/tomee/temp for stateful session passivation
26-Oct-2025 21:17:55.984 INFO [main] org.apache.openejb.config.AppInfoBuilder.build Enterprise application "/usr/local/tomee/webapps/ROOT" loaded.
26-Oct-2025 21:17:55.985 INFO [main] org.apache.openejb.assembler.classic.Assembler.createApplication Assembling app: /usr/local/tomee/webapps/ROOT
26-Oct-2025 21:17:56.004 INFO [main] org.apache.openejb.assembler.classic.JndiBuilder.bind Jndi(name=ChangeServiceImplLocal) --> Ejb(deployment-id=ChangeServiceImpl)
26-Oct-2025 21:17:56.009 INFO [main] org.apache.openejb.assembler.classic.JndiBuilder.bind Jndi(name=global/ChangeServiceImpl!mg.razherana.banking.change.services.changeServices.ChangeService) --> Ejb(deployment-id=ChangeServiceImpl)
26-Oct-2025 21:17:56.009 INFO [main] org.apache.openejb.assembler.classic.JndiBuilder.bind Jndi(name=global/ChangeServiceImpl) --> Ejb(deployment-id=ChangeServiceImpl)
26-Oct-2025 21:17:56.010 INFO [main] org.apache.openejb.assembler.classic.JndiBuilder.bind Jndi(name=ChangeRemoteServiceImplRemote) --> Ejb(deployment-id=ChangeRemoteServiceImpl)
26-Oct-2025 21:17:56.010 INFO [main] org.apache.openejb.assembler.classic.JndiBuilder.bind Jndi(name=global//ChangeRemoteServiceImpl!mg.razherana.banking.change.services.changeServices.ChangeRemoteService) --> Ejb(deployment-id=ChangeRemoteServiceImpl)
26-Oct-2025 21:17:56.010 INFO [main] org.apache.openejb.assembler.classic.JndiBuilder.bind Jndi(name=global/ChangeRemoteServiceImpl!mg.razherana.banking.change.services.changeServices.ChangeRemoteService) --> Ejb(deployment-id=ChangeRemoteServiceImpl)
26-Oct-2025 21:17:56.010 INFO [main] org.apache.openejb.assembler.classic.JndiBuilder.bind Jndi(name=global/ChangeRemoteServiceImpl) --> Ejb(deployment-id=ChangeRemoteServiceImpl)
26-Oct-2025 21:17:56.028 INFO [main] org.apache.openejb.cdi.CdiBuilder.initSingleton Existing thread singleton service in SystemInstance(): org.apache.openejb.cdi.ThreadSingletonServiceImpl@7daa0fbd
26-Oct-2025 21:17:56.090 INFO [main] org.apache.openejb.cdi.OpenEJBLifecycle.startApplication OpenWebBeans Container is starting...
26-Oct-2025 21:17:56.094 INFO [main] org.apache.webbeans.plugins.PluginLoader.startUp Adding OpenWebBeansPlugin : [CdiPlugin]
26-Oct-2025 21:17:56.096 INFO [main] org.apache.openejb.cdi.CdiScanner.handleBda Using annotated mode for file:/usr/local/tomee/webapps/ROOT/WEB-INF/classes/ looking all classes to find CDI beans, maybe think to add a beans.xml if not there or add the jar to exclusions.list
26-Oct-2025 21:17:56.190 INFO [main] org.apache.openejb.util.OptionsLog.info Using 'tomee.mp.cdi.extensions=io.smallrye.config.inject.ConfigExtension,io.smallrye.faulttolerance.FaultToleranceExtension,io.smallrye.metrics.legacyapi.LegacyMetricsExtension,io.smallrye.opentelemetry.implementation.cdi.OpenTelemetryExtension,org.apache.cxf.microprofile.client.cdi.RestClientExtension,org.apache.tomee.microprofile.faulttolerance.MPFaultToleranceCDIExtension,org.apache.tomee.microprofile.health.MPHealthCDIExtension,org.apache.tomee.microprofile.jwt.cdi.MPJWTCDIExtension,org.apache.tomee.microprofile.opentelemetry.MPOpenTelemetryCDIExtension'
26-Oct-2025 21:17:56.190 INFO [main] org.apache.openejb.util.OptionsLog.info Using 'tomee.mp.cdi.extensions=io.smallrye.config.inject.ConfigExtension,io.smallrye.faulttolerance.FaultToleranceExtension,io.smallrye.metrics.legacyapi.LegacyMetricsExtension,io.smallrye.opentelemetry.implementation.cdi.OpenTelemetryExtension,org.apache.cxf.microprofile.client.cdi.RestClientExtension,org.apache.tomee.microprofile.faulttolerance.MPFaultToleranceCDIExtension,org.apache.tomee.microprofile.health.MPHealthCDIExtension,org.apache.tomee.microprofile.jwt.cdi.MPJWTCDIExtension,org.apache.tomee.microprofile.opentelemetry.MPOpenTelemetryCDIExtension'
26-Oct-2025 21:17:56.190 INFO [main] org.apache.openejb.util.OptionsLog.info Using 'tomee.mp.cdi.extensions=io.smallrye.config.inject.ConfigExtension,io.smallrye.faulttolerance.FaultToleranceExtension,io.smallrye.metrics.legacyapi.LegacyMetricsExtension,io.smallrye.opentelemetry.implementation.cdi.OpenTelemetryExtension,org.apache.cxf.microprofile.client.cdi.RestClientExtension,org.apache.tomee.microprofile.faulttolerance.MPFaultToleranceCDIExtension,org.apache.tomee.microprofile.health.MPHealthCDIExtension,org.apache.tomee.microprofile.jwt.cdi.MPJWTCDIExtension,org.apache.tomee.microprofile.opentelemetry.MPOpenTelemetryCDIExtension'
26-Oct-2025 21:17:56.190 INFO [main] org.apache.openejb.util.OptionsLog.info Using 'tomee.mp.cdi.extensions=io.smallrye.config.inject.ConfigExtension,io.smallrye.faulttolerance.FaultToleranceExtension,io.smallrye.metrics.legacyapi.LegacyMetricsExtension,io.smallrye.opentelemetry.implementation.cdi.OpenTelemetryExtension,org.apache.cxf.microprofile.client.cdi.RestClientExtension,org.apache.tomee.microprofile.faulttolerance.MPFaultToleranceCDIExtension,org.apache.tomee.microprofile.health.MPHealthCDIExtension,org.apache.tomee.microprofile.jwt.cdi.MPJWTCDIExtension,org.apache.tomee.microprofile.opentelemetry.MPOpenTelemetryCDIExtension'
26-Oct-2025 21:17:56.190 INFO [main] org.apache.openejb.util.OptionsLog.info Using 'tomee.mp.cdi.extensions=io.smallrye.config.inject.ConfigExtension,io.smallrye.faulttolerance.FaultToleranceExtension,io.smallrye.metrics.legacyapi.LegacyMetricsExtension,io.smallrye.opentelemetry.implementation.cdi.OpenTelemetryExtension,org.apache.cxf.microprofile.client.cdi.RestClientExtension,org.apache.tomee.microprofile.faulttolerance.MPFaultToleranceCDIExtension,org.apache.tomee.microprofile.health.MPHealthCDIExtension,org.apache.tomee.microprofile.jwt.cdi.MPJWTCDIExtension,org.apache.tomee.microprofile.opentelemetry.MPOpenTelemetryCDIExtension'
26-Oct-2025 21:17:56.191 INFO [main] org.apache.openejb.util.OptionsLog.info Using 'tomee.mp.cdi.extensions=io.smallrye.config.inject.ConfigExtension,io.smallrye.faulttolerance.FaultToleranceExtension,io.smallrye.metrics.legacyapi.LegacyMetricsExtension,io.smallrye.opentelemetry.implementation.cdi.OpenTelemetryExtension,org.apache.cxf.microprofile.client.cdi.RestClientExtension,org.apache.tomee.microprofile.faulttolerance.MPFaultToleranceCDIExtension,org.apache.tomee.microprofile.health.MPHealthCDIExtension,org.apache.tomee.microprofile.jwt.cdi.MPJWTCDIExtension,org.apache.tomee.microprofile.opentelemetry.MPOpenTelemetryCDIExtension'
26-Oct-2025 21:17:56.191 INFO [main] org.apache.openejb.util.OptionsLog.info Using 'tomee.mp.cdi.extensions=io.smallrye.config.inject.ConfigExtension,io.smallrye.faulttolerance.FaultToleranceExtension,io.smallrye.metrics.legacyapi.LegacyMetricsExtension,io.smallrye.opentelemetry.implementation.cdi.OpenTelemetryExtension,org.apache.cxf.microprofile.client.cdi.RestClientExtension,org.apache.tomee.microprofile.faulttolerance.MPFaultToleranceCDIExtension,org.apache.tomee.microprofile.health.MPHealthCDIExtension,org.apache.tomee.microprofile.jwt.cdi.MPJWTCDIExtension,org.apache.tomee.microprofile.opentelemetry.MPOpenTelemetryCDIExtension'
26-Oct-2025 21:17:56.191 INFO [main] org.apache.openejb.util.OptionsLog.info Using 'tomee.mp.cdi.extensions=io.smallrye.config.inject.ConfigExtension,io.smallrye.faulttolerance.FaultToleranceExtension,io.smallrye.metrics.legacyapi.LegacyMetricsExtension,io.smallrye.opentelemetry.implementation.cdi.OpenTelemetryExtension,org.apache.cxf.microprofile.client.cdi.RestClientExtension,org.apache.tomee.microprofile.faulttolerance.MPFaultToleranceCDIExtension,org.apache.tomee.microprofile.health.MPHealthCDIExtension,org.apache.tomee.microprofile.jwt.cdi.MPJWTCDIExtension,org.apache.tomee.microprofile.opentelemetry.MPOpenTelemetryCDIExtension'
26-Oct-2025 21:17:56.191 INFO [main] org.apache.openejb.util.OptionsLog.info Using 'tomee.mp.cdi.extensions=io.smallrye.config.inject.ConfigExtension,io.smallrye.faulttolerance.FaultToleranceExtension,io.smallrye.metrics.legacyapi.LegacyMetricsExtension,io.smallrye.opentelemetry.implementation.cdi.OpenTelemetryExtension,org.apache.cxf.microprofile.client.cdi.RestClientExtension,org.apache.tomee.microprofile.faulttolerance.MPFaultToleranceCDIExtension,org.apache.tomee.microprofile.health.MPHealthCDIExtension,org.apache.tomee.microprofile.jwt.cdi.MPJWTCDIExtension,org.apache.tomee.microprofile.opentelemetry.MPOpenTelemetryCDIExtension'
26-Oct-2025 21:17:56.191 INFO [main] org.apache.openejb.util.OptionsLog.info Using 'tomee.mp.cdi.extensions=io.smallrye.config.inject.ConfigExtension,io.smallrye.faulttolerance.FaultToleranceExtension,io.smallrye.metrics.legacyapi.LegacyMetricsExtension,io.smallrye.opentelemetry.implementation.cdi.OpenTelemetryExtension,org.apache.cxf.microprofile.client.cdi.RestClientExtension,org.apache.tomee.microprofile.faulttolerance.MPFaultToleranceCDIExtension,org.apache.tomee.microprofile.health.MPHealthCDIExtension,org.apache.tomee.microprofile.jwt.cdi.MPJWTCDIExtension,org.apache.tomee.microprofile.opentelemetry.MPOpenTelemetryCDIExtension'
26-Oct-2025 21:17:56.385 INFO [main] org.apache.webbeans.config.BeansDeployer.validateInjectionPoints All injection points were validated successfully.
26-Oct-2025 21:17:56.388 INFO [main] org.apache.openejb.cdi.OpenEJBLifecycle.startApplication OpenWebBeans Container has started, it took 298 ms.
26-Oct-2025 21:17:56.390 INFO [main] org.apache.openejb.assembler.classic.ValidatorBuilder.getConfig Ignoring XML Configuration for validator org.apache.bval.jsr.ConfigurationImpl
26-Oct-2025 21:17:56.408 INFO [main] org.apache.openejb.assembler.classic.Assembler.startEjbs Created Ejb(deployment-id=ChangeRemoteServiceImpl, ejb-name=ChangeRemoteServiceImpl, container=Default Stateless Container)
26-Oct-2025 21:17:56.411 INFO [main] org.apache.openejb.assembler.classic.Assembler.startEjbs Created Ejb(deployment-id=ChangeServiceImpl, ejb-name=ChangeServiceImpl, container=Default Stateless Container)
26-Oct-2025 21:17:56.420 INFO [main] org.apache.openejb.assembler.classic.Assembler.startEjbs Started Ejb(deployment-id=ChangeRemoteServiceImpl, ejb-name=ChangeRemoteServiceImpl, container=Default Stateless Container)
26-Oct-2025 21:17:56.424 INFO [main] org.apache.openejb.assembler.classic.Assembler.startEjbs Started Ejb(deployment-id=ChangeServiceImpl, ejb-name=ChangeServiceImpl, container=Default Stateless Container)
26-Oct-2025 21:17:56.426 WARNING [main] org.apache.batchee.container.services.ServicesManager.init You didn't specify org.apache.batchee.jmx.application and JMX is already registered, skipping
26-Oct-2025 21:17:56.426 INFO [main] org.apache.openejb.assembler.classic.Assembler.createApplication Deployed Application(path=/usr/local/tomee/webapps/ROOT)
26-Oct-2025 21:17:56.543 INFO [main] org.apache.jasper.servlet.TldScanner.scanJars At least one JAR was scanned for TLDs yet contained no TLDs. Enable debug logging for this logger for a complete list of JARs that were scanned but no TLDs were found in them. Skipping unneeded JARs during scanning can improve startup time and JSP compilation time.
26-Oct-2025 21:17:56.583 INFO [main] jdk.internal.reflect.DelegatingMethodAccessorImpl.invoke Deployment of web application archive [/usr/local/tomee/webapps/ROOT.war] has finished in [994] ms
26-Oct-2025 21:17:56.593 INFO [main] jdk.internal.reflect.DelegatingMethodAccessorImpl.invoke Starting ProtocolHandler ["http-nio-0.0.0.0-8080"]
26-Oct-2025 21:17:56.602 INFO [main] jdk.internal.reflect.DelegatingMethodAccessorImpl.invoke Server startup in [1083] milliseconds
26-Oct-2025 21:18:05.351 WARNING [http-nio-0.0.0.0-8080-exec-4] org.apache.openejb.server.ejbd.EjbDaemon.service "null OEJP/4.6" FAIL "Unexpected error - Unable to read protocol version.  Reached the end of the stream." - Debug for StackTrace
