25-Oct-2025 11:00:51.920 INFO [main] org.apache.openejb.persistence.PersistenceBootstrap.getDefaultProvider Default JPA Provider changed to org.eclipse.persistence.jpa.PersistenceProvider specified by jar:file:/usr/local/tomee/lib/openejb-core-eclipselink-10.1.0.jar!/META-INF/org.apache.openejb.persistence.PersistenceBootstrap.provider
25-Oct-2025 11:00:52.219 INFO [main] jdk.internal.reflect.NativeMethodAccessorImpl.invoke Server version name:   Apache Tomcat (TomEE)/10.1.42 (10.1.0)
25-Oct-2025 11:00:52.219 INFO [main] jdk.internal.reflect.NativeMethodAccessorImpl.invoke Server built:          Jun 5 2025 22:35:46 UTC
25-Oct-2025 11:00:52.219 INFO [main] jdk.internal.reflect.NativeMethodAccessorImpl.invoke Server version number: 10.1.42.0
25-Oct-2025 11:00:52.219 INFO [main] jdk.internal.reflect.NativeMethodAccessorImpl.invoke OS Name:               Linux
25-Oct-2025 11:00:52.220 INFO [main] jdk.internal.reflect.NativeMethodAccessorImpl.invoke OS Version:            6.10.14-linuxkit
25-Oct-2025 11:00:52.220 INFO [main] jdk.internal.reflect.NativeMethodAccessorImpl.invoke Architecture:          amd64
25-Oct-2025 11:00:52.220 INFO [main] jdk.internal.reflect.NativeMethodAccessorImpl.invoke Java Home:             /opt/java/openjdk
25-Oct-2025 11:00:52.220 INFO [main] jdk.internal.reflect.NativeMethodAccessorImpl.invoke JVM Version:           17.0.16+8
25-Oct-2025 11:00:52.220 INFO [main] jdk.internal.reflect.NativeMethodAccessorImpl.invoke JVM Vendor:            Eclipse Adoptium
25-Oct-2025 11:00:52.221 INFO [main] jdk.internal.reflect.NativeMethodAccessorImpl.invoke CATALINA_BASE:         /usr/local/tomee
25-Oct-2025 11:00:52.221 INFO [main] jdk.internal.reflect.NativeMethodAccessorImpl.invoke CATALINA_HOME:         /usr/local/tomee
25-Oct-2025 11:00:52.222 INFO [main] jdk.internal.reflect.NativeMethodAccessorImpl.invoke Command line argument: -Djava.util.logging.config.file=/usr/local/tomee/conf/logging.properties
25-Oct-2025 11:00:52.222 INFO [main] jdk.internal.reflect.NativeMethodAccessorImpl.invoke Command line argument: -Djava.util.logging.manager=org.apache.juli.ClassLoaderLogManager
25-Oct-2025 11:00:52.222 INFO [main] jdk.internal.reflect.NativeMethodAccessorImpl.invoke Command line argument: -javaagent:/usr/local/tomee/lib/openejb-javaagent.jar
25-Oct-2025 11:00:52.223 INFO [main] jdk.internal.reflect.NativeMethodAccessorImpl.invoke Command line argument: -Djava.awt.headless=true
25-Oct-2025 11:00:52.223 INFO [main] jdk.internal.reflect.NativeMethodAccessorImpl.invoke Command line argument: -Dfile.encoding=UTF-8
25-Oct-2025 11:00:52.224 INFO [main] jdk.internal.reflect.DelegatingMethodAccessorImpl.invoke Command line argument: -Djdk.tls.ephemeralDHKeySize=2048
25-Oct-2025 11:00:52.224 INFO [main] jdk.internal.reflect.DelegatingMethodAccessorImpl.invoke Command line argument: -Djava.protocol.handler.pkgs=org.apache.catalina.webresources
25-Oct-2025 11:00:52.224 INFO [main] jdk.internal.reflect.DelegatingMethodAccessorImpl.invoke Command line argument: -Dsun.io.useCanonCaches=false
25-Oct-2025 11:00:52.224 INFO [main] jdk.internal.reflect.DelegatingMethodAccessorImpl.invoke Command line argument: -Dorg.apache.catalina.security.SecurityListener.UMASK=0027
25-Oct-2025 11:00:52.224 INFO [main] jdk.internal.reflect.DelegatingMethodAccessorImpl.invoke Command line argument: --add-opens=java.base/java.lang=ALL-UNNAMED
25-Oct-2025 11:00:52.224 INFO [main] jdk.internal.reflect.DelegatingMethodAccessorImpl.invoke Command line argument: --add-opens=java.base/java.lang.reflect=ALL-UNNAMED
25-Oct-2025 11:00:52.224 INFO [main] jdk.internal.reflect.DelegatingMethodAccessorImpl.invoke Command line argument: --add-opens=java.base/java.io=ALL-UNNAMED
25-Oct-2025 11:00:52.224 INFO [main] jdk.internal.reflect.DelegatingMethodAccessorImpl.invoke Command line argument: --add-opens=java.base/java.util=ALL-UNNAMED
25-Oct-2025 11:00:52.224 INFO [main] jdk.internal.reflect.DelegatingMethodAccessorImpl.invoke Command line argument: --add-opens=java.base/java.util.concurrent=ALL-UNNAMED
25-Oct-2025 11:00:52.225 INFO [main] jdk.internal.reflect.DelegatingMethodAccessorImpl.invoke Command line argument: --add-opens=java.rmi/sun.rmi.transport=ALL-UNNAMED
25-Oct-2025 11:00:52.225 INFO [main] jdk.internal.reflect.DelegatingMethodAccessorImpl.invoke Command line argument: -Xmx512m
25-Oct-2025 11:00:52.225 INFO [main] jdk.internal.reflect.DelegatingMethodAccessorImpl.invoke Command line argument: -Dtomee.remote.support=true
25-Oct-2025 11:00:52.225 INFO [main] jdk.internal.reflect.DelegatingMethodAccessorImpl.invoke Command line argument: -Dopenejb.cdi.activated=true
25-Oct-2025 11:00:52.225 INFO [main] jdk.internal.reflect.DelegatingMethodAccessorImpl.invoke Command line argument: -Dtomee.serialization.class.blacklist=-
25-Oct-2025 11:00:52.225 INFO [main] jdk.internal.reflect.DelegatingMethodAccessorImpl.invoke Command line argument: -Dopenejb.system.apps=true
25-Oct-2025 11:00:52.226 INFO [main] jdk.internal.reflect.DelegatingMethodAccessorImpl.invoke Command line argument: -Dcatalina.base=/usr/local/tomee
25-Oct-2025 11:00:52.226 INFO [main] jdk.internal.reflect.DelegatingMethodAccessorImpl.invoke Command line argument: -Dcatalina.home=/usr/local/tomee
25-Oct-2025 11:00:52.226 INFO [main] jdk.internal.reflect.DelegatingMethodAccessorImpl.invoke Command line argument: -Djava.io.tmpdir=/usr/local/tomee/temp
25-Oct-2025 11:00:52.228 INFO [main] jdk.internal.reflect.DelegatingMethodAccessorImpl.invoke The Apache Tomcat Native library which allows using OpenSSL was not found on the java.library.path: [/opt/java/openjdk/lib/server:/opt/java/openjdk/lib:/opt/java/openjdk/../lib:/usr/java/packages/lib:/usr/lib64:/lib64:/lib:/usr/lib]
25-Oct-2025 11:00:52.570 INFO [main] jdk.internal.reflect.DelegatingMethodAccessorImpl.invoke Initializing ProtocolHandler ["http-nio-127.0.0.5-8080"]
25-Oct-2025 11:00:52.826 INFO [main] org.apache.openejb.util.OptionsLog.info Using 'tomee.remote.support=true'
25-Oct-2025 11:00:52.837 INFO [main] org.apache.openejb.util.OptionsLog.info Using 'openejb.jdbc.datasource-creator=org.apache.tomee.jdbc.TomEEDataSourceCreator'
25-Oct-2025 11:00:52.938 INFO [main] org.apache.openejb.OpenEJB$Instance.<init> ********************************************************************************
25-Oct-2025 11:00:52.938 INFO [main] org.apache.openejb.OpenEJB$Instance.<init> OpenEJB http://tomee.apache.org/
25-Oct-2025 11:00:52.938 INFO [main] org.apache.openejb.OpenEJB$Instance.<init> Startup: Sat Oct 25 11:00:52 GMT 2025
25-Oct-2025 11:00:52.938 INFO [main] org.apache.openejb.OpenEJB$Instance.<init> Copyright 1999-2025 (C) Apache TomEE Project, All Rights Reserved.
25-Oct-2025 11:00:52.938 INFO [main] org.apache.openejb.OpenEJB$Instance.<init> Version: 10.1.0
25-Oct-2025 11:00:52.938 INFO [main] org.apache.openejb.OpenEJB$Instance.<init> Build date: 20250610
25-Oct-2025 11:00:52.938 INFO [main] org.apache.openejb.OpenEJB$Instance.<init> Build time: 04:18
25-Oct-2025 11:00:52.938 INFO [main] org.apache.openejb.OpenEJB$Instance.<init> ********************************************************************************
25-Oct-2025 11:00:52.939 INFO [main] org.apache.openejb.OpenEJB$Instance.<init> openejb.home = /usr/local/tomee
25-Oct-2025 11:00:52.939 INFO [main] org.apache.openejb.OpenEJB$Instance.<init> openejb.base = /usr/local/tomee
25-Oct-2025 11:00:52.942 INFO [main] org.apache.openejb.cdi.CdiBuilder.initializeOWB Created new singletonService org.apache.openejb.cdi.ThreadSingletonServiceImpl@d771cc9
25-Oct-2025 11:00:52.944 INFO [main] org.apache.openejb.cdi.CdiBuilder.initializeOWB Succeeded in installing singleton service
25-Oct-2025 11:00:52.976 INFO [main] org.apache.openejb.config.ConfigurationFactory.init TomEE configuration file is '/usr/local/tomee/conf/tomee.xml'
25-Oct-2025 11:00:53.014 INFO [main] org.apache.openejb.config.ConfigurationFactory.configureService Configuring Service(id=Tomcat Security Service, type=SecurityService, provider-id=Tomcat Security Service)
25-Oct-2025 11:00:53.016 INFO [main] org.apache.openejb.config.ConfigurationFactory.configureService Configuring Service(id=Default Transaction Manager, type=TransactionManager, provider-id=Default Transaction Manager)
25-Oct-2025 11:00:53.018 INFO [main] org.apache.openejb.util.OptionsLog.info Using 'openejb.system.apps=true'
25-Oct-2025 11:00:53.021 INFO [main] org.apache.openejb.config.ConfigurationFactory.configureService Configuring Service(id=Default Singleton Container, type=Container, provider-id=Default Singleton Container)
25-Oct-2025 11:00:53.042 INFO [main] org.apache.openejb.assembler.classic.Assembler.createRecipe Creating TransactionManager(id=Default Transaction Manager)
25-Oct-2025 11:00:53.086 INFO [main] org.apache.openejb.assembler.classic.Assembler.createRecipe Creating SecurityService(id=Tomcat Security Service)
25-Oct-2025 11:00:53.117 INFO [main] org.apache.openejb.assembler.classic.Assembler.createRecipe Creating Container(id=Default Singleton Container)
25-Oct-2025 11:00:53.135 INFO [main] org.apache.openejb.assembler.classic.Assembler.createApplication Assembling app: openejb
25-Oct-2025 11:00:53.250 INFO [main] org.apache.openejb.util.OptionsLog.info Using 'openejb.jndiname.format={deploymentId}{interfaceType.openejbLegacyName}'
25-Oct-2025 11:00:53.263 INFO [main] org.apache.openejb.assembler.classic.JndiBuilder.bind Jndi(name=openejb/DeployerBusinessRemote) --> Ejb(deployment-id=openejb/Deployer)
25-Oct-2025 11:00:53.264 INFO [main] org.apache.openejb.assembler.classic.JndiBuilder.bind Jndi(name=global/openejb/openejb/openejb/Deployer!org.apache.openejb.assembler.Deployer) --> Ejb(deployment-id=openejb/Deployer)
25-Oct-2025 11:00:53.266 INFO [main] org.apache.openejb.assembler.classic.JndiBuilder.bind Jndi(name=global/openejb/openejb/openejb/Deployer) --> Ejb(deployment-id=openejb/Deployer)
25-Oct-2025 11:00:53.267 INFO [main] org.apache.openejb.assembler.classic.JndiBuilder.bind Jndi(name=openejb/ConfigurationInfoBusinessRemote) --> Ejb(deployment-id=openejb/ConfigurationInfo)
25-Oct-2025 11:00:53.268 INFO [main] org.apache.openejb.assembler.classic.JndiBuilder.bind Jndi(name=global/openejb/openejb/openejb/Deployer!org.apache.openejb.assembler.classic.cmd.ConfigurationInfo) --> Ejb(deployment-id=openejb/ConfigurationInfo)
25-Oct-2025 11:00:53.288 INFO [main] org.apache.openejb.assembler.classic.Assembler.startEjbs Created Ejb(deployment-id=openejb/ConfigurationInfo, ejb-name=openejb/Deployer, container=Default Singleton Container)
25-Oct-2025 11:00:53.293 INFO [main] org.apache.openejb.assembler.classic.Assembler.startEjbs Created Ejb(deployment-id=openejb/Deployer, ejb-name=openejb/Deployer, container=Default Singleton Container)
25-Oct-2025 11:00:53.293 INFO [main] org.apache.openejb.assembler.classic.Assembler.startEjbs Started Ejb(deployment-id=openejb/ConfigurationInfo, ejb-name=openejb/Deployer, container=Default Singleton Container)
25-Oct-2025 11:00:53.293 INFO [main] org.apache.openejb.assembler.classic.Assembler.startEjbs Started Ejb(deployment-id=openejb/Deployer, ejb-name=openejb/Deployer, container=Default Singleton Container)
25-Oct-2025 11:00:53.302 INFO [main] org.apache.openejb.assembler.classic.Assembler.deployMBean Deployed MBean(openejb.user.mbeans:application=openejb,group=org.apache.openejb.assembler.monitoring,name=JMXDeployer)
25-Oct-2025 11:00:53.305 WARNING [main] org.apache.batchee.container.services.ServicesManager.init You didn't specify org.apache.batchee.jmx.application and JMX is already registered, skipping
25-Oct-2025 11:00:53.305 INFO [main] org.apache.openejb.assembler.classic.Assembler.createApplication Deployed Application(path=openejb)
25-Oct-2025 11:00:53.360 INFO [main] org.apache.openejb.server.ServiceManager.initServer Creating ServerService(id=cxf)
25-Oct-2025 11:00:53.569 INFO [main] org.apache.openejb.server.ServiceManager.initServer Creating ServerService(id=cxf-rs)
25-Oct-2025 11:00:53.618 INFO [main] org.apache.openejb.server.SimpleServiceManager.start   ** Bound Services **
25-Oct-2025 11:00:53.619 INFO [main] org.apache.openejb.server.SimpleServiceManager.printRow   NAME                 IP              PORT  
25-Oct-2025 11:00:53.619 INFO [main] org.apache.openejb.server.SimpleServiceManager.start -------
25-Oct-2025 11:00:53.619 INFO [main] org.apache.openejb.server.SimpleServiceManager.start Ready!
25-Oct-2025 11:00:53.619 INFO [main] jdk.internal.reflect.DelegatingMethodAccessorImpl.invoke Server initialization in [1648] milliseconds
25-Oct-2025 11:00:53.654 INFO [main] org.apache.tomee.catalina.OpenEJBNamingContextListener.bindResource Importing a Tomcat Resource with id 'UserDatabase' of type 'org.apache.catalina.UserDatabase'.
25-Oct-2025 11:00:53.662 INFO [main] org.apache.openejb.assembler.classic.Assembler.createRecipe Creating Resource(id=UserDatabase)
25-Oct-2025 11:00:53.691 INFO [main] jdk.internal.reflect.DelegatingMethodAccessorImpl.invoke Starting service [Catalina]
25-Oct-2025 11:00:53.692 INFO [main] jdk.internal.reflect.DelegatingMethodAccessorImpl.invoke Starting Servlet engine: [Apache Tomcat (TomEE)/10.1.42 (10.1.0)]
25-Oct-2025 11:00:53.709 INFO [main] jdk.internal.reflect.DelegatingMethodAccessorImpl.invoke Deploying web application archive [/usr/local/tomee/webapps/ROOT.war]
25-Oct-2025 11:00:53.716 INFO [main] org.apache.tomee.catalina.TomcatWebAppBuilder.init ------------------------- 127.0.0.5 -> /
25-Oct-2025 11:00:53.865 INFO [main] org.apache.openejb.util.OptionsLog.info Using 'tomee.mp.cdi.extensions=io.smallrye.config.inject.ConfigExtension,io.smallrye.faulttolerance.FaultToleranceExtension,io.smallrye.metrics.legacyapi.LegacyMetricsExtension,io.smallrye.opentelemetry.implementation.cdi.OpenTelemetryExtension,org.apache.cxf.microprofile.client.cdi.RestClientExtension,org.apache.tomee.microprofile.faulttolerance.MPFaultToleranceCDIExtension,org.apache.tomee.microprofile.health.MPHealthCDIExtension,org.apache.tomee.microprofile.jwt.cdi.MPJWTCDIExtension,org.apache.tomee.microprofile.opentelemetry.MPOpenTelemetryCDIExtension'
25-Oct-2025 11:00:53.955 INFO [main] org.apache.openejb.config.ConfigurationFactory.configureApplication Configuring enterprise application: /usr/local/tomee/webapps/ROOT
25-Oct-2025 11:00:54.032 INFO [main] org.apache.openejb.config.InitEjbDeployments.deploy Auto-deploying ejb ChangeServiceImpl: EjbDeployment(deployment-id=ChangeServiceImpl)
25-Oct-2025 11:00:54.032 INFO [main] org.apache.openejb.config.InitEjbDeployments.deploy Auto-deploying ejb ChangeRemoteServiceImpl: EjbDeployment(deployment-id=ChangeRemoteServiceImpl)
25-Oct-2025 11:00:54.035 INFO [main] org.apache.openejb.config.ConfigurationFactory.configureService Configuring Service(id=Default Stateless Container, type=Container, provider-id=Default Stateless Container)
25-Oct-2025 11:00:54.036 INFO [main] org.apache.openejb.config.AutoConfig.createContainer Auto-creating a container for bean ChangeServiceImpl: Container(type=STATELESS, id=Default Stateless Container)
25-Oct-2025 11:00:54.036 INFO [main] org.apache.openejb.assembler.classic.Assembler.createRecipe Creating Container(id=Default Stateless Container)
25-Oct-2025 11:00:54.044 INFO [main] org.apache.openejb.config.ConfigurationFactory.configureService Configuring Service(id=Default Managed Container, type=Container, provider-id=Default Managed Container)
25-Oct-2025 11:00:54.044 INFO [main] org.apache.openejb.config.AutoConfig.createContainer Auto-creating a container for bean .Comp1813375175: Container(type=MANAGED, id=Default Managed Container)
25-Oct-2025 11:00:54.045 INFO [main] org.apache.openejb.assembler.classic.Assembler.createRecipe Creating Container(id=Default Managed Container)
25-Oct-2025 11:00:54.051 INFO [main] org.apache.openejb.core.managed.SimplePassivater.init Using directory /usr/local/tomee/temp for stateful session passivation
25-Oct-2025 11:00:54.069 INFO [main] org.apache.openejb.config.AppInfoBuilder.build Enterprise application "/usr/local/tomee/webapps/ROOT" loaded.
25-Oct-2025 11:00:54.069 INFO [main] org.apache.openejb.assembler.classic.Assembler.createApplication Assembling app: /usr/local/tomee/webapps/ROOT
25-Oct-2025 11:00:54.088 INFO [main] org.apache.openejb.assembler.classic.JndiBuilder.bind Jndi(name=ChangeServiceImplLocal) --> Ejb(deployment-id=ChangeServiceImpl)
25-Oct-2025 11:00:54.089 INFO [main] org.apache.openejb.assembler.classic.JndiBuilder.bind Jndi(name=global/ChangeServiceImpl!mg.razherana.banking.change.services.changeServices.ChangeService) --> Ejb(deployment-id=ChangeServiceImpl)
25-Oct-2025 11:00:54.089 INFO [main] org.apache.openejb.assembler.classic.JndiBuilder.bind Jndi(name=global/ChangeServiceImpl) --> Ejb(deployment-id=ChangeServiceImpl)
25-Oct-2025 11:00:54.089 INFO [main] org.apache.openejb.assembler.classic.JndiBuilder.bind Jndi(name=ChangeRemoteServiceImplRemote) --> Ejb(deployment-id=ChangeRemoteServiceImpl)
25-Oct-2025 11:00:54.089 INFO [main] org.apache.openejb.assembler.classic.JndiBuilder.bind Jndi(name=global//ChangeRemoteServiceImpl!mg.razherana.banking.change.services.changeServices.ChangeRemoteService) --> Ejb(deployment-id=ChangeRemoteServiceImpl)
25-Oct-2025 11:00:54.090 INFO [main] org.apache.openejb.assembler.classic.JndiBuilder.bind Jndi(name=global/ChangeRemoteServiceImpl!mg.razherana.banking.change.services.changeServices.ChangeRemoteService) --> Ejb(deployment-id=ChangeRemoteServiceImpl)
25-Oct-2025 11:00:54.090 INFO [main] org.apache.openejb.assembler.classic.JndiBuilder.bind Jndi(name=global/ChangeRemoteServiceImpl) --> Ejb(deployment-id=ChangeRemoteServiceImpl)
25-Oct-2025 11:00:54.121 INFO [main] org.apache.openejb.cdi.CdiBuilder.initSingleton Existing thread singleton service in SystemInstance(): org.apache.openejb.cdi.ThreadSingletonServiceImpl@d771cc9
25-Oct-2025 11:00:54.212 INFO [main] org.apache.openejb.cdi.OpenEJBLifecycle.startApplication OpenWebBeans Container is starting...
25-Oct-2025 11:00:54.218 INFO [main] org.apache.webbeans.plugins.PluginLoader.startUp Adding OpenWebBeansPlugin : [CdiPlugin]
25-Oct-2025 11:00:54.222 INFO [main] org.apache.openejb.cdi.CdiScanner.handleBda Using annotated mode for file:/usr/local/tomee/webapps/ROOT/WEB-INF/classes/ looking all classes to find CDI beans, maybe think to add a beans.xml if not there or add the jar to exclusions.list
25-Oct-2025 11:00:54.340 INFO [main] org.apache.openejb.util.OptionsLog.info Using 'tomee.mp.cdi.extensions=io.smallrye.config.inject.ConfigExtension,io.smallrye.faulttolerance.FaultToleranceExtension,io.smallrye.metrics.legacyapi.LegacyMetricsExtension,io.smallrye.opentelemetry.implementation.cdi.OpenTelemetryExtension,org.apache.cxf.microprofile.client.cdi.RestClientExtension,org.apache.tomee.microprofile.faulttolerance.MPFaultToleranceCDIExtension,org.apache.tomee.microprofile.health.MPHealthCDIExtension,org.apache.tomee.microprofile.jwt.cdi.MPJWTCDIExtension,org.apache.tomee.microprofile.opentelemetry.MPOpenTelemetryCDIExtension'
25-Oct-2025 11:00:54.340 INFO [main] org.apache.openejb.util.OptionsLog.info Using 'tomee.mp.cdi.extensions=io.smallrye.config.inject.ConfigExtension,io.smallrye.faulttolerance.FaultToleranceExtension,io.smallrye.metrics.legacyapi.LegacyMetricsExtension,io.smallrye.opentelemetry.implementation.cdi.OpenTelemetryExtension,org.apache.cxf.microprofile.client.cdi.RestClientExtension,org.apache.tomee.microprofile.faulttolerance.MPFaultToleranceCDIExtension,org.apache.tomee.microprofile.health.MPHealthCDIExtension,org.apache.tomee.microprofile.jwt.cdi.MPJWTCDIExtension,org.apache.tomee.microprofile.opentelemetry.MPOpenTelemetryCDIExtension'
25-Oct-2025 11:00:54.340 INFO [main] org.apache.openejb.util.OptionsLog.info Using 'tomee.mp.cdi.extensions=io.smallrye.config.inject.ConfigExtension,io.smallrye.faulttolerance.FaultToleranceExtension,io.smallrye.metrics.legacyapi.LegacyMetricsExtension,io.smallrye.opentelemetry.implementation.cdi.OpenTelemetryExtension,org.apache.cxf.microprofile.client.cdi.RestClientExtension,org.apache.tomee.microprofile.faulttolerance.MPFaultToleranceCDIExtension,org.apache.tomee.microprofile.health.MPHealthCDIExtension,org.apache.tomee.microprofile.jwt.cdi.MPJWTCDIExtension,org.apache.tomee.microprofile.opentelemetry.MPOpenTelemetryCDIExtension'
25-Oct-2025 11:00:54.341 INFO [main] org.apache.openejb.util.OptionsLog.info Using 'tomee.mp.cdi.extensions=io.smallrye.config.inject.ConfigExtension,io.smallrye.faulttolerance.FaultToleranceExtension,io.smallrye.metrics.legacyapi.LegacyMetricsExtension,io.smallrye.opentelemetry.implementation.cdi.OpenTelemetryExtension,org.apache.cxf.microprofile.client.cdi.RestClientExtension,org.apache.tomee.microprofile.faulttolerance.MPFaultToleranceCDIExtension,org.apache.tomee.microprofile.health.MPHealthCDIExtension,org.apache.tomee.microprofile.jwt.cdi.MPJWTCDIExtension,org.apache.tomee.microprofile.opentelemetry.MPOpenTelemetryCDIExtension'
25-Oct-2025 11:00:54.341 INFO [main] org.apache.openejb.util.OptionsLog.info Using 'tomee.mp.cdi.extensions=io.smallrye.config.inject.ConfigExtension,io.smallrye.faulttolerance.FaultToleranceExtension,io.smallrye.metrics.legacyapi.LegacyMetricsExtension,io.smallrye.opentelemetry.implementation.cdi.OpenTelemetryExtension,org.apache.cxf.microprofile.client.cdi.RestClientExtension,org.apache.tomee.microprofile.faulttolerance.MPFaultToleranceCDIExtension,org.apache.tomee.microprofile.health.MPHealthCDIExtension,org.apache.tomee.microprofile.jwt.cdi.MPJWTCDIExtension,org.apache.tomee.microprofile.opentelemetry.MPOpenTelemetryCDIExtension'
25-Oct-2025 11:00:54.341 INFO [main] org.apache.openejb.util.OptionsLog.info Using 'tomee.mp.cdi.extensions=io.smallrye.config.inject.ConfigExtension,io.smallrye.faulttolerance.FaultToleranceExtension,io.smallrye.metrics.legacyapi.LegacyMetricsExtension,io.smallrye.opentelemetry.implementation.cdi.OpenTelemetryExtension,org.apache.cxf.microprofile.client.cdi.RestClientExtension,org.apache.tomee.microprofile.faulttolerance.MPFaultToleranceCDIExtension,org.apache.tomee.microprofile.health.MPHealthCDIExtension,org.apache.tomee.microprofile.jwt.cdi.MPJWTCDIExtension,org.apache.tomee.microprofile.opentelemetry.MPOpenTelemetryCDIExtension'
25-Oct-2025 11:00:54.341 INFO [main] org.apache.openejb.util.OptionsLog.info Using 'tomee.mp.cdi.extensions=io.smallrye.config.inject.ConfigExtension,io.smallrye.faulttolerance.FaultToleranceExtension,io.smallrye.metrics.legacyapi.LegacyMetricsExtension,io.smallrye.opentelemetry.implementation.cdi.OpenTelemetryExtension,org.apache.cxf.microprofile.client.cdi.RestClientExtension,org.apache.tomee.microprofile.faulttolerance.MPFaultToleranceCDIExtension,org.apache.tomee.microprofile.health.MPHealthCDIExtension,org.apache.tomee.microprofile.jwt.cdi.MPJWTCDIExtension,org.apache.tomee.microprofile.opentelemetry.MPOpenTelemetryCDIExtension'
25-Oct-2025 11:00:54.341 INFO [main] org.apache.openejb.util.OptionsLog.info Using 'tomee.mp.cdi.extensions=io.smallrye.config.inject.ConfigExtension,io.smallrye.faulttolerance.FaultToleranceExtension,io.smallrye.metrics.legacyapi.LegacyMetricsExtension,io.smallrye.opentelemetry.implementation.cdi.OpenTelemetryExtension,org.apache.cxf.microprofile.client.cdi.RestClientExtension,org.apache.tomee.microprofile.faulttolerance.MPFaultToleranceCDIExtension,org.apache.tomee.microprofile.health.MPHealthCDIExtension,org.apache.tomee.microprofile.jwt.cdi.MPJWTCDIExtension,org.apache.tomee.microprofile.opentelemetry.MPOpenTelemetryCDIExtension'
25-Oct-2025 11:00:54.342 INFO [main] org.apache.openejb.util.OptionsLog.info Using 'tomee.mp.cdi.extensions=io.smallrye.config.inject.ConfigExtension,io.smallrye.faulttolerance.FaultToleranceExtension,io.smallrye.metrics.legacyapi.LegacyMetricsExtension,io.smallrye.opentelemetry.implementation.cdi.OpenTelemetryExtension,org.apache.cxf.microprofile.client.cdi.RestClientExtension,org.apache.tomee.microprofile.faulttolerance.MPFaultToleranceCDIExtension,org.apache.tomee.microprofile.health.MPHealthCDIExtension,org.apache.tomee.microprofile.jwt.cdi.MPJWTCDIExtension,org.apache.tomee.microprofile.opentelemetry.MPOpenTelemetryCDIExtension'
25-Oct-2025 11:00:54.342 INFO [main] org.apache.openejb.util.OptionsLog.info Using 'tomee.mp.cdi.extensions=io.smallrye.config.inject.ConfigExtension,io.smallrye.faulttolerance.FaultToleranceExtension,io.smallrye.metrics.legacyapi.LegacyMetricsExtension,io.smallrye.opentelemetry.implementation.cdi.OpenTelemetryExtension,org.apache.cxf.microprofile.client.cdi.RestClientExtension,org.apache.tomee.microprofile.faulttolerance.MPFaultToleranceCDIExtension,org.apache.tomee.microprofile.health.MPHealthCDIExtension,org.apache.tomee.microprofile.jwt.cdi.MPJWTCDIExtension,org.apache.tomee.microprofile.opentelemetry.MPOpenTelemetryCDIExtension'
25-Oct-2025 11:00:54.726 INFO [main] org.apache.webbeans.config.BeansDeployer.validateInjectionPoints All injection points were validated successfully.
25-Oct-2025 11:00:54.732 INFO [main] org.apache.openejb.cdi.OpenEJBLifecycle.startApplication OpenWebBeans Container has started, it took 520 ms.
25-Oct-2025 11:00:54.736 INFO [main] org.apache.openejb.assembler.classic.ValidatorBuilder.getConfig Ignoring XML Configuration for validator org.apache.bval.jsr.ConfigurationImpl
25-Oct-2025 11:00:54.768 INFO [main] org.apache.openejb.assembler.classic.Assembler.startEjbs Created Ejb(deployment-id=ChangeRemoteServiceImpl, ejb-name=ChangeRemoteServiceImpl, container=Default Stateless Container)
25-Oct-2025 11:00:54.773 INFO [main] org.apache.openejb.assembler.classic.Assembler.startEjbs Created Ejb(deployment-id=ChangeServiceImpl, ejb-name=ChangeServiceImpl, container=Default Stateless Container)
25-Oct-2025 11:00:54.791 INFO [main] org.apache.openejb.assembler.classic.Assembler.startEjbs Started Ejb(deployment-id=ChangeRemoteServiceImpl, ejb-name=ChangeRemoteServiceImpl, container=Default Stateless Container)
25-Oct-2025 11:00:54.801 INFO [main] org.apache.openejb.assembler.classic.Assembler.startEjbs Started Ejb(deployment-id=ChangeServiceImpl, ejb-name=ChangeServiceImpl, container=Default Stateless Container)
25-Oct-2025 11:00:54.804 WARNING [main] org.apache.batchee.container.services.ServicesManager.init You didn't specify org.apache.batchee.jmx.application and JMX is already registered, skipping
25-Oct-2025 11:00:54.805 INFO [main] org.apache.openejb.assembler.classic.Assembler.createApplication Deployed Application(path=/usr/local/tomee/webapps/ROOT)
25-Oct-2025 11:00:54.970 INFO [main] org.apache.jasper.servlet.TldScanner.scanJars At least one JAR was scanned for TLDs yet contained no TLDs. Enable debug logging for this logger for a complete list of JARs that were scanned but no TLDs were found in them. Skipping unneeded JARs during scanning can improve startup time and JSP compilation time.
25-Oct-2025 11:00:55.028 INFO [main] jdk.internal.reflect.DelegatingMethodAccessorImpl.invoke Deployment of web application archive [/usr/local/tomee/webapps/ROOT.war] has finished in [1,318] ms
25-Oct-2025 11:00:55.044 INFO [main] jdk.internal.reflect.DelegatingMethodAccessorImpl.invoke Starting ProtocolHandler ["http-nio-127.0.0.5-8080"]
25-Oct-2025 11:00:55.057 INFO [main] jdk.internal.reflect.DelegatingMethodAccessorImpl.invoke Server startup in [1437] milliseconds
25-Oct-2025 11:01:32.482 INFO [Thread-22] jdk.internal.reflect.DelegatingMethodAccessorImpl.invoke Pausing ProtocolHandler ["http-nio-127.0.0.5-8080"]
25-Oct-2025 11:01:32.486 INFO [Thread-22] jdk.internal.reflect.DelegatingMethodAccessorImpl.invoke Stopping service [Catalina]
25-Oct-2025 11:01:32.492 INFO [Thread-22] org.apache.openejb.assembler.classic.Assembler.destroyApplication Undeploying app: /usr/local/tomee/webapps/ROOT
25-Oct-2025 11:01:32.543 INFO [Thread-22] jdk.internal.reflect.DelegatingMethodAccessorImpl.invoke Stopping ProtocolHandler ["http-nio-127.0.0.5-8080"]
25-Oct-2025 11:01:32.552 INFO [Thread-22] org.apache.openejb.server.SimpleServiceManager.stop Stopping server services
25-Oct-2025 11:01:32.557 INFO [Thread-22] org.apache.openejb.assembler.classic.Assembler.destroyApplication Undeploying app: openejb
25-Oct-2025 11:01:32.559 SEVERE [Thread-22] org.apache.openejb.core.singleton.SingletonInstanceManager.undeploy Unable to unregister MBean openejb.management:J2EEServer=openejb,J2EEApplication=<empty>,EJBModule=openejb,SingletonSessionBean=openejb/Deployer,name=openejb/Deployer,j2eeType=Invocations
25-Oct-2025 11:01:32.569 INFO [Thread-22] jdk.internal.reflect.DelegatingMethodAccessorImpl.invoke Destroying ProtocolHandler ["http-nio-127.0.0.5-8080"]
25-Oct-2025 11:01:33.517 INFO [main] org.apache.openejb.persistence.PersistenceBootstrap.getDefaultProvider Default JPA Provider changed to org.eclipse.persistence.jpa.PersistenceProvider specified by jar:file:/usr/local/tomee/lib/openejb-core-eclipselink-10.1.0.jar!/META-INF/org.apache.openejb.persistence.PersistenceBootstrap.provider
25-Oct-2025 11:01:33.733 INFO [main] jdk.internal.reflect.NativeMethodAccessorImpl.invoke Server version name:   Apache Tomcat (TomEE)/10.1.42 (10.1.0)
25-Oct-2025 11:01:33.733 INFO [main] jdk.internal.reflect.NativeMethodAccessorImpl.invoke Server built:          Jun 5 2025 22:35:46 UTC
25-Oct-2025 11:01:33.733 INFO [main] jdk.internal.reflect.NativeMethodAccessorImpl.invoke Server version number: 10.1.42.0
25-Oct-2025 11:01:33.733 INFO [main] jdk.internal.reflect.NativeMethodAccessorImpl.invoke OS Name:               Linux
25-Oct-2025 11:01:33.733 INFO [main] jdk.internal.reflect.NativeMethodAccessorImpl.invoke OS Version:            6.10.14-linuxkit
25-Oct-2025 11:01:33.734 INFO [main] jdk.internal.reflect.NativeMethodAccessorImpl.invoke Architecture:          amd64
25-Oct-2025 11:01:33.734 INFO [main] jdk.internal.reflect.NativeMethodAccessorImpl.invoke Java Home:             /opt/java/openjdk
25-Oct-2025 11:01:33.734 INFO [main] jdk.internal.reflect.NativeMethodAccessorImpl.invoke JVM Version:           17.0.16+8
25-Oct-2025 11:01:33.734 INFO [main] jdk.internal.reflect.NativeMethodAccessorImpl.invoke JVM Vendor:            Eclipse Adoptium
25-Oct-2025 11:01:33.734 INFO [main] jdk.internal.reflect.NativeMethodAccessorImpl.invoke CATALINA_BASE:         /usr/local/tomee
25-Oct-2025 11:01:33.734 INFO [main] jdk.internal.reflect.NativeMethodAccessorImpl.invoke CATALINA_HOME:         /usr/local/tomee
25-Oct-2025 11:01:33.736 INFO [main] jdk.internal.reflect.NativeMethodAccessorImpl.invoke Command line argument: -Djava.util.logging.config.file=/usr/local/tomee/conf/logging.properties
25-Oct-2025 11:01:33.736 INFO [main] jdk.internal.reflect.NativeMethodAccessorImpl.invoke Command line argument: -Djava.util.logging.manager=org.apache.juli.ClassLoaderLogManager
25-Oct-2025 11:01:33.736 INFO [main] jdk.internal.reflect.NativeMethodAccessorImpl.invoke Command line argument: -javaagent:/usr/local/tomee/lib/openejb-javaagent.jar
25-Oct-2025 11:01:33.736 INFO [main] jdk.internal.reflect.NativeMethodAccessorImpl.invoke Command line argument: -Djava.awt.headless=true
25-Oct-2025 11:01:33.737 INFO [main] jdk.internal.reflect.NativeMethodAccessorImpl.invoke Command line argument: -Dfile.encoding=UTF-8
25-Oct-2025 11:01:33.737 INFO [main] jdk.internal.reflect.DelegatingMethodAccessorImpl.invoke Command line argument: -Djdk.tls.ephemeralDHKeySize=2048
25-Oct-2025 11:01:33.737 INFO [main] jdk.internal.reflect.DelegatingMethodAccessorImpl.invoke Command line argument: -Djava.protocol.handler.pkgs=org.apache.catalina.webresources
25-Oct-2025 11:01:33.737 INFO [main] jdk.internal.reflect.DelegatingMethodAccessorImpl.invoke Command line argument: -Dsun.io.useCanonCaches=false
25-Oct-2025 11:01:33.737 INFO [main] jdk.internal.reflect.DelegatingMethodAccessorImpl.invoke Command line argument: -Dorg.apache.catalina.security.SecurityListener.UMASK=0027
25-Oct-2025 11:01:33.738 INFO [main] jdk.internal.reflect.DelegatingMethodAccessorImpl.invoke Command line argument: --add-opens=java.base/java.lang=ALL-UNNAMED
25-Oct-2025 11:01:33.738 INFO [main] jdk.internal.reflect.DelegatingMethodAccessorImpl.invoke Command line argument: --add-opens=java.base/java.lang.reflect=ALL-UNNAMED
25-Oct-2025 11:01:33.738 INFO [main] jdk.internal.reflect.DelegatingMethodAccessorImpl.invoke Command line argument: --add-opens=java.base/java.io=ALL-UNNAMED
25-Oct-2025 11:01:33.738 INFO [main] jdk.internal.reflect.DelegatingMethodAccessorImpl.invoke Command line argument: --add-opens=java.base/java.util=ALL-UNNAMED
25-Oct-2025 11:01:33.738 INFO [main] jdk.internal.reflect.DelegatingMethodAccessorImpl.invoke Command line argument: --add-opens=java.base/java.util.concurrent=ALL-UNNAMED
25-Oct-2025 11:01:33.738 INFO [main] jdk.internal.reflect.DelegatingMethodAccessorImpl.invoke Command line argument: --add-opens=java.rmi/sun.rmi.transport=ALL-UNNAMED
25-Oct-2025 11:01:33.738 INFO [main] jdk.internal.reflect.DelegatingMethodAccessorImpl.invoke Command line argument: -Xmx512m
25-Oct-2025 11:01:33.738 INFO [main] jdk.internal.reflect.DelegatingMethodAccessorImpl.invoke Command line argument: -Dtomee.remote.support=true
25-Oct-2025 11:01:33.738 INFO [main] jdk.internal.reflect.DelegatingMethodAccessorImpl.invoke Command line argument: -Dopenejb.cdi.activated=true
25-Oct-2025 11:01:33.738 INFO [main] jdk.internal.reflect.DelegatingMethodAccessorImpl.invoke Command line argument: -Dtomee.serialization.class.blacklist=-
25-Oct-2025 11:01:33.738 INFO [main] jdk.internal.reflect.DelegatingMethodAccessorImpl.invoke Command line argument: -Dopenejb.system.apps=true
25-Oct-2025 11:01:33.738 INFO [main] jdk.internal.reflect.DelegatingMethodAccessorImpl.invoke Command line argument: -Dcatalina.base=/usr/local/tomee
25-Oct-2025 11:01:33.739 INFO [main] jdk.internal.reflect.DelegatingMethodAccessorImpl.invoke Command line argument: -Dcatalina.home=/usr/local/tomee
25-Oct-2025 11:01:33.739 INFO [main] jdk.internal.reflect.DelegatingMethodAccessorImpl.invoke Command line argument: -Djava.io.tmpdir=/usr/local/tomee/temp
25-Oct-2025 11:01:33.741 INFO [main] jdk.internal.reflect.DelegatingMethodAccessorImpl.invoke The Apache Tomcat Native library which allows using OpenSSL was not found on the java.library.path: [/opt/java/openjdk/lib/server:/opt/java/openjdk/lib:/opt/java/openjdk/../lib:/usr/java/packages/lib:/usr/lib64:/lib64:/lib:/usr/lib]
25-Oct-2025 11:01:34.103 INFO [main] jdk.internal.reflect.DelegatingMethodAccessorImpl.invoke Initializing ProtocolHandler ["http-nio-127.0.0.5-8080"]
25-Oct-2025 11:01:34.452 INFO [main] org.apache.openejb.util.OptionsLog.info Using 'tomee.remote.support=true'
25-Oct-2025 11:01:34.463 INFO [main] org.apache.openejb.util.OptionsLog.info Using 'openejb.jdbc.datasource-creator=org.apache.tomee.jdbc.TomEEDataSourceCreator'
25-Oct-2025 11:01:34.546 INFO [main] org.apache.openejb.OpenEJB$Instance.<init> ********************************************************************************
25-Oct-2025 11:01:34.546 INFO [main] org.apache.openejb.OpenEJB$Instance.<init> OpenEJB http://tomee.apache.org/
25-Oct-2025 11:01:34.546 INFO [main] org.apache.openejb.OpenEJB$Instance.<init> Startup: Sat Oct 25 11:01:34 GMT 2025
25-Oct-2025 11:01:34.546 INFO [main] org.apache.openejb.OpenEJB$Instance.<init> Copyright 1999-2025 (C) Apache TomEE Project, All Rights Reserved.
25-Oct-2025 11:01:34.546 INFO [main] org.apache.openejb.OpenEJB$Instance.<init> Version: 10.1.0
25-Oct-2025 11:01:34.546 INFO [main] org.apache.openejb.OpenEJB$Instance.<init> Build date: 20250610
25-Oct-2025 11:01:34.546 INFO [main] org.apache.openejb.OpenEJB$Instance.<init> Build time: 04:18
25-Oct-2025 11:01:34.546 INFO [main] org.apache.openejb.OpenEJB$Instance.<init> ********************************************************************************
25-Oct-2025 11:01:34.547 INFO [main] org.apache.openejb.OpenEJB$Instance.<init> openejb.home = /usr/local/tomee
25-Oct-2025 11:01:34.547 INFO [main] org.apache.openejb.OpenEJB$Instance.<init> openejb.base = /usr/local/tomee
25-Oct-2025 11:01:34.549 INFO [main] org.apache.openejb.cdi.CdiBuilder.initializeOWB Created new singletonService org.apache.openejb.cdi.ThreadSingletonServiceImpl@36a5cabc
25-Oct-2025 11:01:34.553 INFO [main] org.apache.openejb.cdi.CdiBuilder.initializeOWB Succeeded in installing singleton service
25-Oct-2025 11:01:34.583 INFO [main] org.apache.openejb.config.ConfigurationFactory.init TomEE configuration file is '/usr/local/tomee/conf/tomee.xml'
25-Oct-2025 11:01:34.614 INFO [main] org.apache.openejb.config.ConfigurationFactory.configureService Configuring Service(id=Tomcat Security Service, type=SecurityService, provider-id=Tomcat Security Service)
25-Oct-2025 11:01:34.615 INFO [main] org.apache.openejb.config.ConfigurationFactory.configureService Configuring Service(id=Default Transaction Manager, type=TransactionManager, provider-id=Default Transaction Manager)
25-Oct-2025 11:01:34.617 INFO [main] org.apache.openejb.util.OptionsLog.info Using 'openejb.system.apps=true'
25-Oct-2025 11:01:34.620 INFO [main] org.apache.openejb.config.ConfigurationFactory.configureService Configuring Service(id=Default Singleton Container, type=Container, provider-id=Default Singleton Container)
25-Oct-2025 11:01:34.639 INFO [main] org.apache.openejb.assembler.classic.Assembler.createRecipe Creating TransactionManager(id=Default Transaction Manager)
25-Oct-2025 11:01:34.681 INFO [main] org.apache.openejb.assembler.classic.Assembler.createRecipe Creating SecurityService(id=Tomcat Security Service)
25-Oct-2025 11:01:34.701 INFO [main] org.apache.openejb.assembler.classic.Assembler.createRecipe Creating Container(id=Default Singleton Container)
25-Oct-2025 11:01:34.717 INFO [main] org.apache.openejb.assembler.classic.Assembler.createApplication Assembling app: openejb
25-Oct-2025 11:01:34.792 INFO [main] org.apache.openejb.util.OptionsLog.info Using 'openejb.jndiname.format={deploymentId}{interfaceType.openejbLegacyName}'
25-Oct-2025 11:01:34.801 INFO [main] org.apache.openejb.assembler.classic.JndiBuilder.bind Jndi(name=openejb/DeployerBusinessRemote) --> Ejb(deployment-id=openejb/Deployer)
25-Oct-2025 11:01:34.802 INFO [main] org.apache.openejb.assembler.classic.JndiBuilder.bind Jndi(name=global/openejb/openejb/openejb/Deployer!org.apache.openejb.assembler.Deployer) --> Ejb(deployment-id=openejb/Deployer)
25-Oct-2025 11:01:34.803 INFO [main] org.apache.openejb.assembler.classic.JndiBuilder.bind Jndi(name=global/openejb/openejb/openejb/Deployer) --> Ejb(deployment-id=openejb/Deployer)
25-Oct-2025 11:01:34.804 INFO [main] org.apache.openejb.assembler.classic.JndiBuilder.bind Jndi(name=openejb/ConfigurationInfoBusinessRemote) --> Ejb(deployment-id=openejb/ConfigurationInfo)
25-Oct-2025 11:01:34.804 INFO [main] org.apache.openejb.assembler.classic.JndiBuilder.bind Jndi(name=global/openejb/openejb/openejb/Deployer!org.apache.openejb.assembler.classic.cmd.ConfigurationInfo) --> Ejb(deployment-id=openejb/ConfigurationInfo)
25-Oct-2025 11:01:34.813 INFO [main] org.apache.openejb.assembler.classic.Assembler.startEjbs Created Ejb(deployment-id=openejb/ConfigurationInfo, ejb-name=openejb/Deployer, container=Default Singleton Container)
25-Oct-2025 11:01:34.816 INFO [main] org.apache.openejb.assembler.classic.Assembler.startEjbs Created Ejb(deployment-id=openejb/Deployer, ejb-name=openejb/Deployer, container=Default Singleton Container)
25-Oct-2025 11:01:34.816 INFO [main] org.apache.openejb.assembler.classic.Assembler.startEjbs Started Ejb(deployment-id=openejb/ConfigurationInfo, ejb-name=openejb/Deployer, container=Default Singleton Container)
25-Oct-2025 11:01:34.816 INFO [main] org.apache.openejb.assembler.classic.Assembler.startEjbs Started Ejb(deployment-id=openejb/Deployer, ejb-name=openejb/Deployer, container=Default Singleton Container)
25-Oct-2025 11:01:34.822 INFO [main] org.apache.openejb.assembler.classic.Assembler.deployMBean Deployed MBean(openejb.user.mbeans:application=openejb,group=org.apache.openejb.assembler.monitoring,name=JMXDeployer)
25-Oct-2025 11:01:34.825 WARNING [main] org.apache.batchee.container.services.ServicesManager.init You didn't specify org.apache.batchee.jmx.application and JMX is already registered, skipping
25-Oct-2025 11:01:34.826 INFO [main] org.apache.openejb.assembler.classic.Assembler.createApplication Deployed Application(path=openejb)
25-Oct-2025 11:01:34.860 INFO [main] org.apache.openejb.server.ServiceManager.initServer Creating ServerService(id=cxf)
25-Oct-2025 11:01:35.112 INFO [main] org.apache.openejb.server.ServiceManager.initServer Creating ServerService(id=cxf-rs)
25-Oct-2025 11:01:35.175 INFO [main] org.apache.openejb.server.SimpleServiceManager.start   ** Bound Services **
25-Oct-2025 11:01:35.176 INFO [main] org.apache.openejb.server.SimpleServiceManager.printRow   NAME                 IP              PORT  
25-Oct-2025 11:01:35.176 INFO [main] org.apache.openejb.server.SimpleServiceManager.start -------
25-Oct-2025 11:01:35.176 INFO [main] org.apache.openejb.server.SimpleServiceManager.start Ready!
25-Oct-2025 11:01:35.176 INFO [main] jdk.internal.reflect.DelegatingMethodAccessorImpl.invoke Server initialization in [1626] milliseconds
25-Oct-2025 11:01:35.209 INFO [main] org.apache.tomee.catalina.OpenEJBNamingContextListener.bindResource Importing a Tomcat Resource with id 'UserDatabase' of type 'org.apache.catalina.UserDatabase'.
25-Oct-2025 11:01:35.217 INFO [main] org.apache.openejb.assembler.classic.Assembler.createRecipe Creating Resource(id=UserDatabase)
25-Oct-2025 11:01:35.244 INFO [main] jdk.internal.reflect.DelegatingMethodAccessorImpl.invoke Starting service [Catalina]
25-Oct-2025 11:01:35.244 INFO [main] jdk.internal.reflect.DelegatingMethodAccessorImpl.invoke Starting Servlet engine: [Apache Tomcat (TomEE)/10.1.42 (10.1.0)]
25-Oct-2025 11:01:35.260 INFO [main] jdk.internal.reflect.DelegatingMethodAccessorImpl.invoke Deploying web application archive [/usr/local/tomee/webapps/ROOT.war]
25-Oct-2025 11:01:35.267 INFO [main] org.apache.tomee.catalina.TomcatWebAppBuilder.init ------------------------- 127.0.0.5 -> /
25-Oct-2025 11:01:35.430 INFO [main] org.apache.openejb.util.OptionsLog.info Using 'tomee.mp.cdi.extensions=io.smallrye.config.inject.ConfigExtension,io.smallrye.faulttolerance.FaultToleranceExtension,io.smallrye.metrics.legacyapi.LegacyMetricsExtension,io.smallrye.opentelemetry.implementation.cdi.OpenTelemetryExtension,org.apache.cxf.microprofile.client.cdi.RestClientExtension,org.apache.tomee.microprofile.faulttolerance.MPFaultToleranceCDIExtension,org.apache.tomee.microprofile.health.MPHealthCDIExtension,org.apache.tomee.microprofile.jwt.cdi.MPJWTCDIExtension,org.apache.tomee.microprofile.opentelemetry.MPOpenTelemetryCDIExtension'
25-Oct-2025 11:01:35.525 INFO [main] org.apache.openejb.config.ConfigurationFactory.configureApplication Configuring enterprise application: /usr/local/tomee/webapps/ROOT
25-Oct-2025 11:01:35.613 INFO [main] org.apache.openejb.config.InitEjbDeployments.deploy Auto-deploying ejb ChangeRemoteServiceImpl: EjbDeployment(deployment-id=ChangeRemoteServiceImpl)
25-Oct-2025 11:01:35.613 INFO [main] org.apache.openejb.config.InitEjbDeployments.deploy Auto-deploying ejb ChangeServiceImpl: EjbDeployment(deployment-id=ChangeServiceImpl)
25-Oct-2025 11:01:35.617 INFO [main] org.apache.openejb.config.ConfigurationFactory.configureService Configuring Service(id=Default Stateless Container, type=Container, provider-id=Default Stateless Container)
25-Oct-2025 11:01:35.618 INFO [main] org.apache.openejb.config.AutoConfig.createContainer Auto-creating a container for bean ChangeRemoteServiceImpl: Container(type=STATELESS, id=Default Stateless Container)
25-Oct-2025 11:01:35.618 INFO [main] org.apache.openejb.assembler.classic.Assembler.createRecipe Creating Container(id=Default Stateless Container)
25-Oct-2025 11:01:35.627 INFO [main] org.apache.openejb.config.ConfigurationFactory.configureService Configuring Service(id=Default Managed Container, type=Container, provider-id=Default Managed Container)
25-Oct-2025 11:01:35.627 INFO [main] org.apache.openejb.config.AutoConfig.createContainer Auto-creating a container for bean .Comp2130606983: Container(type=MANAGED, id=Default Managed Container)
25-Oct-2025 11:01:35.627 INFO [main] org.apache.openejb.assembler.classic.Assembler.createRecipe Creating Container(id=Default Managed Container)
25-Oct-2025 11:01:35.634 INFO [main] org.apache.openejb.core.managed.SimplePassivater.init Using directory /usr/local/tomee/temp for stateful session passivation
25-Oct-2025 11:01:35.652 INFO [main] org.apache.openejb.config.AppInfoBuilder.build Enterprise application "/usr/local/tomee/webapps/ROOT" loaded.
25-Oct-2025 11:01:35.652 INFO [main] org.apache.openejb.assembler.classic.Assembler.createApplication Assembling app: /usr/local/tomee/webapps/ROOT
25-Oct-2025 11:01:35.673 INFO [main] org.apache.openejb.assembler.classic.JndiBuilder.bind Jndi(name=ChangeRemoteServiceImplRemote) --> Ejb(deployment-id=ChangeRemoteServiceImpl)
25-Oct-2025 11:01:35.673 INFO [main] org.apache.openejb.assembler.classic.JndiBuilder.bind Jndi(name=global//ChangeRemoteServiceImpl!mg.razherana.banking.change.services.changeServices.ChangeRemoteService) --> Ejb(deployment-id=ChangeRemoteServiceImpl)
25-Oct-2025 11:01:35.674 INFO [main] org.apache.openejb.assembler.classic.JndiBuilder.bind Jndi(name=global/ChangeRemoteServiceImpl!mg.razherana.banking.change.services.changeServices.ChangeRemoteService) --> Ejb(deployment-id=ChangeRemoteServiceImpl)
25-Oct-2025 11:01:35.674 INFO [main] org.apache.openejb.assembler.classic.JndiBuilder.bind Jndi(name=global/ChangeRemoteServiceImpl) --> Ejb(deployment-id=ChangeRemoteServiceImpl)
25-Oct-2025 11:01:35.677 INFO [main] org.apache.openejb.assembler.classic.JndiBuilder.bind Jndi(name=ChangeServiceImplLocal) --> Ejb(deployment-id=ChangeServiceImpl)
25-Oct-2025 11:01:35.677 INFO [main] org.apache.openejb.assembler.classic.JndiBuilder.bind Jndi(name=global/ChangeServiceImpl!mg.razherana.banking.change.services.changeServices.ChangeService) --> Ejb(deployment-id=ChangeServiceImpl)
25-Oct-2025 11:01:35.677 INFO [main] org.apache.openejb.assembler.classic.JndiBuilder.bind Jndi(name=global/ChangeServiceImpl) --> Ejb(deployment-id=ChangeServiceImpl)
25-Oct-2025 11:01:35.705 INFO [main] org.apache.openejb.cdi.CdiBuilder.initSingleton Existing thread singleton service in SystemInstance(): org.apache.openejb.cdi.ThreadSingletonServiceImpl@36a5cabc
25-Oct-2025 11:01:35.801 INFO [main] org.apache.openejb.cdi.OpenEJBLifecycle.startApplication OpenWebBeans Container is starting...
25-Oct-2025 11:01:35.816 INFO [main] org.apache.webbeans.plugins.PluginLoader.startUp Adding OpenWebBeansPlugin : [CdiPlugin]
25-Oct-2025 11:01:35.820 INFO [main] org.apache.openejb.cdi.CdiScanner.handleBda Using annotated mode for file:/usr/local/tomee/webapps/ROOT/WEB-INF/classes/ looking all classes to find CDI beans, maybe think to add a beans.xml if not there or add the jar to exclusions.list
25-Oct-2025 11:01:35.939 INFO [main] org.apache.openejb.util.OptionsLog.info Using 'tomee.mp.cdi.extensions=io.smallrye.config.inject.ConfigExtension,io.smallrye.faulttolerance.FaultToleranceExtension,io.smallrye.metrics.legacyapi.LegacyMetricsExtension,io.smallrye.opentelemetry.implementation.cdi.OpenTelemetryExtension,org.apache.cxf.microprofile.client.cdi.RestClientExtension,org.apache.tomee.microprofile.faulttolerance.MPFaultToleranceCDIExtension,org.apache.tomee.microprofile.health.MPHealthCDIExtension,org.apache.tomee.microprofile.jwt.cdi.MPJWTCDIExtension,org.apache.tomee.microprofile.opentelemetry.MPOpenTelemetryCDIExtension'
25-Oct-2025 11:01:35.939 INFO [main] org.apache.openejb.util.OptionsLog.info Using 'tomee.mp.cdi.extensions=io.smallrye.config.inject.ConfigExtension,io.smallrye.faulttolerance.FaultToleranceExtension,io.smallrye.metrics.legacyapi.LegacyMetricsExtension,io.smallrye.opentelemetry.implementation.cdi.OpenTelemetryExtension,org.apache.cxf.microprofile.client.cdi.RestClientExtension,org.apache.tomee.microprofile.faulttolerance.MPFaultToleranceCDIExtension,org.apache.tomee.microprofile.health.MPHealthCDIExtension,org.apache.tomee.microprofile.jwt.cdi.MPJWTCDIExtension,org.apache.tomee.microprofile.opentelemetry.MPOpenTelemetryCDIExtension'
25-Oct-2025 11:01:35.939 INFO [main] org.apache.openejb.util.OptionsLog.info Using 'tomee.mp.cdi.extensions=io.smallrye.config.inject.ConfigExtension,io.smallrye.faulttolerance.FaultToleranceExtension,io.smallrye.metrics.legacyapi.LegacyMetricsExtension,io.smallrye.opentelemetry.implementation.cdi.OpenTelemetryExtension,org.apache.cxf.microprofile.client.cdi.RestClientExtension,org.apache.tomee.microprofile.faulttolerance.MPFaultToleranceCDIExtension,org.apache.tomee.microprofile.health.MPHealthCDIExtension,org.apache.tomee.microprofile.jwt.cdi.MPJWTCDIExtension,org.apache.tomee.microprofile.opentelemetry.MPOpenTelemetryCDIExtension'
25-Oct-2025 11:01:35.940 INFO [main] org.apache.openejb.util.OptionsLog.info Using 'tomee.mp.cdi.extensions=io.smallrye.config.inject.ConfigExtension,io.smallrye.faulttolerance.FaultToleranceExtension,io.smallrye.metrics.legacyapi.LegacyMetricsExtension,io.smallrye.opentelemetry.implementation.cdi.OpenTelemetryExtension,org.apache.cxf.microprofile.client.cdi.RestClientExtension,org.apache.tomee.microprofile.faulttolerance.MPFaultToleranceCDIExtension,org.apache.tomee.microprofile.health.MPHealthCDIExtension,org.apache.tomee.microprofile.jwt.cdi.MPJWTCDIExtension,org.apache.tomee.microprofile.opentelemetry.MPOpenTelemetryCDIExtension'
25-Oct-2025 11:01:35.940 INFO [main] org.apache.openejb.util.OptionsLog.info Using 'tomee.mp.cdi.extensions=io.smallrye.config.inject.ConfigExtension,io.smallrye.faulttolerance.FaultToleranceExtension,io.smallrye.metrics.legacyapi.LegacyMetricsExtension,io.smallrye.opentelemetry.implementation.cdi.OpenTelemetryExtension,org.apache.cxf.microprofile.client.cdi.RestClientExtension,org.apache.tomee.microprofile.faulttolerance.MPFaultToleranceCDIExtension,org.apache.tomee.microprofile.health.MPHealthCDIExtension,org.apache.tomee.microprofile.jwt.cdi.MPJWTCDIExtension,org.apache.tomee.microprofile.opentelemetry.MPOpenTelemetryCDIExtension'
25-Oct-2025 11:01:35.940 INFO [main] org.apache.openejb.util.OptionsLog.info Using 'tomee.mp.cdi.extensions=io.smallrye.config.inject.ConfigExtension,io.smallrye.faulttolerance.FaultToleranceExtension,io.smallrye.metrics.legacyapi.LegacyMetricsExtension,io.smallrye.opentelemetry.implementation.cdi.OpenTelemetryExtension,org.apache.cxf.microprofile.client.cdi.RestClientExtension,org.apache.tomee.microprofile.faulttolerance.MPFaultToleranceCDIExtension,org.apache.tomee.microprofile.health.MPHealthCDIExtension,org.apache.tomee.microprofile.jwt.cdi.MPJWTCDIExtension,org.apache.tomee.microprofile.opentelemetry.MPOpenTelemetryCDIExtension'
25-Oct-2025 11:01:35.940 INFO [main] org.apache.openejb.util.OptionsLog.info Using 'tomee.mp.cdi.extensions=io.smallrye.config.inject.ConfigExtension,io.smallrye.faulttolerance.FaultToleranceExtension,io.smallrye.metrics.legacyapi.LegacyMetricsExtension,io.smallrye.opentelemetry.implementation.cdi.OpenTelemetryExtension,org.apache.cxf.microprofile.client.cdi.RestClientExtension,org.apache.tomee.microprofile.faulttolerance.MPFaultToleranceCDIExtension,org.apache.tomee.microprofile.health.MPHealthCDIExtension,org.apache.tomee.microprofile.jwt.cdi.MPJWTCDIExtension,org.apache.tomee.microprofile.opentelemetry.MPOpenTelemetryCDIExtension'
25-Oct-2025 11:01:35.940 INFO [main] org.apache.openejb.util.OptionsLog.info Using 'tomee.mp.cdi.extensions=io.smallrye.config.inject.ConfigExtension,io.smallrye.faulttolerance.FaultToleranceExtension,io.smallrye.metrics.legacyapi.LegacyMetricsExtension,io.smallrye.opentelemetry.implementation.cdi.OpenTelemetryExtension,org.apache.cxf.microprofile.client.cdi.RestClientExtension,org.apache.tomee.microprofile.faulttolerance.MPFaultToleranceCDIExtension,org.apache.tomee.microprofile.health.MPHealthCDIExtension,org.apache.tomee.microprofile.jwt.cdi.MPJWTCDIExtension,org.apache.tomee.microprofile.opentelemetry.MPOpenTelemetryCDIExtension'
25-Oct-2025 11:01:35.940 INFO [main] org.apache.openejb.util.OptionsLog.info Using 'tomee.mp.cdi.extensions=io.smallrye.config.inject.ConfigExtension,io.smallrye.faulttolerance.FaultToleranceExtension,io.smallrye.metrics.legacyapi.LegacyMetricsExtension,io.smallrye.opentelemetry.implementation.cdi.OpenTelemetryExtension,org.apache.cxf.microprofile.client.cdi.RestClientExtension,org.apache.tomee.microprofile.faulttolerance.MPFaultToleranceCDIExtension,org.apache.tomee.microprofile.health.MPHealthCDIExtension,org.apache.tomee.microprofile.jwt.cdi.MPJWTCDIExtension,org.apache.tomee.microprofile.opentelemetry.MPOpenTelemetryCDIExtension'
25-Oct-2025 11:01:35.940 INFO [main] org.apache.openejb.util.OptionsLog.info Using 'tomee.mp.cdi.extensions=io.smallrye.config.inject.ConfigExtension,io.smallrye.faulttolerance.FaultToleranceExtension,io.smallrye.metrics.legacyapi.LegacyMetricsExtension,io.smallrye.opentelemetry.implementation.cdi.OpenTelemetryExtension,org.apache.cxf.microprofile.client.cdi.RestClientExtension,org.apache.tomee.microprofile.faulttolerance.MPFaultToleranceCDIExtension,org.apache.tomee.microprofile.health.MPHealthCDIExtension,org.apache.tomee.microprofile.jwt.cdi.MPJWTCDIExtension,org.apache.tomee.microprofile.opentelemetry.MPOpenTelemetryCDIExtension'
25-Oct-2025 11:01:36.272 INFO [main] org.apache.webbeans.config.BeansDeployer.validateInjectionPoints All injection points were validated successfully.
25-Oct-2025 11:01:36.278 INFO [main] org.apache.openejb.cdi.OpenEJBLifecycle.startApplication OpenWebBeans Container has started, it took 476 ms.
25-Oct-2025 11:01:36.281 INFO [main] org.apache.openejb.assembler.classic.ValidatorBuilder.getConfig Ignoring XML Configuration for validator org.apache.bval.jsr.ConfigurationImpl
25-Oct-2025 11:01:36.306 INFO [main] org.apache.openejb.assembler.classic.Assembler.startEjbs Created Ejb(deployment-id=ChangeRemoteServiceImpl, ejb-name=ChangeRemoteServiceImpl, container=Default Stateless Container)
25-Oct-2025 11:01:36.309 INFO [main] org.apache.openejb.assembler.classic.Assembler.startEjbs Created Ejb(deployment-id=ChangeServiceImpl, ejb-name=ChangeServiceImpl, container=Default Stateless Container)
25-Oct-2025 11:01:36.325 INFO [main] org.apache.openejb.assembler.classic.Assembler.startEjbs Started Ejb(deployment-id=ChangeRemoteServiceImpl, ejb-name=ChangeRemoteServiceImpl, container=Default Stateless Container)
25-Oct-2025 11:01:36.331 INFO [main] org.apache.openejb.assembler.classic.Assembler.startEjbs Started Ejb(deployment-id=ChangeServiceImpl, ejb-name=ChangeServiceImpl, container=Default Stateless Container)
25-Oct-2025 11:01:36.333 WARNING [main] org.apache.batchee.container.services.ServicesManager.init You didn't specify org.apache.batchee.jmx.application and JMX is already registered, skipping
25-Oct-2025 11:01:36.334 INFO [main] org.apache.openejb.assembler.classic.Assembler.createApplication Deployed Application(path=/usr/local/tomee/webapps/ROOT)
25-Oct-2025 11:01:36.538 INFO [main] org.apache.jasper.servlet.TldScanner.scanJars At least one JAR was scanned for TLDs yet contained no TLDs. Enable debug logging for this logger for a complete list of JARs that were scanned but no TLDs were found in them. Skipping unneeded JARs during scanning can improve startup time and JSP compilation time.
25-Oct-2025 11:01:36.623 INFO [main] jdk.internal.reflect.DelegatingMethodAccessorImpl.invoke Deployment of web application archive [/usr/local/tomee/webapps/ROOT.war] has finished in [1,362] ms
25-Oct-2025 11:01:36.642 INFO [main] jdk.internal.reflect.DelegatingMethodAccessorImpl.invoke Starting ProtocolHandler ["http-nio-127.0.0.5-8080"]
25-Oct-2025 11:01:36.663 INFO [main] jdk.internal.reflect.DelegatingMethodAccessorImpl.invoke Server startup in [1486] milliseconds
25-Oct-2025 11:02:31.399 INFO [Thread-22] jdk.internal.reflect.DelegatingMethodAccessorImpl.invoke Pausing ProtocolHandler ["http-nio-127.0.0.5-8080"]
25-Oct-2025 11:02:31.403 INFO [Thread-22] jdk.internal.reflect.DelegatingMethodAccessorImpl.invoke Stopping service [Catalina]
25-Oct-2025 11:02:31.409 INFO [Thread-22] org.apache.openejb.assembler.classic.Assembler.destroyApplication Undeploying app: /usr/local/tomee/webapps/ROOT
25-Oct-2025 11:02:31.449 INFO [Thread-22] jdk.internal.reflect.DelegatingMethodAccessorImpl.invoke Stopping ProtocolHandler ["http-nio-127.0.0.5-8080"]
25-Oct-2025 11:02:31.457 INFO [Thread-22] org.apache.openejb.server.SimpleServiceManager.stop Stopping server services
25-Oct-2025 11:02:31.464 INFO [Thread-22] org.apache.openejb.assembler.classic.Assembler.destroyApplication Undeploying app: openejb
25-Oct-2025 11:02:31.467 SEVERE [Thread-22] org.apache.openejb.core.singleton.SingletonInstanceManager.undeploy Unable to unregister MBean openejb.management:J2EEServer=openejb,J2EEApplication=<empty>,EJBModule=openejb,SingletonSessionBean=openejb/Deployer,name=openejb/Deployer,j2eeType=Invocations
25-Oct-2025 11:02:31.480 INFO [Thread-22] jdk.internal.reflect.DelegatingMethodAccessorImpl.invoke Destroying ProtocolHandler ["http-nio-127.0.0.5-8080"]
25-Oct-2025 11:04:30.480 INFO [main] org.apache.openejb.persistence.PersistenceBootstrap.getDefaultProvider Default JPA Provider changed to org.eclipse.persistence.jpa.PersistenceProvider specified by jar:file:/usr/local/tomee/lib/openejb-core-eclipselink-10.1.0.jar!/META-INF/org.apache.openejb.persistence.PersistenceBootstrap.provider
25-Oct-2025 11:04:30.695 INFO [main] jdk.internal.reflect.NativeMethodAccessorImpl.invoke Server version name:   Apache Tomcat (TomEE)/10.1.42 (10.1.0)
25-Oct-2025 11:04:30.695 INFO [main] jdk.internal.reflect.NativeMethodAccessorImpl.invoke Server built:          Jun 5 2025 22:35:46 UTC
25-Oct-2025 11:04:30.695 INFO [main] jdk.internal.reflect.NativeMethodAccessorImpl.invoke Server version number: 10.1.42.0
25-Oct-2025 11:04:30.695 INFO [main] jdk.internal.reflect.NativeMethodAccessorImpl.invoke OS Name:               Linux
25-Oct-2025 11:04:30.695 INFO [main] jdk.internal.reflect.NativeMethodAccessorImpl.invoke OS Version:            6.10.14-linuxkit
25-Oct-2025 11:04:30.695 INFO [main] jdk.internal.reflect.NativeMethodAccessorImpl.invoke Architecture:          amd64
25-Oct-2025 11:04:30.695 INFO [main] jdk.internal.reflect.NativeMethodAccessorImpl.invoke Java Home:             /opt/java/openjdk
25-Oct-2025 11:04:30.695 INFO [main] jdk.internal.reflect.NativeMethodAccessorImpl.invoke JVM Version:           17.0.16+8
25-Oct-2025 11:04:30.696 INFO [main] jdk.internal.reflect.NativeMethodAccessorImpl.invoke JVM Vendor:            Eclipse Adoptium
25-Oct-2025 11:04:30.696 INFO [main] jdk.internal.reflect.NativeMethodAccessorImpl.invoke CATALINA_BASE:         /usr/local/tomee
25-Oct-2025 11:04:30.696 INFO [main] jdk.internal.reflect.NativeMethodAccessorImpl.invoke CATALINA_HOME:         /usr/local/tomee
25-Oct-2025 11:04:30.697 INFO [main] jdk.internal.reflect.NativeMethodAccessorImpl.invoke Command line argument: -Djava.util.logging.config.file=/usr/local/tomee/conf/logging.properties
25-Oct-2025 11:04:30.697 INFO [main] jdk.internal.reflect.NativeMethodAccessorImpl.invoke Command line argument: -Djava.util.logging.manager=org.apache.juli.ClassLoaderLogManager
25-Oct-2025 11:04:30.697 INFO [main] jdk.internal.reflect.NativeMethodAccessorImpl.invoke Command line argument: -javaagent:/usr/local/tomee/lib/openejb-javaagent.jar
25-Oct-2025 11:04:30.697 INFO [main] jdk.internal.reflect.NativeMethodAccessorImpl.invoke Command line argument: -Djava.awt.headless=true
25-Oct-2025 11:04:30.698 INFO [main] jdk.internal.reflect.NativeMethodAccessorImpl.invoke Command line argument: -Dfile.encoding=UTF-8
25-Oct-2025 11:04:30.698 INFO [main] jdk.internal.reflect.DelegatingMethodAccessorImpl.invoke Command line argument: -Djdk.tls.ephemeralDHKeySize=2048
25-Oct-2025 11:04:30.698 INFO [main] jdk.internal.reflect.DelegatingMethodAccessorImpl.invoke Command line argument: -Djava.protocol.handler.pkgs=org.apache.catalina.webresources
25-Oct-2025 11:04:30.698 INFO [main] jdk.internal.reflect.DelegatingMethodAccessorImpl.invoke Command line argument: -Dsun.io.useCanonCaches=false
25-Oct-2025 11:04:30.698 INFO [main] jdk.internal.reflect.DelegatingMethodAccessorImpl.invoke Command line argument: -Dorg.apache.catalina.security.SecurityListener.UMASK=0027
25-Oct-2025 11:04:30.698 INFO [main] jdk.internal.reflect.DelegatingMethodAccessorImpl.invoke Command line argument: --add-opens=java.base/java.lang=ALL-UNNAMED
25-Oct-2025 11:04:30.698 INFO [main] jdk.internal.reflect.DelegatingMethodAccessorImpl.invoke Command line argument: --add-opens=java.base/java.lang.reflect=ALL-UNNAMED
25-Oct-2025 11:04:30.698 INFO [main] jdk.internal.reflect.DelegatingMethodAccessorImpl.invoke Command line argument: --add-opens=java.base/java.io=ALL-UNNAMED
25-Oct-2025 11:04:30.699 INFO [main] jdk.internal.reflect.DelegatingMethodAccessorImpl.invoke Command line argument: --add-opens=java.base/java.util=ALL-UNNAMED
25-Oct-2025 11:04:30.699 INFO [main] jdk.internal.reflect.DelegatingMethodAccessorImpl.invoke Command line argument: --add-opens=java.base/java.util.concurrent=ALL-UNNAMED
25-Oct-2025 11:04:30.699 INFO [main] jdk.internal.reflect.DelegatingMethodAccessorImpl.invoke Command line argument: --add-opens=java.rmi/sun.rmi.transport=ALL-UNNAMED
25-Oct-2025 11:04:30.699 INFO [main] jdk.internal.reflect.DelegatingMethodAccessorImpl.invoke Command line argument: -Xmx512m
25-Oct-2025 11:04:30.699 INFO [main] jdk.internal.reflect.DelegatingMethodAccessorImpl.invoke Command line argument: -Dtomee.remote.support=true
25-Oct-2025 11:04:30.699 INFO [main] jdk.internal.reflect.DelegatingMethodAccessorImpl.invoke Command line argument: -Dopenejb.cdi.activated=true
25-Oct-2025 11:04:30.699 INFO [main] jdk.internal.reflect.DelegatingMethodAccessorImpl.invoke Command line argument: -Dtomee.serialization.class.blacklist=-
25-Oct-2025 11:04:30.699 INFO [main] jdk.internal.reflect.DelegatingMethodAccessorImpl.invoke Command line argument: -Dopenejb.system.apps=true
25-Oct-2025 11:04:30.699 INFO [main] jdk.internal.reflect.DelegatingMethodAccessorImpl.invoke Command line argument: -Dcatalina.base=/usr/local/tomee
25-Oct-2025 11:04:30.699 INFO [main] jdk.internal.reflect.DelegatingMethodAccessorImpl.invoke Command line argument: -Dcatalina.home=/usr/local/tomee
25-Oct-2025 11:04:30.699 INFO [main] jdk.internal.reflect.DelegatingMethodAccessorImpl.invoke Command line argument: -Djava.io.tmpdir=/usr/local/tomee/temp
25-Oct-2025 11:04:30.701 INFO [main] jdk.internal.reflect.DelegatingMethodAccessorImpl.invoke The Apache Tomcat Native library which allows using OpenSSL was not found on the java.library.path: [/opt/java/openjdk/lib/server:/opt/java/openjdk/lib:/opt/java/openjdk/../lib:/usr/java/packages/lib:/usr/lib64:/lib64:/lib:/usr/lib]
25-Oct-2025 11:04:30.928 INFO [main] jdk.internal.reflect.DelegatingMethodAccessorImpl.invoke Initializing ProtocolHandler ["http-nio-127.0.0.5-8080"]
25-Oct-2025 11:04:31.183 INFO [main] org.apache.openejb.util.OptionsLog.info Using 'tomee.remote.support=true'
25-Oct-2025 11:04:31.197 INFO [main] org.apache.openejb.util.OptionsLog.info Using 'openejb.jdbc.datasource-creator=org.apache.tomee.jdbc.TomEEDataSourceCreator'
25-Oct-2025 11:04:31.331 INFO [main] org.apache.openejb.OpenEJB$Instance.<init> ********************************************************************************
25-Oct-2025 11:04:31.331 INFO [main] org.apache.openejb.OpenEJB$Instance.<init> OpenEJB http://tomee.apache.org/
25-Oct-2025 11:04:31.331 INFO [main] org.apache.openejb.OpenEJB$Instance.<init> Startup: Sat Oct 25 11:04:31 GMT 2025
25-Oct-2025 11:04:31.332 INFO [main] org.apache.openejb.OpenEJB$Instance.<init> Copyright 1999-2025 (C) Apache TomEE Project, All Rights Reserved.
25-Oct-2025 11:04:31.332 INFO [main] org.apache.openejb.OpenEJB$Instance.<init> Version: 10.1.0
25-Oct-2025 11:04:31.332 INFO [main] org.apache.openejb.OpenEJB$Instance.<init> Build date: 20250610
25-Oct-2025 11:04:31.332 INFO [main] org.apache.openejb.OpenEJB$Instance.<init> Build time: 04:18
25-Oct-2025 11:04:31.332 INFO [main] org.apache.openejb.OpenEJB$Instance.<init> ********************************************************************************
25-Oct-2025 11:04:31.332 INFO [main] org.apache.openejb.OpenEJB$Instance.<init> openejb.home = /usr/local/tomee
25-Oct-2025 11:04:31.332 INFO [main] org.apache.openejb.OpenEJB$Instance.<init> openejb.base = /usr/local/tomee
25-Oct-2025 11:04:31.336 INFO [main] org.apache.openejb.cdi.CdiBuilder.initializeOWB Created new singletonService org.apache.openejb.cdi.ThreadSingletonServiceImpl@7daa0fbd
25-Oct-2025 11:04:31.340 INFO [main] org.apache.openejb.cdi.CdiBuilder.initializeOWB Succeeded in installing singleton service
25-Oct-2025 11:04:31.385 INFO [main] org.apache.openejb.config.ConfigurationFactory.init TomEE configuration file is '/usr/local/tomee/conf/tomee.xml'
25-Oct-2025 11:04:31.431 INFO [main] org.apache.openejb.config.ConfigurationFactory.configureService Configuring Service(id=Tomcat Security Service, type=SecurityService, provider-id=Tomcat Security Service)
25-Oct-2025 11:04:31.434 INFO [main] org.apache.openejb.config.ConfigurationFactory.configureService Configuring Service(id=Default Transaction Manager, type=TransactionManager, provider-id=Default Transaction Manager)
25-Oct-2025 11:04:31.436 INFO [main] org.apache.openejb.util.OptionsLog.info Using 'openejb.system.apps=true'
25-Oct-2025 11:04:31.439 INFO [main] org.apache.openejb.config.ConfigurationFactory.configureService Configuring Service(id=Default Singleton Container, type=Container, provider-id=Default Singleton Container)
25-Oct-2025 11:04:31.467 INFO [main] org.apache.openejb.assembler.classic.Assembler.createRecipe Creating TransactionManager(id=Default Transaction Manager)
25-Oct-2025 11:04:31.525 INFO [main] org.apache.openejb.assembler.classic.Assembler.createRecipe Creating SecurityService(id=Tomcat Security Service)
25-Oct-2025 11:04:31.548 INFO [main] org.apache.openejb.assembler.classic.Assembler.createRecipe Creating Container(id=Default Singleton Container)
25-Oct-2025 11:04:31.565 INFO [main] org.apache.openejb.assembler.classic.Assembler.createApplication Assembling app: openejb
25-Oct-2025 11:04:31.653 INFO [main] org.apache.openejb.util.OptionsLog.info Using 'openejb.jndiname.format={deploymentId}{interfaceType.openejbLegacyName}'
25-Oct-2025 11:04:31.664 INFO [main] org.apache.openejb.assembler.classic.JndiBuilder.bind Jndi(name=openejb/DeployerBusinessRemote) --> Ejb(deployment-id=openejb/Deployer)
25-Oct-2025 11:04:31.665 INFO [main] org.apache.openejb.assembler.classic.JndiBuilder.bind Jndi(name=global/openejb/openejb/openejb/Deployer!org.apache.openejb.assembler.Deployer) --> Ejb(deployment-id=openejb/Deployer)
25-Oct-2025 11:04:31.666 INFO [main] org.apache.openejb.assembler.classic.JndiBuilder.bind Jndi(name=global/openejb/openejb/openejb/Deployer) --> Ejb(deployment-id=openejb/Deployer)
25-Oct-2025 11:04:31.667 INFO [main] org.apache.openejb.assembler.classic.JndiBuilder.bind Jndi(name=openejb/ConfigurationInfoBusinessRemote) --> Ejb(deployment-id=openejb/ConfigurationInfo)
25-Oct-2025 11:04:31.668 INFO [main] org.apache.openejb.assembler.classic.JndiBuilder.bind Jndi(name=global/openejb/openejb/openejb/Deployer!org.apache.openejb.assembler.classic.cmd.ConfigurationInfo) --> Ejb(deployment-id=openejb/ConfigurationInfo)
25-Oct-2025 11:04:31.678 INFO [main] org.apache.openejb.assembler.classic.Assembler.startEjbs Created Ejb(deployment-id=openejb/ConfigurationInfo, ejb-name=openejb/Deployer, container=Default Singleton Container)
25-Oct-2025 11:04:31.682 INFO [main] org.apache.openejb.assembler.classic.Assembler.startEjbs Created Ejb(deployment-id=openejb/Deployer, ejb-name=openejb/Deployer, container=Default Singleton Container)
25-Oct-2025 11:04:31.682 INFO [main] org.apache.openejb.assembler.classic.Assembler.startEjbs Started Ejb(deployment-id=openejb/ConfigurationInfo, ejb-name=openejb/Deployer, container=Default Singleton Container)
25-Oct-2025 11:04:31.682 INFO [main] org.apache.openejb.assembler.classic.Assembler.startEjbs Started Ejb(deployment-id=openejb/Deployer, ejb-name=openejb/Deployer, container=Default Singleton Container)
25-Oct-2025 11:04:31.689 INFO [main] org.apache.openejb.assembler.classic.Assembler.deployMBean Deployed MBean(openejb.user.mbeans:application=openejb,group=org.apache.openejb.assembler.monitoring,name=JMXDeployer)
25-Oct-2025 11:04:31.692 WARNING [main] org.apache.batchee.container.services.ServicesManager.init You didn't specify org.apache.batchee.jmx.application and JMX is already registered, skipping
25-Oct-2025 11:04:31.693 INFO [main] org.apache.openejb.assembler.classic.Assembler.createApplication Deployed Application(path=openejb)
25-Oct-2025 11:04:31.730 INFO [main] org.apache.openejb.server.ServiceManager.initServer Creating ServerService(id=cxf)
25-Oct-2025 11:04:31.905 INFO [main] org.apache.openejb.server.ServiceManager.initServer Creating ServerService(id=cxf-rs)
25-Oct-2025 11:04:31.953 INFO [main] org.apache.openejb.server.SimpleServiceManager.start   ** Bound Services **
25-Oct-2025 11:04:31.954 INFO [main] org.apache.openejb.server.SimpleServiceManager.printRow   NAME                 IP              PORT  
25-Oct-2025 11:04:31.954 INFO [main] org.apache.openejb.server.SimpleServiceManager.start -------
25-Oct-2025 11:04:31.954 INFO [main] org.apache.openejb.server.SimpleServiceManager.start Ready!
25-Oct-2025 11:04:31.955 INFO [main] jdk.internal.reflect.DelegatingMethodAccessorImpl.invoke Server initialization in [1447] milliseconds
25-Oct-2025 11:04:31.990 INFO [main] org.apache.tomee.catalina.OpenEJBNamingContextListener.bindResource Importing a Tomcat Resource with id 'UserDatabase' of type 'org.apache.catalina.UserDatabase'.
25-Oct-2025 11:04:32.004 INFO [main] org.apache.openejb.assembler.classic.Assembler.createRecipe Creating Resource(id=UserDatabase)
25-Oct-2025 11:04:32.051 INFO [main] jdk.internal.reflect.DelegatingMethodAccessorImpl.invoke Starting service [Catalina]
25-Oct-2025 11:04:32.052 INFO [main] jdk.internal.reflect.DelegatingMethodAccessorImpl.invoke Starting Servlet engine: [Apache Tomcat (TomEE)/10.1.42 (10.1.0)]
25-Oct-2025 11:04:32.086 INFO [main] jdk.internal.reflect.DelegatingMethodAccessorImpl.invoke Deploying web application archive [/usr/local/tomee/webapps/ROOT.war]
25-Oct-2025 11:04:32.098 INFO [main] org.apache.tomee.catalina.TomcatWebAppBuilder.init ------------------------- 127.0.0.5 -> /
25-Oct-2025 11:04:32.313 INFO [main] org.apache.openejb.util.OptionsLog.info Using 'tomee.mp.cdi.extensions=io.smallrye.config.inject.ConfigExtension,io.smallrye.faulttolerance.FaultToleranceExtension,io.smallrye.metrics.legacyapi.LegacyMetricsExtension,io.smallrye.opentelemetry.implementation.cdi.OpenTelemetryExtension,org.apache.cxf.microprofile.client.cdi.RestClientExtension,org.apache.tomee.microprofile.faulttolerance.MPFaultToleranceCDIExtension,org.apache.tomee.microprofile.health.MPHealthCDIExtension,org.apache.tomee.microprofile.jwt.cdi.MPJWTCDIExtension,org.apache.tomee.microprofile.opentelemetry.MPOpenTelemetryCDIExtension'
25-Oct-2025 11:04:32.463 INFO [main] org.apache.openejb.config.ConfigurationFactory.configureApplication Configuring enterprise application: /usr/local/tomee/webapps/ROOT
25-Oct-2025 11:04:32.561 INFO [main] org.apache.openejb.config.InitEjbDeployments.deploy Auto-deploying ejb ChangeServiceImpl: EjbDeployment(deployment-id=ChangeServiceImpl)
25-Oct-2025 11:04:32.561 INFO [main] org.apache.openejb.config.InitEjbDeployments.deploy Auto-deploying ejb ChangeRemoteServiceImpl: EjbDeployment(deployment-id=ChangeRemoteServiceImpl)
25-Oct-2025 11:04:32.565 INFO [main] org.apache.openejb.config.ConfigurationFactory.configureService Configuring Service(id=Default Stateless Container, type=Container, provider-id=Default Stateless Container)
25-Oct-2025 11:04:32.566 INFO [main] org.apache.openejb.config.AutoConfig.createContainer Auto-creating a container for bean ChangeServiceImpl: Container(type=STATELESS, id=Default Stateless Container)
25-Oct-2025 11:04:32.566 INFO [main] org.apache.openejb.assembler.classic.Assembler.createRecipe Creating Container(id=Default Stateless Container)
25-Oct-2025 11:04:32.575 INFO [main] org.apache.openejb.config.ConfigurationFactory.configureService Configuring Service(id=Default Managed Container, type=Container, provider-id=Default Managed Container)
25-Oct-2025 11:04:32.575 INFO [main] org.apache.openejb.config.AutoConfig.createContainer Auto-creating a container for bean .Comp1512822728: Container(type=MANAGED, id=Default Managed Container)
25-Oct-2025 11:04:32.575 INFO [main] org.apache.openejb.assembler.classic.Assembler.createRecipe Creating Container(id=Default Managed Container)
25-Oct-2025 11:04:32.582 INFO [main] org.apache.openejb.core.managed.SimplePassivater.init Using directory /usr/local/tomee/temp for stateful session passivation
25-Oct-2025 11:04:32.599 INFO [main] org.apache.openejb.config.AppInfoBuilder.build Enterprise application "/usr/local/tomee/webapps/ROOT" loaded.
25-Oct-2025 11:04:32.599 INFO [main] org.apache.openejb.assembler.classic.Assembler.createApplication Assembling app: /usr/local/tomee/webapps/ROOT
25-Oct-2025 11:04:32.617 INFO [main] org.apache.openejb.assembler.classic.JndiBuilder.bind Jndi(name=ChangeServiceImplLocal) --> Ejb(deployment-id=ChangeServiceImpl)
25-Oct-2025 11:04:32.617 INFO [main] org.apache.openejb.assembler.classic.JndiBuilder.bind Jndi(name=global/ChangeServiceImpl!mg.razherana.banking.change.services.changeServices.ChangeService) --> Ejb(deployment-id=ChangeServiceImpl)
25-Oct-2025 11:04:32.618 INFO [main] org.apache.openejb.assembler.classic.JndiBuilder.bind Jndi(name=global/ChangeServiceImpl) --> Ejb(deployment-id=ChangeServiceImpl)
25-Oct-2025 11:04:32.618 INFO [main] org.apache.openejb.assembler.classic.JndiBuilder.bind Jndi(name=ChangeRemoteServiceImplRemote) --> Ejb(deployment-id=ChangeRemoteServiceImpl)
25-Oct-2025 11:04:32.618 INFO [main] org.apache.openejb.assembler.classic.JndiBuilder.bind Jndi(name=global//ChangeRemoteServiceImpl!mg.razherana.banking.change.services.changeServices.ChangeRemoteService) --> Ejb(deployment-id=ChangeRemoteServiceImpl)
25-Oct-2025 11:04:32.619 INFO [main] org.apache.openejb.assembler.classic.JndiBuilder.bind Jndi(name=global/ChangeRemoteServiceImpl!mg.razherana.banking.change.services.changeServices.ChangeRemoteService) --> Ejb(deployment-id=ChangeRemoteServiceImpl)
25-Oct-2025 11:04:32.619 INFO [main] org.apache.openejb.assembler.classic.JndiBuilder.bind Jndi(name=global/ChangeRemoteServiceImpl) --> Ejb(deployment-id=ChangeRemoteServiceImpl)
25-Oct-2025 11:04:32.645 INFO [main] org.apache.openejb.cdi.CdiBuilder.initSingleton Existing thread singleton service in SystemInstance(): org.apache.openejb.cdi.ThreadSingletonServiceImpl@7daa0fbd
25-Oct-2025 11:04:32.747 INFO [main] org.apache.openejb.cdi.OpenEJBLifecycle.startApplication OpenWebBeans Container is starting...
25-Oct-2025 11:04:32.754 INFO [main] org.apache.webbeans.plugins.PluginLoader.startUp Adding OpenWebBeansPlugin : [CdiPlugin]
25-Oct-2025 11:04:32.758 INFO [main] org.apache.openejb.cdi.CdiScanner.handleBda Using annotated mode for file:/usr/local/tomee/webapps/ROOT/WEB-INF/classes/ looking all classes to find CDI beans, maybe think to add a beans.xml if not there or add the jar to exclusions.list
25-Oct-2025 11:04:32.922 INFO [main] org.apache.openejb.util.OptionsLog.info Using 'tomee.mp.cdi.extensions=io.smallrye.config.inject.ConfigExtension,io.smallrye.faulttolerance.FaultToleranceExtension,io.smallrye.metrics.legacyapi.LegacyMetricsExtension,io.smallrye.opentelemetry.implementation.cdi.OpenTelemetryExtension,org.apache.cxf.microprofile.client.cdi.RestClientExtension,org.apache.tomee.microprofile.faulttolerance.MPFaultToleranceCDIExtension,org.apache.tomee.microprofile.health.MPHealthCDIExtension,org.apache.tomee.microprofile.jwt.cdi.MPJWTCDIExtension,org.apache.tomee.microprofile.opentelemetry.MPOpenTelemetryCDIExtension'
25-Oct-2025 11:04:32.922 INFO [main] org.apache.openejb.util.OptionsLog.info Using 'tomee.mp.cdi.extensions=io.smallrye.config.inject.ConfigExtension,io.smallrye.faulttolerance.FaultToleranceExtension,io.smallrye.metrics.legacyapi.LegacyMetricsExtension,io.smallrye.opentelemetry.implementation.cdi.OpenTelemetryExtension,org.apache.cxf.microprofile.client.cdi.RestClientExtension,org.apache.tomee.microprofile.faulttolerance.MPFaultToleranceCDIExtension,org.apache.tomee.microprofile.health.MPHealthCDIExtension,org.apache.tomee.microprofile.jwt.cdi.MPJWTCDIExtension,org.apache.tomee.microprofile.opentelemetry.MPOpenTelemetryCDIExtension'
25-Oct-2025 11:04:32.922 INFO [main] org.apache.openejb.util.OptionsLog.info Using 'tomee.mp.cdi.extensions=io.smallrye.config.inject.ConfigExtension,io.smallrye.faulttolerance.FaultToleranceExtension,io.smallrye.metrics.legacyapi.LegacyMetricsExtension,io.smallrye.opentelemetry.implementation.cdi.OpenTelemetryExtension,org.apache.cxf.microprofile.client.cdi.RestClientExtension,org.apache.tomee.microprofile.faulttolerance.MPFaultToleranceCDIExtension,org.apache.tomee.microprofile.health.MPHealthCDIExtension,org.apache.tomee.microprofile.jwt.cdi.MPJWTCDIExtension,org.apache.tomee.microprofile.opentelemetry.MPOpenTelemetryCDIExtension'
25-Oct-2025 11:04:32.922 INFO [main] org.apache.openejb.util.OptionsLog.info Using 'tomee.mp.cdi.extensions=io.smallrye.config.inject.ConfigExtension,io.smallrye.faulttolerance.FaultToleranceExtension,io.smallrye.metrics.legacyapi.LegacyMetricsExtension,io.smallrye.opentelemetry.implementation.cdi.OpenTelemetryExtension,org.apache.cxf.microprofile.client.cdi.RestClientExtension,org.apache.tomee.microprofile.faulttolerance.MPFaultToleranceCDIExtension,org.apache.tomee.microprofile.health.MPHealthCDIExtension,org.apache.tomee.microprofile.jwt.cdi.MPJWTCDIExtension,org.apache.tomee.microprofile.opentelemetry.MPOpenTelemetryCDIExtension'
25-Oct-2025 11:04:32.922 INFO [main] org.apache.openejb.util.OptionsLog.info Using 'tomee.mp.cdi.extensions=io.smallrye.config.inject.ConfigExtension,io.smallrye.faulttolerance.FaultToleranceExtension,io.smallrye.metrics.legacyapi.LegacyMetricsExtension,io.smallrye.opentelemetry.implementation.cdi.OpenTelemetryExtension,org.apache.cxf.microprofile.client.cdi.RestClientExtension,org.apache.tomee.microprofile.faulttolerance.MPFaultToleranceCDIExtension,org.apache.tomee.microprofile.health.MPHealthCDIExtension,org.apache.tomee.microprofile.jwt.cdi.MPJWTCDIExtension,org.apache.tomee.microprofile.opentelemetry.MPOpenTelemetryCDIExtension'
25-Oct-2025 11:04:32.922 INFO [main] org.apache.openejb.util.OptionsLog.info Using 'tomee.mp.cdi.extensions=io.smallrye.config.inject.ConfigExtension,io.smallrye.faulttolerance.FaultToleranceExtension,io.smallrye.metrics.legacyapi.LegacyMetricsExtension,io.smallrye.opentelemetry.implementation.cdi.OpenTelemetryExtension,org.apache.cxf.microprofile.client.cdi.RestClientExtension,org.apache.tomee.microprofile.faulttolerance.MPFaultToleranceCDIExtension,org.apache.tomee.microprofile.health.MPHealthCDIExtension,org.apache.tomee.microprofile.jwt.cdi.MPJWTCDIExtension,org.apache.tomee.microprofile.opentelemetry.MPOpenTelemetryCDIExtension'
25-Oct-2025 11:04:32.923 INFO [main] org.apache.openejb.util.OptionsLog.info Using 'tomee.mp.cdi.extensions=io.smallrye.config.inject.ConfigExtension,io.smallrye.faulttolerance.FaultToleranceExtension,io.smallrye.metrics.legacyapi.LegacyMetricsExtension,io.smallrye.opentelemetry.implementation.cdi.OpenTelemetryExtension,org.apache.cxf.microprofile.client.cdi.RestClientExtension,org.apache.tomee.microprofile.faulttolerance.MPFaultToleranceCDIExtension,org.apache.tomee.microprofile.health.MPHealthCDIExtension,org.apache.tomee.microprofile.jwt.cdi.MPJWTCDIExtension,org.apache.tomee.microprofile.opentelemetry.MPOpenTelemetryCDIExtension'
25-Oct-2025 11:04:32.923 INFO [main] org.apache.openejb.util.OptionsLog.info Using 'tomee.mp.cdi.extensions=io.smallrye.config.inject.ConfigExtension,io.smallrye.faulttolerance.FaultToleranceExtension,io.smallrye.metrics.legacyapi.LegacyMetricsExtension,io.smallrye.opentelemetry.implementation.cdi.OpenTelemetryExtension,org.apache.cxf.microprofile.client.cdi.RestClientExtension,org.apache.tomee.microprofile.faulttolerance.MPFaultToleranceCDIExtension,org.apache.tomee.microprofile.health.MPHealthCDIExtension,org.apache.tomee.microprofile.jwt.cdi.MPJWTCDIExtension,org.apache.tomee.microprofile.opentelemetry.MPOpenTelemetryCDIExtension'
25-Oct-2025 11:04:32.923 INFO [main] org.apache.openejb.util.OptionsLog.info Using 'tomee.mp.cdi.extensions=io.smallrye.config.inject.ConfigExtension,io.smallrye.faulttolerance.FaultToleranceExtension,io.smallrye.metrics.legacyapi.LegacyMetricsExtension,io.smallrye.opentelemetry.implementation.cdi.OpenTelemetryExtension,org.apache.cxf.microprofile.client.cdi.RestClientExtension,org.apache.tomee.microprofile.faulttolerance.MPFaultToleranceCDIExtension,org.apache.tomee.microprofile.health.MPHealthCDIExtension,org.apache.tomee.microprofile.jwt.cdi.MPJWTCDIExtension,org.apache.tomee.microprofile.opentelemetry.MPOpenTelemetryCDIExtension'
25-Oct-2025 11:04:32.923 INFO [main] org.apache.openejb.util.OptionsLog.info Using 'tomee.mp.cdi.extensions=io.smallrye.config.inject.ConfigExtension,io.smallrye.faulttolerance.FaultToleranceExtension,io.smallrye.metrics.legacyapi.LegacyMetricsExtension,io.smallrye.opentelemetry.implementation.cdi.OpenTelemetryExtension,org.apache.cxf.microprofile.client.cdi.RestClientExtension,org.apache.tomee.microprofile.faulttolerance.MPFaultToleranceCDIExtension,org.apache.tomee.microprofile.health.MPHealthCDIExtension,org.apache.tomee.microprofile.jwt.cdi.MPJWTCDIExtension,org.apache.tomee.microprofile.opentelemetry.MPOpenTelemetryCDIExtension'
25-Oct-2025 11:04:33.415 INFO [main] org.apache.webbeans.config.BeansDeployer.validateInjectionPoints All injection points were validated successfully.
25-Oct-2025 11:04:33.422 INFO [main] org.apache.openejb.cdi.OpenEJBLifecycle.startApplication OpenWebBeans Container has started, it took 675 ms.
25-Oct-2025 11:04:33.427 INFO [main] org.apache.openejb.assembler.classic.ValidatorBuilder.getConfig Ignoring XML Configuration for validator org.apache.bval.jsr.ConfigurationImpl
25-Oct-2025 11:04:33.462 INFO [main] org.apache.openejb.assembler.classic.Assembler.startEjbs Created Ejb(deployment-id=ChangeRemoteServiceImpl, ejb-name=ChangeRemoteServiceImpl, container=Default Stateless Container)
25-Oct-2025 11:04:33.467 INFO [main] org.apache.openejb.assembler.classic.Assembler.startEjbs Created Ejb(deployment-id=ChangeServiceImpl, ejb-name=ChangeServiceImpl, container=Default Stateless Container)
25-Oct-2025 11:04:33.486 INFO [main] org.apache.openejb.assembler.classic.Assembler.startEjbs Started Ejb(deployment-id=ChangeRemoteServiceImpl, ejb-name=ChangeRemoteServiceImpl, container=Default Stateless Container)
25-Oct-2025 11:04:33.494 INFO [main] org.apache.openejb.assembler.classic.Assembler.startEjbs Started Ejb(deployment-id=ChangeServiceImpl, ejb-name=ChangeServiceImpl, container=Default Stateless Container)
25-Oct-2025 11:04:33.496 WARNING [main] org.apache.batchee.container.services.ServicesManager.init You didn't specify org.apache.batchee.jmx.application and JMX is already registered, skipping
25-Oct-2025 11:04:33.496 INFO [main] org.apache.openejb.assembler.classic.Assembler.createApplication Deployed Application(path=/usr/local/tomee/webapps/ROOT)
25-Oct-2025 11:04:33.663 INFO [main] org.apache.jasper.servlet.TldScanner.scanJars At least one JAR was scanned for TLDs yet contained no TLDs. Enable debug logging for this logger for a complete list of JARs that were scanned but no TLDs were found in them. Skipping unneeded JARs during scanning can improve startup time and JSP compilation time.
25-Oct-2025 11:04:33.719 INFO [main] jdk.internal.reflect.DelegatingMethodAccessorImpl.invoke Deployment of web application archive [/usr/local/tomee/webapps/ROOT.war] has finished in [1,633] ms
25-Oct-2025 11:04:33.734 INFO [main] jdk.internal.reflect.DelegatingMethodAccessorImpl.invoke Starting ProtocolHandler ["http-nio-127.0.0.5-8080"]
25-Oct-2025 11:04:33.745 INFO [main] jdk.internal.reflect.DelegatingMethodAccessorImpl.invoke Server startup in [1790] milliseconds
25-Oct-2025 11:05:17.159 INFO [Thread-22] jdk.internal.reflect.DelegatingMethodAccessorImpl.invoke Pausing ProtocolHandler ["http-nio-127.0.0.5-8080"]
25-Oct-2025 11:05:17.164 INFO [Thread-22] jdk.internal.reflect.DelegatingMethodAccessorImpl.invoke Stopping service [Catalina]
25-Oct-2025 11:05:17.173 INFO [Thread-22] org.apache.openejb.assembler.classic.Assembler.destroyApplication Undeploying app: /usr/local/tomee/webapps/ROOT
25-Oct-2025 11:05:17.230 INFO [Thread-22] jdk.internal.reflect.DelegatingMethodAccessorImpl.invoke Stopping ProtocolHandler ["http-nio-127.0.0.5-8080"]
25-Oct-2025 11:05:17.239 INFO [Thread-22] org.apache.openejb.server.SimpleServiceManager.stop Stopping server services
25-Oct-2025 11:05:17.244 INFO [Thread-22] org.apache.openejb.assembler.classic.Assembler.destroyApplication Undeploying app: openejb
25-Oct-2025 11:05:17.247 SEVERE [Thread-22] org.apache.openejb.core.singleton.SingletonInstanceManager.undeploy Unable to unregister MBean openejb.management:J2EEServer=openejb,J2EEApplication=<empty>,EJBModule=openejb,SingletonSessionBean=openejb/Deployer,name=openejb/Deployer,j2eeType=Invocations
25-Oct-2025 11:05:17.255 INFO [Thread-22] jdk.internal.reflect.DelegatingMethodAccessorImpl.invoke Destroying ProtocolHandler ["http-nio-127.0.0.5-8080"]
25-Oct-2025 11:05:47.781 INFO [main] org.apache.openejb.persistence.PersistenceBootstrap.getDefaultProvider Default JPA Provider changed to org.eclipse.persistence.jpa.PersistenceProvider specified by jar:file:/usr/local/tomee/lib/openejb-core-eclipselink-10.1.0.jar!/META-INF/org.apache.openejb.persistence.PersistenceBootstrap.provider
25-Oct-2025 11:05:47.954 INFO [main] jdk.internal.reflect.NativeMethodAccessorImpl.invoke Server version name:   Apache Tomcat (TomEE)/10.1.42 (10.1.0)
25-Oct-2025 11:05:47.954 INFO [main] jdk.internal.reflect.NativeMethodAccessorImpl.invoke Server built:          Jun 5 2025 22:35:46 UTC
25-Oct-2025 11:05:47.954 INFO [main] jdk.internal.reflect.NativeMethodAccessorImpl.invoke Server version number: 10.1.42.0
25-Oct-2025 11:05:47.954 INFO [main] jdk.internal.reflect.NativeMethodAccessorImpl.invoke OS Name:               Linux
25-Oct-2025 11:05:47.954 INFO [main] jdk.internal.reflect.NativeMethodAccessorImpl.invoke OS Version:            6.10.14-linuxkit
25-Oct-2025 11:05:47.954 INFO [main] jdk.internal.reflect.NativeMethodAccessorImpl.invoke Architecture:          amd64
25-Oct-2025 11:05:47.954 INFO [main] jdk.internal.reflect.NativeMethodAccessorImpl.invoke Java Home:             /opt/java/openjdk
25-Oct-2025 11:05:47.954 INFO [main] jdk.internal.reflect.NativeMethodAccessorImpl.invoke JVM Version:           17.0.16+8
25-Oct-2025 11:05:47.955 INFO [main] jdk.internal.reflect.NativeMethodAccessorImpl.invoke JVM Vendor:            Eclipse Adoptium
25-Oct-2025 11:05:47.955 INFO [main] jdk.internal.reflect.NativeMethodAccessorImpl.invoke CATALINA_BASE:         /usr/local/tomee
25-Oct-2025 11:05:47.955 INFO [main] jdk.internal.reflect.NativeMethodAccessorImpl.invoke CATALINA_HOME:         /usr/local/tomee
25-Oct-2025 11:05:47.955 INFO [main] jdk.internal.reflect.NativeMethodAccessorImpl.invoke Command line argument: -Djava.util.logging.config.file=/usr/local/tomee/conf/logging.properties
25-Oct-2025 11:05:47.956 INFO [main] jdk.internal.reflect.NativeMethodAccessorImpl.invoke Command line argument: -Djava.util.logging.manager=org.apache.juli.ClassLoaderLogManager
25-Oct-2025 11:05:47.956 INFO [main] jdk.internal.reflect.NativeMethodAccessorImpl.invoke Command line argument: -javaagent:/usr/local/tomee/lib/openejb-javaagent.jar
25-Oct-2025 11:05:47.956 INFO [main] jdk.internal.reflect.NativeMethodAccessorImpl.invoke Command line argument: -Djava.awt.headless=true
25-Oct-2025 11:05:47.956 INFO [main] jdk.internal.reflect.NativeMethodAccessorImpl.invoke Command line argument: -Dfile.encoding=UTF-8
25-Oct-2025 11:05:47.956 INFO [main] jdk.internal.reflect.DelegatingMethodAccessorImpl.invoke Command line argument: -Djdk.tls.ephemeralDHKeySize=2048
25-Oct-2025 11:05:47.957 INFO [main] jdk.internal.reflect.DelegatingMethodAccessorImpl.invoke Command line argument: -Djava.protocol.handler.pkgs=org.apache.catalina.webresources
25-Oct-2025 11:05:47.957 INFO [main] jdk.internal.reflect.DelegatingMethodAccessorImpl.invoke Command line argument: -Dsun.io.useCanonCaches=false
25-Oct-2025 11:05:47.957 INFO [main] jdk.internal.reflect.DelegatingMethodAccessorImpl.invoke Command line argument: -Dorg.apache.catalina.security.SecurityListener.UMASK=0027
25-Oct-2025 11:05:47.957 INFO [main] jdk.internal.reflect.DelegatingMethodAccessorImpl.invoke Command line argument: --add-opens=java.base/java.lang=ALL-UNNAMED
25-Oct-2025 11:05:47.957 INFO [main] jdk.internal.reflect.DelegatingMethodAccessorImpl.invoke Command line argument: --add-opens=java.base/java.lang.reflect=ALL-UNNAMED
25-Oct-2025 11:05:47.957 INFO [main] jdk.internal.reflect.DelegatingMethodAccessorImpl.invoke Command line argument: --add-opens=java.base/java.io=ALL-UNNAMED
25-Oct-2025 11:05:47.957 INFO [main] jdk.internal.reflect.DelegatingMethodAccessorImpl.invoke Command line argument: --add-opens=java.base/java.util=ALL-UNNAMED
25-Oct-2025 11:05:47.957 INFO [main] jdk.internal.reflect.DelegatingMethodAccessorImpl.invoke Command line argument: --add-opens=java.base/java.util.concurrent=ALL-UNNAMED
25-Oct-2025 11:05:47.957 INFO [main] jdk.internal.reflect.DelegatingMethodAccessorImpl.invoke Command line argument: --add-opens=java.rmi/sun.rmi.transport=ALL-UNNAMED
25-Oct-2025 11:05:47.958 INFO [main] jdk.internal.reflect.DelegatingMethodAccessorImpl.invoke Command line argument: -Xmx512m
25-Oct-2025 11:05:47.958 INFO [main] jdk.internal.reflect.DelegatingMethodAccessorImpl.invoke Command line argument: -Dtomee.remote.support=true
25-Oct-2025 11:05:47.958 INFO [main] jdk.internal.reflect.DelegatingMethodAccessorImpl.invoke Command line argument: -Dopenejb.cdi.activated=true
25-Oct-2025 11:05:47.958 INFO [main] jdk.internal.reflect.DelegatingMethodAccessorImpl.invoke Command line argument: -Dtomee.serialization.class.blacklist=-
25-Oct-2025 11:05:47.958 INFO [main] jdk.internal.reflect.DelegatingMethodAccessorImpl.invoke Command line argument: -Dopenejb.system.apps=true
25-Oct-2025 11:05:47.958 INFO [main] jdk.internal.reflect.DelegatingMethodAccessorImpl.invoke Command line argument: -Dcatalina.base=/usr/local/tomee
25-Oct-2025 11:05:47.958 INFO [main] jdk.internal.reflect.DelegatingMethodAccessorImpl.invoke Command line argument: -Dcatalina.home=/usr/local/tomee
25-Oct-2025 11:05:47.958 INFO [main] jdk.internal.reflect.DelegatingMethodAccessorImpl.invoke Command line argument: -Djava.io.tmpdir=/usr/local/tomee/temp
25-Oct-2025 11:05:47.960 INFO [main] jdk.internal.reflect.DelegatingMethodAccessorImpl.invoke The Apache Tomcat Native library which allows using OpenSSL was not found on the java.library.path: [/opt/java/openjdk/lib/server:/opt/java/openjdk/lib:/opt/java/openjdk/../lib:/usr/java/packages/lib:/usr/lib64:/lib64:/lib:/usr/lib]
25-Oct-2025 11:05:48.251 INFO [main] jdk.internal.reflect.DelegatingMethodAccessorImpl.invoke Initializing ProtocolHandler ["http-nio-127.0.0.5-8080"]
25-Oct-2025 11:05:48.453 INFO [main] org.apache.openejb.util.OptionsLog.info Using 'tomee.remote.support=true'
25-Oct-2025 11:05:48.464 INFO [main] org.apache.openejb.util.OptionsLog.info Using 'openejb.jdbc.datasource-creator=org.apache.tomee.jdbc.TomEEDataSourceCreator'
25-Oct-2025 11:05:48.597 INFO [main] org.apache.openejb.OpenEJB$Instance.<init> ********************************************************************************
25-Oct-2025 11:05:48.597 INFO [main] org.apache.openejb.OpenEJB$Instance.<init> OpenEJB http://tomee.apache.org/
25-Oct-2025 11:05:48.598 INFO [main] org.apache.openejb.OpenEJB$Instance.<init> Startup: Sat Oct 25 11:05:48 GMT 2025
25-Oct-2025 11:05:48.598 INFO [main] org.apache.openejb.OpenEJB$Instance.<init> Copyright 1999-2025 (C) Apache TomEE Project, All Rights Reserved.
25-Oct-2025 11:05:48.598 INFO [main] org.apache.openejb.OpenEJB$Instance.<init> Version: 10.1.0
25-Oct-2025 11:05:48.598 INFO [main] org.apache.openejb.OpenEJB$Instance.<init> Build date: 20250610
25-Oct-2025 11:05:48.598 INFO [main] org.apache.openejb.OpenEJB$Instance.<init> Build time: 04:18
25-Oct-2025 11:05:48.598 INFO [main] org.apache.openejb.OpenEJB$Instance.<init> ********************************************************************************
25-Oct-2025 11:05:48.599 INFO [main] org.apache.openejb.OpenEJB$Instance.<init> openejb.home = /usr/local/tomee
25-Oct-2025 11:05:48.599 INFO [main] org.apache.openejb.OpenEJB$Instance.<init> openejb.base = /usr/local/tomee
25-Oct-2025 11:05:48.603 INFO [main] org.apache.openejb.cdi.CdiBuilder.initializeOWB Created new singletonService org.apache.openejb.cdi.ThreadSingletonServiceImpl@36a5cabc
25-Oct-2025 11:05:48.610 INFO [main] org.apache.openejb.cdi.CdiBuilder.initializeOWB Succeeded in installing singleton service
25-Oct-2025 11:05:48.657 INFO [main] org.apache.openejb.config.ConfigurationFactory.init TomEE configuration file is '/usr/local/tomee/conf/tomee.xml'
25-Oct-2025 11:05:48.700 INFO [main] org.apache.openejb.config.ConfigurationFactory.configureService Configuring Service(id=Tomcat Security Service, type=SecurityService, provider-id=Tomcat Security Service)
25-Oct-2025 11:05:48.702 INFO [main] org.apache.openejb.config.ConfigurationFactory.configureService Configuring Service(id=Default Transaction Manager, type=TransactionManager, provider-id=Default Transaction Manager)
25-Oct-2025 11:05:48.705 INFO [main] org.apache.openejb.util.OptionsLog.info Using 'openejb.system.apps=true'
25-Oct-2025 11:05:48.707 INFO [main] org.apache.openejb.config.ConfigurationFactory.configureService Configuring Service(id=Default Singleton Container, type=Container, provider-id=Default Singleton Container)
25-Oct-2025 11:05:48.732 INFO [main] org.apache.openejb.assembler.classic.Assembler.createRecipe Creating TransactionManager(id=Default Transaction Manager)
25-Oct-2025 11:05:48.791 INFO [main] org.apache.openejb.assembler.classic.Assembler.createRecipe Creating SecurityService(id=Tomcat Security Service)
25-Oct-2025 11:05:48.813 INFO [main] org.apache.openejb.assembler.classic.Assembler.createRecipe Creating Container(id=Default Singleton Container)
25-Oct-2025 11:05:48.829 INFO [main] org.apache.openejb.assembler.classic.Assembler.createApplication Assembling app: openejb
25-Oct-2025 11:05:48.917 INFO [main] org.apache.openejb.util.OptionsLog.info Using 'openejb.jndiname.format={deploymentId}{interfaceType.openejbLegacyName}'
25-Oct-2025 11:05:48.927 INFO [main] org.apache.openejb.assembler.classic.JndiBuilder.bind Jndi(name=openejb/DeployerBusinessRemote) --> Ejb(deployment-id=openejb/Deployer)
25-Oct-2025 11:05:48.928 INFO [main] org.apache.openejb.assembler.classic.JndiBuilder.bind Jndi(name=global/openejb/openejb/openejb/Deployer!org.apache.openejb.assembler.Deployer) --> Ejb(deployment-id=openejb/Deployer)
25-Oct-2025 11:05:48.929 INFO [main] org.apache.openejb.assembler.classic.JndiBuilder.bind Jndi(name=global/openejb/openejb/openejb/Deployer) --> Ejb(deployment-id=openejb/Deployer)
25-Oct-2025 11:05:48.930 INFO [main] org.apache.openejb.assembler.classic.JndiBuilder.bind Jndi(name=openejb/ConfigurationInfoBusinessRemote) --> Ejb(deployment-id=openejb/ConfigurationInfo)
25-Oct-2025 11:05:48.931 INFO [main] org.apache.openejb.assembler.classic.JndiBuilder.bind Jndi(name=global/openejb/openejb/openejb/Deployer!org.apache.openejb.assembler.classic.cmd.ConfigurationInfo) --> Ejb(deployment-id=openejb/ConfigurationInfo)
25-Oct-2025 11:05:48.940 INFO [main] org.apache.openejb.assembler.classic.Assembler.startEjbs Created Ejb(deployment-id=openejb/ConfigurationInfo, ejb-name=openejb/Deployer, container=Default Singleton Container)
25-Oct-2025 11:05:48.943 INFO [main] org.apache.openejb.assembler.classic.Assembler.startEjbs Created Ejb(deployment-id=openejb/Deployer, ejb-name=openejb/Deployer, container=Default Singleton Container)
25-Oct-2025 11:05:48.943 INFO [main] org.apache.openejb.assembler.classic.Assembler.startEjbs Started Ejb(deployment-id=openejb/ConfigurationInfo, ejb-name=openejb/Deployer, container=Default Singleton Container)
25-Oct-2025 11:05:48.943 INFO [main] org.apache.openejb.assembler.classic.Assembler.startEjbs Started Ejb(deployment-id=openejb/Deployer, ejb-name=openejb/Deployer, container=Default Singleton Container)
25-Oct-2025 11:05:48.949 INFO [main] org.apache.openejb.assembler.classic.Assembler.deployMBean Deployed MBean(openejb.user.mbeans:application=openejb,group=org.apache.openejb.assembler.monitoring,name=JMXDeployer)
25-Oct-2025 11:05:48.951 WARNING [main] org.apache.batchee.container.services.ServicesManager.init You didn't specify org.apache.batchee.jmx.application and JMX is already registered, skipping
25-Oct-2025 11:05:48.952 INFO [main] org.apache.openejb.assembler.classic.Assembler.createApplication Deployed Application(path=openejb)
25-Oct-2025 11:05:48.985 INFO [main] org.apache.openejb.server.ServiceManager.initServer Creating ServerService(id=cxf)
25-Oct-2025 11:05:49.146 INFO [main] org.apache.openejb.server.ServiceManager.initServer Creating ServerService(id=cxf-rs)
25-Oct-2025 11:05:49.188 INFO [main] org.apache.openejb.server.SimpleServiceManager.start   ** Bound Services **
25-Oct-2025 11:05:49.188 INFO [main] org.apache.openejb.server.SimpleServiceManager.printRow   NAME                 IP              PORT  
25-Oct-2025 11:05:49.189 INFO [main] org.apache.openejb.server.SimpleServiceManager.start -------
25-Oct-2025 11:05:49.189 INFO [main] org.apache.openejb.server.SimpleServiceManager.start Ready!
25-Oct-2025 11:05:49.189 INFO [main] jdk.internal.reflect.DelegatingMethodAccessorImpl.invoke Server initialization in [1383] milliseconds
25-Oct-2025 11:05:49.222 INFO [main] org.apache.tomee.catalina.OpenEJBNamingContextListener.bindResource Importing a Tomcat Resource with id 'UserDatabase' of type 'org.apache.catalina.UserDatabase'.
25-Oct-2025 11:05:49.232 INFO [main] org.apache.openejb.assembler.classic.Assembler.createRecipe Creating Resource(id=UserDatabase)
25-Oct-2025 11:05:49.266 INFO [main] jdk.internal.reflect.DelegatingMethodAccessorImpl.invoke Starting service [Catalina]
25-Oct-2025 11:05:49.266 INFO [main] jdk.internal.reflect.DelegatingMethodAccessorImpl.invoke Starting Servlet engine: [Apache Tomcat (TomEE)/10.1.42 (10.1.0)]
25-Oct-2025 11:05:49.281 INFO [main] jdk.internal.reflect.DelegatingMethodAccessorImpl.invoke Deploying web application archive [/usr/local/tomee/webapps/ROOT.war]
25-Oct-2025 11:05:49.288 INFO [main] org.apache.tomee.catalina.TomcatWebAppBuilder.init ------------------------- 127.0.0.5 -> /
25-Oct-2025 11:05:49.458 INFO [main] org.apache.openejb.util.OptionsLog.info Using 'tomee.mp.cdi.extensions=io.smallrye.config.inject.ConfigExtension,io.smallrye.faulttolerance.FaultToleranceExtension,io.smallrye.metrics.legacyapi.LegacyMetricsExtension,io.smallrye.opentelemetry.implementation.cdi.OpenTelemetryExtension,org.apache.cxf.microprofile.client.cdi.RestClientExtension,org.apache.tomee.microprofile.faulttolerance.MPFaultToleranceCDIExtension,org.apache.tomee.microprofile.health.MPHealthCDIExtension,org.apache.tomee.microprofile.jwt.cdi.MPJWTCDIExtension,org.apache.tomee.microprofile.opentelemetry.MPOpenTelemetryCDIExtension'
25-Oct-2025 11:05:49.603 INFO [main] org.apache.openejb.config.ConfigurationFactory.configureApplication Configuring enterprise application: /usr/local/tomee/webapps/ROOT
25-Oct-2025 11:06:13.958 INFO [main] org.apache.openejb.persistence.PersistenceBootstrap.getDefaultProvider Default JPA Provider changed to org.eclipse.persistence.jpa.PersistenceProvider specified by jar:file:/usr/local/tomee/lib/openejb-core-eclipselink-10.1.0.jar!/META-INF/org.apache.openejb.persistence.PersistenceBootstrap.provider
25-Oct-2025 11:06:14.152 INFO [main] jdk.internal.reflect.NativeMethodAccessorImpl.invoke Server version name:   Apache Tomcat (TomEE)/10.1.42 (10.1.0)
25-Oct-2025 11:06:14.152 INFO [main] jdk.internal.reflect.NativeMethodAccessorImpl.invoke Server built:          Jun 5 2025 22:35:46 UTC
25-Oct-2025 11:06:14.152 INFO [main] jdk.internal.reflect.NativeMethodAccessorImpl.invoke Server version number: 10.1.42.0
25-Oct-2025 11:06:14.152 INFO [main] jdk.internal.reflect.NativeMethodAccessorImpl.invoke OS Name:               Linux
25-Oct-2025 11:06:14.152 INFO [main] jdk.internal.reflect.NativeMethodAccessorImpl.invoke OS Version:            6.10.14-linuxkit
25-Oct-2025 11:06:14.152 INFO [main] jdk.internal.reflect.NativeMethodAccessorImpl.invoke Architecture:          amd64
25-Oct-2025 11:06:14.152 INFO [main] jdk.internal.reflect.NativeMethodAccessorImpl.invoke Java Home:             /opt/java/openjdk
25-Oct-2025 11:06:14.153 INFO [main] jdk.internal.reflect.NativeMethodAccessorImpl.invoke JVM Version:           17.0.16+8
25-Oct-2025 11:06:14.153 INFO [main] jdk.internal.reflect.NativeMethodAccessorImpl.invoke JVM Vendor:            Eclipse Adoptium
25-Oct-2025 11:06:14.153 INFO [main] jdk.internal.reflect.NativeMethodAccessorImpl.invoke CATALINA_BASE:         /usr/local/tomee
25-Oct-2025 11:06:14.153 INFO [main] jdk.internal.reflect.NativeMethodAccessorImpl.invoke CATALINA_HOME:         /usr/local/tomee
25-Oct-2025 11:06:14.153 INFO [main] jdk.internal.reflect.NativeMethodAccessorImpl.invoke Command line argument: -Djava.util.logging.config.file=/usr/local/tomee/conf/logging.properties
25-Oct-2025 11:06:14.154 INFO [main] jdk.internal.reflect.NativeMethodAccessorImpl.invoke Command line argument: -Djava.util.logging.manager=org.apache.juli.ClassLoaderLogManager
25-Oct-2025 11:06:14.154 INFO [main] jdk.internal.reflect.NativeMethodAccessorImpl.invoke Command line argument: -javaagent:/usr/local/tomee/lib/openejb-javaagent.jar
25-Oct-2025 11:06:14.154 INFO [main] jdk.internal.reflect.NativeMethodAccessorImpl.invoke Command line argument: -Djdk.tls.ephemeralDHKeySize=2048
25-Oct-2025 11:06:14.154 INFO [main] jdk.internal.reflect.NativeMethodAccessorImpl.invoke Command line argument: -Djava.protocol.handler.pkgs=org.apache.catalina.webresources
25-Oct-2025 11:06:14.154 INFO [main] jdk.internal.reflect.DelegatingMethodAccessorImpl.invoke Command line argument: -Dsun.io.useCanonCaches=false
25-Oct-2025 11:06:14.154 INFO [main] jdk.internal.reflect.DelegatingMethodAccessorImpl.invoke Command line argument: -Dorg.apache.catalina.security.SecurityListener.UMASK=0027
25-Oct-2025 11:06:14.154 INFO [main] jdk.internal.reflect.DelegatingMethodAccessorImpl.invoke Command line argument: --add-opens=java.base/java.lang=ALL-UNNAMED
25-Oct-2025 11:06:14.155 INFO [main] jdk.internal.reflect.DelegatingMethodAccessorImpl.invoke Command line argument: --add-opens=java.base/java.lang.reflect=ALL-UNNAMED
25-Oct-2025 11:06:14.155 INFO [main] jdk.internal.reflect.DelegatingMethodAccessorImpl.invoke Command line argument: --add-opens=java.base/java.io=ALL-UNNAMED
25-Oct-2025 11:06:14.155 INFO [main] jdk.internal.reflect.DelegatingMethodAccessorImpl.invoke Command line argument: --add-opens=java.base/java.util=ALL-UNNAMED
25-Oct-2025 11:06:14.155 INFO [main] jdk.internal.reflect.DelegatingMethodAccessorImpl.invoke Command line argument: --add-opens=java.base/java.util.concurrent=ALL-UNNAMED
25-Oct-2025 11:06:14.155 INFO [main] jdk.internal.reflect.DelegatingMethodAccessorImpl.invoke Command line argument: --add-opens=java.rmi/sun.rmi.transport=ALL-UNNAMED
25-Oct-2025 11:06:14.155 INFO [main] jdk.internal.reflect.DelegatingMethodAccessorImpl.invoke Command line argument: -Xmx512m
25-Oct-2025 11:06:14.155 INFO [main] jdk.internal.reflect.DelegatingMethodAccessorImpl.invoke Command line argument: -Dtomee.remote.support=true
25-Oct-2025 11:06:14.155 INFO [main] jdk.internal.reflect.DelegatingMethodAccessorImpl.invoke Command line argument: -Dopenejb.cdi.activated=true
25-Oct-2025 11:06:14.155 INFO [main] jdk.internal.reflect.DelegatingMethodAccessorImpl.invoke Command line argument: -Dtomee.serialization.class.blacklist=-
25-Oct-2025 11:06:14.155 INFO [main] jdk.internal.reflect.DelegatingMethodAccessorImpl.invoke Command line argument: -Dopenejb.system.apps=true
25-Oct-2025 11:06:14.155 INFO [main] jdk.internal.reflect.DelegatingMethodAccessorImpl.invoke Command line argument: -Dcatalina.base=/usr/local/tomee
25-Oct-2025 11:06:14.155 INFO [main] jdk.internal.reflect.DelegatingMethodAccessorImpl.invoke Command line argument: -Dcatalina.home=/usr/local/tomee
25-Oct-2025 11:06:14.156 INFO [main] jdk.internal.reflect.DelegatingMethodAccessorImpl.invoke Command line argument: -Djava.io.tmpdir=/usr/local/tomee/temp
25-Oct-2025 11:06:14.158 INFO [main] jdk.internal.reflect.DelegatingMethodAccessorImpl.invoke The Apache Tomcat Native library which allows using OpenSSL was not found on the java.library.path: [/opt/java/openjdk/lib/server:/opt/java/openjdk/lib:/opt/java/openjdk/../lib:/usr/java/packages/lib:/usr/lib64:/lib64:/lib:/usr/lib]
25-Oct-2025 11:06:14.436 INFO [main] jdk.internal.reflect.DelegatingMethodAccessorImpl.invoke Initializing ProtocolHandler ["http-nio-127.0.0.5-8080"]
25-Oct-2025 11:06:14.648 INFO [main] org.apache.openejb.util.OptionsLog.info Using 'tomee.remote.support=true'
25-Oct-2025 11:06:14.656 INFO [main] org.apache.openejb.util.OptionsLog.info Using 'openejb.jdbc.datasource-creator=org.apache.tomee.jdbc.TomEEDataSourceCreator'
25-Oct-2025 11:06:14.800 INFO [main] org.apache.openejb.OpenEJB$Instance.<init> ********************************************************************************
25-Oct-2025 11:06:14.800 INFO [main] org.apache.openejb.OpenEJB$Instance.<init> OpenEJB http://tomee.apache.org/
25-Oct-2025 11:06:14.800 INFO [main] org.apache.openejb.OpenEJB$Instance.<init> Startup: Sat Oct 25 11:06:14 GMT 2025
25-Oct-2025 11:06:14.800 INFO [main] org.apache.openejb.OpenEJB$Instance.<init> Copyright 1999-2025 (C) Apache TomEE Project, All Rights Reserved.
25-Oct-2025 11:06:14.801 INFO [main] org.apache.openejb.OpenEJB$Instance.<init> Version: 10.1.0
25-Oct-2025 11:06:14.801 INFO [main] org.apache.openejb.OpenEJB$Instance.<init> Build date: 20250610
25-Oct-2025 11:06:14.801 INFO [main] org.apache.openejb.OpenEJB$Instance.<init> Build time: 04:18
25-Oct-2025 11:06:14.801 INFO [main] org.apache.openejb.OpenEJB$Instance.<init> ********************************************************************************
25-Oct-2025 11:06:14.801 INFO [main] org.apache.openejb.OpenEJB$Instance.<init> openejb.home = /usr/local/tomee
25-Oct-2025 11:06:14.802 INFO [main] org.apache.openejb.OpenEJB$Instance.<init> openejb.base = /usr/local/tomee
25-Oct-2025 11:06:14.806 INFO [main] org.apache.openejb.cdi.CdiBuilder.initializeOWB Created new singletonService org.apache.openejb.cdi.ThreadSingletonServiceImpl@7daa0fbd
25-Oct-2025 11:06:14.811 INFO [main] org.apache.openejb.cdi.CdiBuilder.initializeOWB Succeeded in installing singleton service
25-Oct-2025 11:06:14.858 INFO [main] org.apache.openejb.config.ConfigurationFactory.init TomEE configuration file is '/usr/local/tomee/conf/tomee.xml'
25-Oct-2025 11:06:14.916 SEVERE [main] org.apache.openejb.config.ConfigurationFactory.configureService Failed Configuring Service(id=httpejbd)
	org.apache.openejb.config.NoSuchProviderException: Cannot determine a provider for Service(id=httpejbd, type=Resource, provider=null).

Possible valid configurations might be: 
		at org.apache.openejb.config.ConfigurationFactory.getServiceProvider(ConfigurationFactory.java:1344)
		at org.apache.openejb.config.ConfigurationFactory.configureService(ConfigurationFactory.java:1184)
		at org.apache.openejb.config.ConfigurationFactory.getOpenEjbConfiguration(ConfigurationFactory.java:512)
		at org.apache.openejb.config.ConfigurationFactory.getOpenEjbConfiguration(ConfigurationFactory.java:634)
		at org.apache.openejb.assembler.classic.Assembler.getOpenEjbConfiguration(Assembler.java:517)
		at org.apache.openejb.assembler.classic.Assembler.build(Assembler.java:496)
		at org.apache.openejb.OpenEJB$Instance.<init>(OpenEJB.java:150)
		at org.apache.openejb.OpenEJB.init(OpenEJB.java:307)
		at org.apache.tomee.catalina.TomcatLoader.initialize(TomcatLoader.java:244)
		at org.apache.tomee.catalina.ServerListener.lifecycleEvent(ServerListener.java:161)
		at org.apache.catalina.util.LifecycleBase.fireLifecycleEvent(LifecycleBase.java:109)
		at org.apache.catalina.util.LifecycleBase.setStateInternal(LifecycleBase.java:389)
		at org.apache.catalina.util.LifecycleBase.init(LifecycleBase.java:123)
		at org.apache.catalina.startup.Catalina.load(Catalina.java:712)
		at org.apache.catalina.startup.Catalina.load(Catalina.java:735)
		at java.base/jdk.internal.reflect.NativeMethodAccessorImpl.invoke0(Native Method)
		at java.base/jdk.internal.reflect.NativeMethodAccessorImpl.invoke(Unknown Source)
		at java.base/jdk.internal.reflect.DelegatingMethodAccessorImpl.invoke(Unknown Source)
		at java.base/java.lang.reflect.Method.invoke(Unknown Source)
		at org.apache.catalina.startup.Bootstrap.load(Bootstrap.java:302)
		at org.apache.catalina.startup.Bootstrap.main(Bootstrap.java:475)
25-Oct-2025 11:06:14.916 SEVERE [main] org.apache.openejb.OpenEJB$Instance.<init> OpenEJB has encountered a fatal error and cannot be started: Assembler failed to build the container system.
	org.apache.openejb.OpenEJBException: Failed Configuring Service(id=httpejbd): Cannot determine a provider for Service(id=httpejbd, type=Resource, provider=null).

Possible valid configurations might be: 
		at org.apache.openejb.config.ConfigurationFactory.configureService(ConfigurationFactory.java:1313)
		at org.apache.openejb.config.ConfigurationFactory.getOpenEjbConfiguration(ConfigurationFactory.java:512)
		at org.apache.openejb.config.ConfigurationFactory.getOpenEjbConfiguration(ConfigurationFactory.java:634)
		at org.apache.openejb.assembler.classic.Assembler.getOpenEjbConfiguration(Assembler.java:517)
		at org.apache.openejb.assembler.classic.Assembler.build(Assembler.java:496)
		at org.apache.openejb.OpenEJB$Instance.<init>(OpenEJB.java:150)
		at org.apache.openejb.OpenEJB.init(OpenEJB.java:307)
		at org.apache.tomee.catalina.TomcatLoader.initialize(TomcatLoader.java:244)
		at org.apache.tomee.catalina.ServerListener.lifecycleEvent(ServerListener.java:161)
		at org.apache.catalina.util.LifecycleBase.fireLifecycleEvent(LifecycleBase.java:109)
		at org.apache.catalina.util.LifecycleBase.setStateInternal(LifecycleBase.java:389)
		at org.apache.catalina.util.LifecycleBase.init(LifecycleBase.java:123)
		at org.apache.catalina.startup.Catalina.load(Catalina.java:712)
		at org.apache.catalina.startup.Catalina.load(Catalina.java:735)
		at java.base/jdk.internal.reflect.NativeMethodAccessorImpl.invoke0(Native Method)
		at java.base/jdk.internal.reflect.NativeMethodAccessorImpl.invoke(Unknown Source)
		at java.base/jdk.internal.reflect.DelegatingMethodAccessorImpl.invoke(Unknown Source)
		at java.base/java.lang.reflect.Method.invoke(Unknown Source)
		at org.apache.catalina.startup.Bootstrap.load(Bootstrap.java:302)
		at org.apache.catalina.startup.Bootstrap.main(Bootstrap.java:475)
25-Oct-2025 11:06:14.916 SEVERE [main] org.apache.tomee.catalina.ServerListener.lifecycleEvent TomEE Listener can't start OpenEJB
	org.apache.openejb.OpenEJBException: Failed Configuring Service(id=httpejbd): Cannot determine a provider for Service(id=httpejbd, type=Resource, provider=null).

Possible valid configurations might be: 
		at org.apache.openejb.config.ConfigurationFactory.configureService(ConfigurationFactory.java:1313)
		at org.apache.openejb.config.ConfigurationFactory.getOpenEjbConfiguration(ConfigurationFactory.java:512)
		at org.apache.openejb.config.ConfigurationFactory.getOpenEjbConfiguration(ConfigurationFactory.java:634)
		at org.apache.openejb.assembler.classic.Assembler.getOpenEjbConfiguration(Assembler.java:517)
		at org.apache.openejb.assembler.classic.Assembler.build(Assembler.java:496)
		at org.apache.openejb.OpenEJB$Instance.<init>(OpenEJB.java:150)
		at org.apache.openejb.OpenEJB.init(OpenEJB.java:307)
		at org.apache.tomee.catalina.TomcatLoader.initialize(TomcatLoader.java:244)
		at org.apache.tomee.catalina.ServerListener.lifecycleEvent(ServerListener.java:161)
		at org.apache.catalina.util.LifecycleBase.fireLifecycleEvent(LifecycleBase.java:109)
		at org.apache.catalina.util.LifecycleBase.setStateInternal(LifecycleBase.java:389)
		at org.apache.catalina.util.LifecycleBase.init(LifecycleBase.java:123)
		at org.apache.catalina.startup.Catalina.load(Catalina.java:712)
		at org.apache.catalina.startup.Catalina.load(Catalina.java:735)
		at java.base/jdk.internal.reflect.NativeMethodAccessorImpl.invoke0(Native Method)
		at java.base/jdk.internal.reflect.NativeMethodAccessorImpl.invoke(Unknown Source)
		at java.base/jdk.internal.reflect.DelegatingMethodAccessorImpl.invoke(Unknown Source)
		at java.base/java.lang.reflect.Method.invoke(Unknown Source)
		at org.apache.catalina.startup.Bootstrap.load(Bootstrap.java:302)
		at org.apache.catalina.startup.Bootstrap.main(Bootstrap.java:475)
25-Oct-2025 11:06:14.917 INFO [main] jdk.internal.reflect.DelegatingMethodAccessorImpl.invoke Server initialization in [931] milliseconds
25-Oct-2025 11:06:14.991 INFO [main] jdk.internal.reflect.DelegatingMethodAccessorImpl.invoke Starting service [Catalina]
25-Oct-2025 11:06:14.991 INFO [main] jdk.internal.reflect.DelegatingMethodAccessorImpl.invoke Starting Servlet engine: [Apache Tomcat (TomEE)/10.1.42 (10.1.0)]
25-Oct-2025 11:06:15.065 INFO [main] jdk.internal.reflect.DelegatingMethodAccessorImpl.invoke Deploying web application archive [/usr/local/tomee/webapps/ROOT.war]
25-Oct-2025 11:06:15.076 INFO [main] org.apache.tomee.catalina.TomcatWebAppBuilder.init ------------------------- 127.0.0.5 -> /
25-Oct-2025 11:06:15.299 INFO [main] org.apache.openejb.util.OptionsLog.info Using 'tomee.mp.cdi.extensions=io.smallrye.config.inject.ConfigExtension,io.smallrye.faulttolerance.FaultToleranceExtension,io.smallrye.metrics.legacyapi.LegacyMetricsExtension,io.smallrye.opentelemetry.implementation.cdi.OpenTelemetryExtension,org.apache.cxf.microprofile.client.cdi.RestClientExtension,org.apache.tomee.microprofile.faulttolerance.MPFaultToleranceCDIExtension,org.apache.tomee.microprofile.health.MPHealthCDIExtension,org.apache.tomee.microprofile.jwt.cdi.MPJWTCDIExtension,org.apache.tomee.microprofile.opentelemetry.MPOpenTelemetryCDIExtension'
25-Oct-2025 11:06:15.321 INFO [main] org.apache.openejb.config.ConfigurationFactory.configureApplication Configuring enterprise application: /usr/local/tomee/webapps/ROOT
25-Oct-2025 11:06:15.391 INFO [main] org.apache.openejb.config.AppInfoBuilder.build Enterprise application "/usr/local/tomee/webapps/ROOT" loaded.
25-Oct-2025 11:06:15.429 INFO [main] org.apache.openejb.assembler.classic.Assembler.createApplication Assembling app: /usr/local/tomee/webapps/ROOT
25-Oct-2025 11:06:15.466 INFO [main] org.apache.openejb.assembler.classic.Assembler.destroyApplication Undeploying app: /usr/local/tomee/webapps/ROOT
25-Oct-2025 11:06:15.471 SEVERE [main] jdk.internal.reflect.NativeMethodAccessorImpl.invoke Error destroying child
	org.apache.catalina.LifecycleException: An invalid Lifecycle transition was attempted ([before_destroy]) for component [StandardEngine[Catalina].StandardHost[127.0.0.5].StandardContext[]] in state [STARTING_PREP]
		at org.apache.catalina.util.LifecycleBase.invalidTransition(LifecycleBase.java:396)
		at org.apache.catalina.util.LifecycleBase.destroy(LifecycleBase.java:293)
		at org.apache.catalina.core.ContainerBase.removeChild(ContainerBase.java:671)
		at org.apache.tomee.catalina.TomcatWebAppBuilder.undeploy(TomcatWebAppBuilder.java:1685)
		at org.apache.tomee.catalina.TomcatWebAppBuilder.undeploy(TomcatWebAppBuilder.java:1665)
		at org.apache.tomee.catalina.TomcatWebAppBuilder.undeployWebApps(TomcatWebAppBuilder.java:798)
		at org.apache.openejb.assembler.classic.Assembler.destroyApplication(Assembler.java:2428)
		at org.apache.openejb.assembler.classic.Assembler.createApplication(Assembler.java:1103)
		at org.apache.openejb.assembler.classic.Assembler.createApplication(Assembler.java:762)
		at org.apache.tomee.catalina.TomcatWebAppBuilder.startInternal(TomcatWebAppBuilder.java:1337)
		at org.apache.tomee.catalina.TomcatWebAppBuilder.configureStart(TomcatWebAppBuilder.java:1159)
		at org.apache.tomee.catalina.GlobalListenerSupport.lifecycleEvent(GlobalListenerSupport.java:134)
		at org.apache.catalina.util.LifecycleBase.fireLifecycleEvent(LifecycleBase.java:109)
		at org.apache.catalina.core.StandardContext.startInternal(StandardContext.java:4380)
		at org.apache.catalina.util.LifecycleBase.start(LifecycleBase.java:164)
		at org.apache.catalina.core.ContainerBase.addChildInternal(ContainerBase.java:599)
		at org.apache.catalina.core.ContainerBase.addChild(ContainerBase.java:571)
		at org.apache.catalina.core.StandardHost.addChild(StandardHost.java:654)
		at org.apache.catalina.startup.HostConfig.deployWAR(HostConfig.java:965)
		at org.apache.catalina.startup.HostConfig$DeployWar.run(HostConfig.java:1903)
		at java.base/java.util.concurrent.Executors$RunnableAdapter.call(Unknown Source)
		at java.base/java.util.concurrent.FutureTask.run(Unknown Source)
		at org.apache.tomcat.util.threads.InlineExecutorService.execute(InlineExecutorService.java:75)
		at java.base/java.util.concurrent.AbstractExecutorService.submit(Unknown Source)
		at org.apache.catalina.startup.HostConfig.deployWARs(HostConfig.java:769)
		at org.apache.catalina.startup.HostConfig.deployApps(HostConfig.java:420)
		at org.apache.catalina.startup.HostConfig.start(HostConfig.java:1621)
		at org.apache.catalina.startup.HostConfig.lifecycleEvent(HostConfig.java:303)
		at org.apache.catalina.util.LifecycleBase.fireLifecycleEvent(LifecycleBase.java:109)
		at org.apache.catalina.util.LifecycleBase.setStateInternal(LifecycleBase.java:389)
		at org.apache.catalina.util.LifecycleBase.setState(LifecycleBase.java:336)
		at org.apache.catalina.core.ContainerBase.startInternal(ContainerBase.java:776)
		at org.apache.catalina.core.StandardHost.startInternal(StandardHost.java:772)
		at org.apache.catalina.util.LifecycleBase.start(LifecycleBase.java:164)
		at org.apache.catalina.core.ContainerBase$StartChild.call(ContainerBase.java:1203)
		at org.apache.catalina.core.ContainerBase$StartChild.call(ContainerBase.java:1193)
		at java.base/java.util.concurrent.FutureTask.run(Unknown Source)
		at org.apache.tomcat.util.threads.InlineExecutorService.execute(InlineExecutorService.java:75)
		at java.base/java.util.concurrent.AbstractExecutorService.submit(Unknown Source)
		at org.apache.catalina.core.ContainerBase.startInternal(ContainerBase.java:749)
		at org.apache.catalina.core.StandardEngine.startInternal(StandardEngine.java:203)
		at org.apache.catalina.util.LifecycleBase.start(LifecycleBase.java:164)
		at org.apache.catalina.core.StandardService.startInternal(StandardService.java:412)
		at org.apache.catalina.util.LifecycleBase.start(LifecycleBase.java:164)
		at org.apache.catalina.core.StandardServer.startInternal(StandardServer.java:870)
		at org.apache.catalina.util.LifecycleBase.start(LifecycleBase.java:164)
		at org.apache.catalina.startup.Catalina.start(Catalina.java:761)
		at java.base/jdk.internal.reflect.NativeMethodAccessorImpl.invoke0(Native Method)
		at java.base/jdk.internal.reflect.NativeMethodAccessorImpl.invoke(Unknown Source)
		at java.base/jdk.internal.reflect.DelegatingMethodAccessorImpl.invoke(Unknown Source)
		at java.base/java.lang.reflect.Method.invoke(Unknown Source)
		at org.apache.catalina.startup.Bootstrap.start(Bootstrap.java:345)
		at org.apache.catalina.startup.Bootstrap.main(Bootstrap.java:476)
25-Oct-2025 11:06:15.520 SEVERE [main] org.apache.tomee.catalina.TomcatWebAppBuilder.startInternal Unable to deploy collapsed ear in war StandardEngine[Catalina].StandardHost[127.0.0.5].StandardContext[]
	org.apache.openejb.OpenEJBException: Creating application failed: /usr/local/tomee/webapps/ROOT: PolicyConfigurationFactory class not found: Jakarta Authorization:Error PolicyConfigurationFactory : cannot find class : null
		at org.apache.openejb.assembler.classic.Assembler.createApplication(Assembler.java:1107)
		at org.apache.openejb.assembler.classic.Assembler.createApplication(Assembler.java:762)
		at org.apache.tomee.catalina.TomcatWebAppBuilder.startInternal(TomcatWebAppBuilder.java:1337)
		at org.apache.tomee.catalina.TomcatWebAppBuilder.configureStart(TomcatWebAppBuilder.java:1159)
		at org.apache.tomee.catalina.GlobalListenerSupport.lifecycleEvent(GlobalListenerSupport.java:134)
		at org.apache.catalina.util.LifecycleBase.fireLifecycleEvent(LifecycleBase.java:109)
		at org.apache.catalina.core.StandardContext.startInternal(StandardContext.java:4380)
		at org.apache.catalina.util.LifecycleBase.start(LifecycleBase.java:164)
		at org.apache.catalina.core.ContainerBase.addChildInternal(ContainerBase.java:599)
		at org.apache.catalina.core.ContainerBase.addChild(ContainerBase.java:571)
		at org.apache.catalina.core.StandardHost.addChild(StandardHost.java:654)
		at org.apache.catalina.startup.HostConfig.deployWAR(HostConfig.java:965)
		at org.apache.catalina.startup.HostConfig$DeployWar.run(HostConfig.java:1903)
		at java.base/java.util.concurrent.Executors$RunnableAdapter.call(Unknown Source)
		at java.base/java.util.concurrent.FutureTask.run(Unknown Source)
		at org.apache.tomcat.util.threads.InlineExecutorService.execute(InlineExecutorService.java:75)
		at java.base/java.util.concurrent.AbstractExecutorService.submit(Unknown Source)
		at org.apache.catalina.startup.HostConfig.deployWARs(HostConfig.java:769)
		at org.apache.catalina.startup.HostConfig.deployApps(HostConfig.java:420)
		at org.apache.catalina.startup.HostConfig.start(HostConfig.java:1621)
		at org.apache.catalina.startup.HostConfig.lifecycleEvent(HostConfig.java:303)
		at org.apache.catalina.util.LifecycleBase.fireLifecycleEvent(LifecycleBase.java:109)
		at org.apache.catalina.util.LifecycleBase.setStateInternal(LifecycleBase.java:389)
		at org.apache.catalina.util.LifecycleBase.setState(LifecycleBase.java:336)
		at org.apache.catalina.core.ContainerBase.startInternal(ContainerBase.java:776)
		at org.apache.catalina.core.StandardHost.startInternal(StandardHost.java:772)
		at org.apache.catalina.util.LifecycleBase.start(LifecycleBase.java:164)
		at org.apache.catalina.core.ContainerBase$StartChild.call(ContainerBase.java:1203)
		at org.apache.catalina.core.ContainerBase$StartChild.call(ContainerBase.java:1193)
		at java.base/java.util.concurrent.FutureTask.run(Unknown Source)
		at org.apache.tomcat.util.threads.InlineExecutorService.execute(InlineExecutorService.java:75)
		at java.base/java.util.concurrent.AbstractExecutorService.submit(Unknown Source)
		at org.apache.catalina.core.ContainerBase.startInternal(ContainerBase.java:749)
		at org.apache.catalina.core.StandardEngine.startInternal(StandardEngine.java:203)
		at org.apache.catalina.util.LifecycleBase.start(LifecycleBase.java:164)
		at org.apache.catalina.core.StandardService.startInternal(StandardService.java:412)
		at org.apache.catalina.util.LifecycleBase.start(LifecycleBase.java:164)
		at org.apache.catalina.core.StandardServer.startInternal(StandardServer.java:870)
		at org.apache.catalina.util.LifecycleBase.start(LifecycleBase.java:164)
		at org.apache.catalina.startup.Catalina.start(Catalina.java:761)
		at java.base/jdk.internal.reflect.NativeMethodAccessorImpl.invoke0(Native Method)
		at java.base/jdk.internal.reflect.NativeMethodAccessorImpl.invoke(Unknown Source)
		at java.base/jdk.internal.reflect.DelegatingMethodAccessorImpl.invoke(Unknown Source)
		at java.base/java.lang.reflect.Method.invoke(Unknown Source)
		at org.apache.catalina.startup.Bootstrap.start(Bootstrap.java:345)
		at org.apache.catalina.startup.Bootstrap.main(Bootstrap.java:476)
	Caused by: org.apache.openejb.OpenEJBException: PolicyConfigurationFactory class not found: Jakarta Authorization:Error PolicyConfigurationFactory : cannot find class : null
		at org.apache.openejb.assembler.classic.JaccPermissionsBuilder.install(JaccPermissionsBuilder.java:78)
		at org.apache.openejb.assembler.classic.Assembler.initEjbs(Assembler.java:1508)
		at org.apache.openejb.assembler.classic.Assembler.createApplication(Assembler.java:965)
		... 45 more
	Caused by: java.lang.ClassNotFoundException: Jakarta Authorization:Error PolicyConfigurationFactory : cannot find class : null
		at jakarta.security.jacc.PolicyConfigurationFactory.getPolicyConfigurationFactory(PolicyConfigurationFactory.java:143)
		at org.apache.openejb.assembler.classic.JaccPermissionsBuilder.install(JaccPermissionsBuilder.java:60)
		... 47 more
	Caused by: java.lang.ClassNotFoundException: Jakarta Authorization:Error PolicyConfigurationFactory : property not set : jakarta.security.jacc.PolicyConfigurationFactory.provider
		at jakarta.security.jacc.PolicyConfigurationFactory.getPolicyConfigurationFactory(PolicyConfigurationFactory.java:126)
		... 48 more
25-Oct-2025 11:06:15.521 SEVERE [main] jdk.internal.reflect.NativeMethodAccessorImpl.invoke Error deploying web application archive [/usr/local/tomee/webapps/ROOT.war]
	java.lang.IllegalStateException: Error starting child
		at org.apache.catalina.core.ContainerBase.addChildInternal(ContainerBase.java:602)
		at org.apache.catalina.core.ContainerBase.addChild(ContainerBase.java:571)
		at org.apache.catalina.core.StandardHost.addChild(StandardHost.java:654)
		at org.apache.catalina.startup.HostConfig.deployWAR(HostConfig.java:965)
		at org.apache.catalina.startup.HostConfig$DeployWar.run(HostConfig.java:1903)
		at java.base/java.util.concurrent.Executors$RunnableAdapter.call(Unknown Source)
		at java.base/java.util.concurrent.FutureTask.run(Unknown Source)
		at org.apache.tomcat.util.threads.InlineExecutorService.execute(InlineExecutorService.java:75)
		at java.base/java.util.concurrent.AbstractExecutorService.submit(Unknown Source)
		at org.apache.catalina.startup.HostConfig.deployWARs(HostConfig.java:769)
		at org.apache.catalina.startup.HostConfig.deployApps(HostConfig.java:420)
		at org.apache.catalina.startup.HostConfig.start(HostConfig.java:1621)
		at org.apache.catalina.startup.HostConfig.lifecycleEvent(HostConfig.java:303)
		at org.apache.catalina.util.LifecycleBase.fireLifecycleEvent(LifecycleBase.java:109)
		at org.apache.catalina.util.LifecycleBase.setStateInternal(LifecycleBase.java:389)
		at org.apache.catalina.util.LifecycleBase.setState(LifecycleBase.java:336)
		at org.apache.catalina.core.ContainerBase.startInternal(ContainerBase.java:776)
		at org.apache.catalina.core.StandardHost.startInternal(StandardHost.java:772)
		at org.apache.catalina.util.LifecycleBase.start(LifecycleBase.java:164)
		at org.apache.catalina.core.ContainerBase$StartChild.call(ContainerBase.java:1203)
		at org.apache.catalina.core.ContainerBase$StartChild.call(ContainerBase.java:1193)
		at java.base/java.util.concurrent.FutureTask.run(Unknown Source)
		at org.apache.tomcat.util.threads.InlineExecutorService.execute(InlineExecutorService.java:75)
		at java.base/java.util.concurrent.AbstractExecutorService.submit(Unknown Source)
		at org.apache.catalina.core.ContainerBase.startInternal(ContainerBase.java:749)
		at org.apache.catalina.core.StandardEngine.startInternal(StandardEngine.java:203)
		at org.apache.catalina.util.LifecycleBase.start(LifecycleBase.java:164)
		at org.apache.catalina.core.StandardService.startInternal(StandardService.java:412)
		at org.apache.catalina.util.LifecycleBase.start(LifecycleBase.java:164)
		at org.apache.catalina.core.StandardServer.startInternal(StandardServer.java:870)
		at org.apache.catalina.util.LifecycleBase.start(LifecycleBase.java:164)
		at org.apache.catalina.startup.Catalina.start(Catalina.java:761)
		at java.base/jdk.internal.reflect.NativeMethodAccessorImpl.invoke0(Native Method)
		at java.base/jdk.internal.reflect.NativeMethodAccessorImpl.invoke(Unknown Source)
		at java.base/jdk.internal.reflect.DelegatingMethodAccessorImpl.invoke(Unknown Source)
		at java.base/java.lang.reflect.Method.invoke(Unknown Source)
		at org.apache.catalina.startup.Bootstrap.start(Bootstrap.java:345)
		at org.apache.catalina.startup.Bootstrap.main(Bootstrap.java:476)
	Caused by: org.apache.catalina.LifecycleException: Failed to start component [StandardEngine[Catalina].StandardHost[127.0.0.5].StandardContext[]]
		at org.apache.catalina.util.LifecycleBase.handleSubClassException(LifecycleBase.java:406)
		at org.apache.catalina.util.LifecycleBase.start(LifecycleBase.java:179)
		at org.apache.catalina.core.ContainerBase.addChildInternal(ContainerBase.java:599)
		... 37 more
	Caused by: org.apache.tomee.catalina.TomEERuntimeException: org.apache.openejb.OpenEJBException: Creating application failed: /usr/local/tomee/webapps/ROOT: PolicyConfigurationFactory class not found: Jakarta Authorization:Error PolicyConfigurationFactory : cannot find class : null
		at org.apache.tomee.catalina.TomcatWebAppBuilder.startInternal(TomcatWebAppBuilder.java:1349)
		at org.apache.tomee.catalina.TomcatWebAppBuilder.configureStart(TomcatWebAppBuilder.java:1159)
		at org.apache.tomee.catalina.GlobalListenerSupport.lifecycleEvent(GlobalListenerSupport.java:134)
		at org.apache.catalina.util.LifecycleBase.fireLifecycleEvent(LifecycleBase.java:109)
		at org.apache.catalina.core.StandardContext.startInternal(StandardContext.java:4380)
		at org.apache.catalina.util.LifecycleBase.start(LifecycleBase.java:164)
		... 38 more
	Caused by: org.apache.openejb.OpenEJBException: Creating application failed: /usr/local/tomee/webapps/ROOT: PolicyConfigurationFactory class not found: Jakarta Authorization:Error PolicyConfigurationFactory : cannot find class : null
		at org.apache.openejb.assembler.classic.Assembler.createApplication(Assembler.java:1107)
		at org.apache.openejb.assembler.classic.Assembler.createApplication(Assembler.java:762)
		at org.apache.tomee.catalina.TomcatWebAppBuilder.startInternal(TomcatWebAppBuilder.java:1337)
		... 43 more
	Caused by: org.apache.openejb.OpenEJBException: PolicyConfigurationFactory class not found: Jakarta Authorization:Error PolicyConfigurationFactory : cannot find class : null
		at org.apache.openejb.assembler.classic.JaccPermissionsBuilder.install(JaccPermissionsBuilder.java:78)
		at org.apache.openejb.assembler.classic.Assembler.initEjbs(Assembler.java:1508)
		at org.apache.openejb.assembler.classic.Assembler.createApplication(Assembler.java:965)
		... 45 more
	Caused by: java.lang.ClassNotFoundException: Jakarta Authorization:Error PolicyConfigurationFactory : cannot find class : null
		at jakarta.security.jacc.PolicyConfigurationFactory.getPolicyConfigurationFactory(PolicyConfigurationFactory.java:143)
		at org.apache.openejb.assembler.classic.JaccPermissionsBuilder.install(JaccPermissionsBuilder.java:60)
		... 47 more
	Caused by: java.lang.ClassNotFoundException: Jakarta Authorization:Error PolicyConfigurationFactory : property not set : jakarta.security.jacc.PolicyConfigurationFactory.provider
		at jakarta.security.jacc.PolicyConfigurationFactory.getPolicyConfigurationFactory(PolicyConfigurationFactory.java:126)
		... 48 more
25-Oct-2025 11:06:15.523 INFO [main] jdk.internal.reflect.DelegatingMethodAccessorImpl.invoke Deployment of web application archive [/usr/local/tomee/webapps/ROOT.war] has finished in [457] ms
25-Oct-2025 11:06:15.524 INFO [main] jdk.internal.reflect.DelegatingMethodAccessorImpl.invoke Deploying web application directory [/usr/local/tomee/webapps/manager]
25-Oct-2025 11:06:15.531 INFO [main] org.apache.tomee.catalina.TomcatWebAppBuilder.init ------------------------- 127.0.0.5 -> /manager
25-Oct-2025 11:06:15.635 INFO [main] org.apache.openejb.util.OptionsLog.info Using 'tomee.mp.cdi.extensions=io.smallrye.config.inject.ConfigExtension,io.smallrye.faulttolerance.FaultToleranceExtension,io.smallrye.metrics.legacyapi.LegacyMetricsExtension,io.smallrye.opentelemetry.implementation.cdi.OpenTelemetryExtension,org.apache.cxf.microprofile.client.cdi.RestClientExtension,org.apache.tomee.microprofile.faulttolerance.MPFaultToleranceCDIExtension,org.apache.tomee.microprofile.health.MPHealthCDIExtension,org.apache.tomee.microprofile.jwt.cdi.MPJWTCDIExtension,org.apache.tomee.microprofile.opentelemetry.MPOpenTelemetryCDIExtension'
25-Oct-2025 11:06:15.648 INFO [main] org.apache.openejb.config.ConfigurationFactory.configureApplication Configuring enterprise application: /usr/local/tomee/webapps/manager
25-Oct-2025 11:06:15.672 INFO [main] org.apache.openejb.config.AppInfoBuilder.build Enterprise application "/usr/local/tomee/webapps/manager" loaded.
25-Oct-2025 11:06:15.673 INFO [main] org.apache.openejb.assembler.classic.Assembler.createApplication Assembling app: /usr/local/tomee/webapps/manager
25-Oct-2025 11:06:15.688 INFO [main] org.apache.openejb.assembler.classic.Assembler.destroyApplication Undeploying app: /usr/local/tomee/webapps/manager
25-Oct-2025 11:06:15.689 SEVERE [main] jdk.internal.reflect.NativeMethodAccessorImpl.invoke Error destroying child
	org.apache.catalina.LifecycleException: An invalid Lifecycle transition was attempted ([before_destroy]) for component [StandardEngine[Catalina].StandardHost[127.0.0.5].StandardContext[/manager]] in state [STARTING_PREP]
		at org.apache.catalina.util.LifecycleBase.invalidTransition(LifecycleBase.java:396)
		at org.apache.catalina.util.LifecycleBase.destroy(LifecycleBase.java:293)
		at org.apache.catalina.core.ContainerBase.removeChild(ContainerBase.java:671)
		at org.apache.tomee.catalina.TomcatWebAppBuilder.undeploy(TomcatWebAppBuilder.java:1685)
		at org.apache.tomee.catalina.TomcatWebAppBuilder.undeploy(TomcatWebAppBuilder.java:1665)
		at org.apache.tomee.catalina.TomcatWebAppBuilder.undeployWebApps(TomcatWebAppBuilder.java:798)
		at org.apache.openejb.assembler.classic.Assembler.destroyApplication(Assembler.java:2428)
		at org.apache.openejb.assembler.classic.Assembler.createApplication(Assembler.java:1103)
		at org.apache.openejb.assembler.classic.Assembler.createApplication(Assembler.java:762)
		at org.apache.tomee.catalina.TomcatWebAppBuilder.startInternal(TomcatWebAppBuilder.java:1337)
		at org.apache.tomee.catalina.TomcatWebAppBuilder.configureStart(TomcatWebAppBuilder.java:1159)
		at org.apache.tomee.catalina.GlobalListenerSupport.lifecycleEvent(GlobalListenerSupport.java:134)
		at org.apache.catalina.util.LifecycleBase.fireLifecycleEvent(LifecycleBase.java:109)
		at org.apache.catalina.core.StandardContext.startInternal(StandardContext.java:4380)
		at org.apache.catalina.util.LifecycleBase.start(LifecycleBase.java:164)
		at org.apache.catalina.core.ContainerBase.addChildInternal(ContainerBase.java:599)
		at org.apache.catalina.core.ContainerBase.addChild(ContainerBase.java:571)
		at org.apache.catalina.core.StandardHost.addChild(StandardHost.java:654)
		at org.apache.catalina.startup.HostConfig.deployDirectory(HostConfig.java:1126)
		at org.apache.catalina.startup.HostConfig$DeployDirectory.run(HostConfig.java:1925)
		at java.base/java.util.concurrent.Executors$RunnableAdapter.call(Unknown Source)
		at java.base/java.util.concurrent.FutureTask.run(Unknown Source)
		at org.apache.tomcat.util.threads.InlineExecutorService.execute(InlineExecutorService.java:75)
		at java.base/java.util.concurrent.AbstractExecutorService.submit(Unknown Source)
		at org.apache.catalina.startup.HostConfig.deployDirectories(HostConfig.java:1037)
		at org.apache.catalina.startup.HostConfig.deployApps(HostConfig.java:422)
		at org.apache.catalina.startup.HostConfig.start(HostConfig.java:1621)
		at org.apache.catalina.startup.HostConfig.lifecycleEvent(HostConfig.java:303)
		at org.apache.catalina.util.LifecycleBase.fireLifecycleEvent(LifecycleBase.java:109)
		at org.apache.catalina.util.LifecycleBase.setStateInternal(LifecycleBase.java:389)
		at org.apache.catalina.util.LifecycleBase.setState(LifecycleBase.java:336)
		at org.apache.catalina.core.ContainerBase.startInternal(ContainerBase.java:776)
		at org.apache.catalina.core.StandardHost.startInternal(StandardHost.java:772)
		at org.apache.catalina.util.LifecycleBase.start(LifecycleBase.java:164)
		at org.apache.catalina.core.ContainerBase$StartChild.call(ContainerBase.java:1203)
		at org.apache.catalina.core.ContainerBase$StartChild.call(ContainerBase.java:1193)
		at java.base/java.util.concurrent.FutureTask.run(Unknown Source)
		at org.apache.tomcat.util.threads.InlineExecutorService.execute(InlineExecutorService.java:75)
		at java.base/java.util.concurrent.AbstractExecutorService.submit(Unknown Source)
		at org.apache.catalina.core.ContainerBase.startInternal(ContainerBase.java:749)
		at org.apache.catalina.core.StandardEngine.startInternal(StandardEngine.java:203)
		at org.apache.catalina.util.LifecycleBase.start(LifecycleBase.java:164)
		at org.apache.catalina.core.StandardService.startInternal(StandardService.java:412)
		at org.apache.catalina.util.LifecycleBase.start(LifecycleBase.java:164)
		at org.apache.catalina.core.StandardServer.startInternal(StandardServer.java:870)
		at org.apache.catalina.util.LifecycleBase.start(LifecycleBase.java:164)
		at org.apache.catalina.startup.Catalina.start(Catalina.java:761)
		at java.base/jdk.internal.reflect.NativeMethodAccessorImpl.invoke0(Native Method)
		at java.base/jdk.internal.reflect.NativeMethodAccessorImpl.invoke(Unknown Source)
		at java.base/jdk.internal.reflect.DelegatingMethodAccessorImpl.invoke(Unknown Source)
		at java.base/java.lang.reflect.Method.invoke(Unknown Source)
		at org.apache.catalina.startup.Bootstrap.start(Bootstrap.java:345)
		at org.apache.catalina.startup.Bootstrap.main(Bootstrap.java:476)
25-Oct-2025 11:06:15.740 SEVERE [main] org.apache.tomee.catalina.TomcatWebAppBuilder.startInternal Unable to deploy collapsed ear in war StandardEngine[Catalina].StandardHost[127.0.0.5].StandardContext[/manager]
	org.apache.openejb.OpenEJBException: Creating application failed: /usr/local/tomee/webapps/manager: PolicyConfigurationFactory class not found: Jakarta Authorization:Error PolicyConfigurationFactory : cannot find class : null
		at org.apache.openejb.assembler.classic.Assembler.createApplication(Assembler.java:1107)
		at org.apache.openejb.assembler.classic.Assembler.createApplication(Assembler.java:762)
		at org.apache.tomee.catalina.TomcatWebAppBuilder.startInternal(TomcatWebAppBuilder.java:1337)
		at org.apache.tomee.catalina.TomcatWebAppBuilder.configureStart(TomcatWebAppBuilder.java:1159)
		at org.apache.tomee.catalina.GlobalListenerSupport.lifecycleEvent(GlobalListenerSupport.java:134)
		at org.apache.catalina.util.LifecycleBase.fireLifecycleEvent(LifecycleBase.java:109)
		at org.apache.catalina.core.StandardContext.startInternal(StandardContext.java:4380)
		at org.apache.catalina.util.LifecycleBase.start(LifecycleBase.java:164)
		at org.apache.catalina.core.ContainerBase.addChildInternal(ContainerBase.java:599)
		at org.apache.catalina.core.ContainerBase.addChild(ContainerBase.java:571)
		at org.apache.catalina.core.StandardHost.addChild(StandardHost.java:654)
		at org.apache.catalina.startup.HostConfig.deployDirectory(HostConfig.java:1126)
		at org.apache.catalina.startup.HostConfig$DeployDirectory.run(HostConfig.java:1925)
		at java.base/java.util.concurrent.Executors$RunnableAdapter.call(Unknown Source)
		at java.base/java.util.concurrent.FutureTask.run(Unknown Source)
		at org.apache.tomcat.util.threads.InlineExecutorService.execute(InlineExecutorService.java:75)
		at java.base/java.util.concurrent.AbstractExecutorService.submit(Unknown Source)
		at org.apache.catalina.startup.HostConfig.deployDirectories(HostConfig.java:1037)
		at org.apache.catalina.startup.HostConfig.deployApps(HostConfig.java:422)
		at org.apache.catalina.startup.HostConfig.start(HostConfig.java:1621)
		at org.apache.catalina.startup.HostConfig.lifecycleEvent(HostConfig.java:303)
		at org.apache.catalina.util.LifecycleBase.fireLifecycleEvent(LifecycleBase.java:109)
		at org.apache.catalina.util.LifecycleBase.setStateInternal(LifecycleBase.java:389)
		at org.apache.catalina.util.LifecycleBase.setState(LifecycleBase.java:336)
		at org.apache.catalina.core.ContainerBase.startInternal(ContainerBase.java:776)
		at org.apache.catalina.core.StandardHost.startInternal(StandardHost.java:772)
		at org.apache.catalina.util.LifecycleBase.start(LifecycleBase.java:164)
		at org.apache.catalina.core.ContainerBase$StartChild.call(ContainerBase.java:1203)
		at org.apache.catalina.core.ContainerBase$StartChild.call(ContainerBase.java:1193)
		at java.base/java.util.concurrent.FutureTask.run(Unknown Source)
		at org.apache.tomcat.util.threads.InlineExecutorService.execute(InlineExecutorService.java:75)
		at java.base/java.util.concurrent.AbstractExecutorService.submit(Unknown Source)
		at org.apache.catalina.core.ContainerBase.startInternal(ContainerBase.java:749)
		at org.apache.catalina.core.StandardEngine.startInternal(StandardEngine.java:203)
		at org.apache.catalina.util.LifecycleBase.start(LifecycleBase.java:164)
		at org.apache.catalina.core.StandardService.startInternal(StandardService.java:412)
		at org.apache.catalina.util.LifecycleBase.start(LifecycleBase.java:164)
		at org.apache.catalina.core.StandardServer.startInternal(StandardServer.java:870)
		at org.apache.catalina.util.LifecycleBase.start(LifecycleBase.java:164)
		at org.apache.catalina.startup.Catalina.start(Catalina.java:761)
		at java.base/jdk.internal.reflect.NativeMethodAccessorImpl.invoke0(Native Method)
		at java.base/jdk.internal.reflect.NativeMethodAccessorImpl.invoke(Unknown Source)
		at java.base/jdk.internal.reflect.DelegatingMethodAccessorImpl.invoke(Unknown Source)
		at java.base/java.lang.reflect.Method.invoke(Unknown Source)
		at org.apache.catalina.startup.Bootstrap.start(Bootstrap.java:345)
		at org.apache.catalina.startup.Bootstrap.main(Bootstrap.java:476)
	Caused by: org.apache.openejb.OpenEJBException: PolicyConfigurationFactory class not found: Jakarta Authorization:Error PolicyConfigurationFactory : cannot find class : null
		at org.apache.openejb.assembler.classic.JaccPermissionsBuilder.install(JaccPermissionsBuilder.java:78)
		at org.apache.openejb.assembler.classic.Assembler.initEjbs(Assembler.java:1508)
		at org.apache.openejb.assembler.classic.Assembler.createApplication(Assembler.java:965)
		... 45 more
	Caused by: java.lang.ClassNotFoundException: Jakarta Authorization:Error PolicyConfigurationFactory : cannot find class : null
		at jakarta.security.jacc.PolicyConfigurationFactory.getPolicyConfigurationFactory(PolicyConfigurationFactory.java:143)
		at org.apache.openejb.assembler.classic.JaccPermissionsBuilder.install(JaccPermissionsBuilder.java:60)
		... 47 more
	Caused by: java.lang.ClassNotFoundException: Jakarta Authorization:Error PolicyConfigurationFactory : property not set : jakarta.security.jacc.PolicyConfigurationFactory.provider
		at jakarta.security.jacc.PolicyConfigurationFactory.getPolicyConfigurationFactory(PolicyConfigurationFactory.java:126)
		... 48 more
25-Oct-2025 11:06:15.741 SEVERE [main] jdk.internal.reflect.NativeMethodAccessorImpl.invoke Error deploying web application directory [/usr/local/tomee/webapps/manager]
	java.lang.IllegalStateException: Error starting child
		at org.apache.catalina.core.ContainerBase.addChildInternal(ContainerBase.java:602)
		at org.apache.catalina.core.ContainerBase.addChild(ContainerBase.java:571)
		at org.apache.catalina.core.StandardHost.addChild(StandardHost.java:654)
		at org.apache.catalina.startup.HostConfig.deployDirectory(HostConfig.java:1126)
		at org.apache.catalina.startup.HostConfig$DeployDirectory.run(HostConfig.java:1925)
		at java.base/java.util.concurrent.Executors$RunnableAdapter.call(Unknown Source)
		at java.base/java.util.concurrent.FutureTask.run(Unknown Source)
		at org.apache.tomcat.util.threads.InlineExecutorService.execute(InlineExecutorService.java:75)
		at java.base/java.util.concurrent.AbstractExecutorService.submit(Unknown Source)
		at org.apache.catalina.startup.HostConfig.deployDirectories(HostConfig.java:1037)
		at org.apache.catalina.startup.HostConfig.deployApps(HostConfig.java:422)
		at org.apache.catalina.startup.HostConfig.start(HostConfig.java:1621)
		at org.apache.catalina.startup.HostConfig.lifecycleEvent(HostConfig.java:303)
		at org.apache.catalina.util.LifecycleBase.fireLifecycleEvent(LifecycleBase.java:109)
		at org.apache.catalina.util.LifecycleBase.setStateInternal(LifecycleBase.java:389)
		at org.apache.catalina.util.LifecycleBase.setState(LifecycleBase.java:336)
		at org.apache.catalina.core.ContainerBase.startInternal(ContainerBase.java:776)
		at org.apache.catalina.core.StandardHost.startInternal(StandardHost.java:772)
		at org.apache.catalina.util.LifecycleBase.start(LifecycleBase.java:164)
		at org.apache.catalina.core.ContainerBase$StartChild.call(ContainerBase.java:1203)
		at org.apache.catalina.core.ContainerBase$StartChild.call(ContainerBase.java:1193)
		at java.base/java.util.concurrent.FutureTask.run(Unknown Source)
		at org.apache.tomcat.util.threads.InlineExecutorService.execute(InlineExecutorService.java:75)
		at java.base/java.util.concurrent.AbstractExecutorService.submit(Unknown Source)
		at org.apache.catalina.core.ContainerBase.startInternal(ContainerBase.java:749)
		at org.apache.catalina.core.StandardEngine.startInternal(StandardEngine.java:203)
		at org.apache.catalina.util.LifecycleBase.start(LifecycleBase.java:164)
		at org.apache.catalina.core.StandardService.startInternal(StandardService.java:412)
		at org.apache.catalina.util.LifecycleBase.start(LifecycleBase.java:164)
		at org.apache.catalina.core.StandardServer.startInternal(StandardServer.java:870)
		at org.apache.catalina.util.LifecycleBase.start(LifecycleBase.java:164)
		at org.apache.catalina.startup.Catalina.start(Catalina.java:761)
		at java.base/jdk.internal.reflect.NativeMethodAccessorImpl.invoke0(Native Method)
		at java.base/jdk.internal.reflect.NativeMethodAccessorImpl.invoke(Unknown Source)
		at java.base/jdk.internal.reflect.DelegatingMethodAccessorImpl.invoke(Unknown Source)
		at java.base/java.lang.reflect.Method.invoke(Unknown Source)
		at org.apache.catalina.startup.Bootstrap.start(Bootstrap.java:345)
		at org.apache.catalina.startup.Bootstrap.main(Bootstrap.java:476)
	Caused by: org.apache.catalina.LifecycleException: Failed to start component [StandardEngine[Catalina].StandardHost[127.0.0.5].StandardContext[/manager]]
		at org.apache.catalina.util.LifecycleBase.handleSubClassException(LifecycleBase.java:406)
		at org.apache.catalina.util.LifecycleBase.start(LifecycleBase.java:179)
		at org.apache.catalina.core.ContainerBase.addChildInternal(ContainerBase.java:599)
		... 37 more
	Caused by: org.apache.tomee.catalina.TomEERuntimeException: org.apache.openejb.OpenEJBException: Creating application failed: /usr/local/tomee/webapps/manager: PolicyConfigurationFactory class not found: Jakarta Authorization:Error PolicyConfigurationFactory : cannot find class : null
		at org.apache.tomee.catalina.TomcatWebAppBuilder.startInternal(TomcatWebAppBuilder.java:1349)
		at org.apache.tomee.catalina.TomcatWebAppBuilder.configureStart(TomcatWebAppBuilder.java:1159)
		at org.apache.tomee.catalina.GlobalListenerSupport.lifecycleEvent(GlobalListenerSupport.java:134)
		at org.apache.catalina.util.LifecycleBase.fireLifecycleEvent(LifecycleBase.java:109)
		at org.apache.catalina.core.StandardContext.startInternal(StandardContext.java:4380)
		at org.apache.catalina.util.LifecycleBase.start(LifecycleBase.java:164)
		... 38 more
	Caused by: org.apache.openejb.OpenEJBException: Creating application failed: /usr/local/tomee/webapps/manager: PolicyConfigurationFactory class not found: Jakarta Authorization:Error PolicyConfigurationFactory : cannot find class : null
		at org.apache.openejb.assembler.classic.Assembler.createApplication(Assembler.java:1107)
		at org.apache.openejb.assembler.classic.Assembler.createApplication(Assembler.java:762)
		at org.apache.tomee.catalina.TomcatWebAppBuilder.startInternal(TomcatWebAppBuilder.java:1337)
		... 43 more
	Caused by: org.apache.openejb.OpenEJBException: PolicyConfigurationFactory class not found: Jakarta Authorization:Error PolicyConfigurationFactory : cannot find class : null
		at org.apache.openejb.assembler.classic.JaccPermissionsBuilder.install(JaccPermissionsBuilder.java:78)
		at org.apache.openejb.assembler.classic.Assembler.initEjbs(Assembler.java:1508)
		at org.apache.openejb.assembler.classic.Assembler.createApplication(Assembler.java:965)
		... 45 more
	Caused by: java.lang.ClassNotFoundException: Jakarta Authorization:Error PolicyConfigurationFactory : cannot find class : null
		at jakarta.security.jacc.PolicyConfigurationFactory.getPolicyConfigurationFactory(PolicyConfigurationFactory.java:143)
		at org.apache.openejb.assembler.classic.JaccPermissionsBuilder.install(JaccPermissionsBuilder.java:60)
		... 47 more
	Caused by: java.lang.ClassNotFoundException: Jakarta Authorization:Error PolicyConfigurationFactory : property not set : jakarta.security.jacc.PolicyConfigurationFactory.provider
		at jakarta.security.jacc.PolicyConfigurationFactory.getPolicyConfigurationFactory(PolicyConfigurationFactory.java:126)
		... 48 more
25-Oct-2025 11:06:15.742 INFO [main] jdk.internal.reflect.DelegatingMethodAccessorImpl.invoke Deployment of web application directory [/usr/local/tomee/webapps/manager] has finished in [219] ms
25-Oct-2025 11:06:15.743 INFO [main] jdk.internal.reflect.DelegatingMethodAccessorImpl.invoke Deploying web application directory [/usr/local/tomee/webapps/host-manager]
25-Oct-2025 11:06:15.745 INFO [main] org.apache.tomee.catalina.TomcatWebAppBuilder.init ------------------------- 127.0.0.5 -> /host-manager
25-Oct-2025 11:06:15.772 INFO [main] org.apache.openejb.util.OptionsLog.info Using 'tomee.mp.cdi.extensions=io.smallrye.config.inject.ConfigExtension,io.smallrye.faulttolerance.FaultToleranceExtension,io.smallrye.metrics.legacyapi.LegacyMetricsExtension,io.smallrye.opentelemetry.implementation.cdi.OpenTelemetryExtension,org.apache.cxf.microprofile.client.cdi.RestClientExtension,org.apache.tomee.microprofile.faulttolerance.MPFaultToleranceCDIExtension,org.apache.tomee.microprofile.health.MPHealthCDIExtension,org.apache.tomee.microprofile.jwt.cdi.MPJWTCDIExtension,org.apache.tomee.microprofile.opentelemetry.MPOpenTelemetryCDIExtension'
25-Oct-2025 11:06:15.784 INFO [main] org.apache.openejb.config.ConfigurationFactory.configureApplication Configuring enterprise application: /usr/local/tomee/webapps/host-manager
25-Oct-2025 11:06:15.795 INFO [main] org.apache.openejb.config.AppInfoBuilder.build Enterprise application "/usr/local/tomee/webapps/host-manager" loaded.
25-Oct-2025 11:06:15.796 INFO [main] org.apache.openejb.assembler.classic.Assembler.createApplication Assembling app: /usr/local/tomee/webapps/host-manager
25-Oct-2025 11:06:15.804 INFO [main] org.apache.openejb.assembler.classic.Assembler.destroyApplication Undeploying app: /usr/local/tomee/webapps/host-manager
25-Oct-2025 11:06:15.805 SEVERE [main] jdk.internal.reflect.NativeMethodAccessorImpl.invoke Error destroying child
	org.apache.catalina.LifecycleException: An invalid Lifecycle transition was attempted ([before_destroy]) for component [StandardEngine[Catalina].StandardHost[127.0.0.5].StandardContext[/host-manager]] in state [STARTING_PREP]
		at org.apache.catalina.util.LifecycleBase.invalidTransition(LifecycleBase.java:396)
		at org.apache.catalina.util.LifecycleBase.destroy(LifecycleBase.java:293)
		at org.apache.catalina.core.ContainerBase.removeChild(ContainerBase.java:671)
		at org.apache.tomee.catalina.TomcatWebAppBuilder.undeploy(TomcatWebAppBuilder.java:1685)
		at org.apache.tomee.catalina.TomcatWebAppBuilder.undeploy(TomcatWebAppBuilder.java:1665)
		at org.apache.tomee.catalina.TomcatWebAppBuilder.undeployWebApps(TomcatWebAppBuilder.java:798)
		at org.apache.openejb.assembler.classic.Assembler.destroyApplication(Assembler.java:2428)
		at org.apache.openejb.assembler.classic.Assembler.createApplication(Assembler.java:1103)
		at org.apache.openejb.assembler.classic.Assembler.createApplication(Assembler.java:762)
		at org.apache.tomee.catalina.TomcatWebAppBuilder.startInternal(TomcatWebAppBuilder.java:1337)
		at org.apache.tomee.catalina.TomcatWebAppBuilder.configureStart(TomcatWebAppBuilder.java:1159)
		at org.apache.tomee.catalina.GlobalListenerSupport.lifecycleEvent(GlobalListenerSupport.java:134)
		at org.apache.catalina.util.LifecycleBase.fireLifecycleEvent(LifecycleBase.java:109)
		at org.apache.catalina.core.StandardContext.startInternal(StandardContext.java:4380)
		at org.apache.catalina.util.LifecycleBase.start(LifecycleBase.java:164)
		at org.apache.catalina.core.ContainerBase.addChildInternal(ContainerBase.java:599)
		at org.apache.catalina.core.ContainerBase.addChild(ContainerBase.java:571)
		at org.apache.catalina.core.StandardHost.addChild(StandardHost.java:654)
		at org.apache.catalina.startup.HostConfig.deployDirectory(HostConfig.java:1126)
		at org.apache.catalina.startup.HostConfig$DeployDirectory.run(HostConfig.java:1925)
		at java.base/java.util.concurrent.Executors$RunnableAdapter.call(Unknown Source)
		at java.base/java.util.concurrent.FutureTask.run(Unknown Source)
		at org.apache.tomcat.util.threads.InlineExecutorService.execute(InlineExecutorService.java:75)
		at java.base/java.util.concurrent.AbstractExecutorService.submit(Unknown Source)
		at org.apache.catalina.startup.HostConfig.deployDirectories(HostConfig.java:1037)
		at org.apache.catalina.startup.HostConfig.deployApps(HostConfig.java:422)
		at org.apache.catalina.startup.HostConfig.start(HostConfig.java:1621)
		at org.apache.catalina.startup.HostConfig.lifecycleEvent(HostConfig.java:303)
		at org.apache.catalina.util.LifecycleBase.fireLifecycleEvent(LifecycleBase.java:109)
		at org.apache.catalina.util.LifecycleBase.setStateInternal(LifecycleBase.java:389)
		at org.apache.catalina.util.LifecycleBase.setState(LifecycleBase.java:336)
		at org.apache.catalina.core.ContainerBase.startInternal(ContainerBase.java:776)
		at org.apache.catalina.core.StandardHost.startInternal(StandardHost.java:772)
		at org.apache.catalina.util.LifecycleBase.start(LifecycleBase.java:164)
		at org.apache.catalina.core.ContainerBase$StartChild.call(ContainerBase.java:1203)
		at org.apache.catalina.core.ContainerBase$StartChild.call(ContainerBase.java:1193)
		at java.base/java.util.concurrent.FutureTask.run(Unknown Source)
		at org.apache.tomcat.util.threads.InlineExecutorService.execute(InlineExecutorService.java:75)
		at java.base/java.util.concurrent.AbstractExecutorService.submit(Unknown Source)
		at org.apache.catalina.core.ContainerBase.startInternal(ContainerBase.java:749)
		at org.apache.catalina.core.StandardEngine.startInternal(StandardEngine.java:203)
		at org.apache.catalina.util.LifecycleBase.start(LifecycleBase.java:164)
		at org.apache.catalina.core.StandardService.startInternal(StandardService.java:412)
		at org.apache.catalina.util.LifecycleBase.start(LifecycleBase.java:164)
		at org.apache.catalina.core.StandardServer.startInternal(StandardServer.java:870)
		at org.apache.catalina.util.LifecycleBase.start(LifecycleBase.java:164)
		at org.apache.catalina.startup.Catalina.start(Catalina.java:761)
		at java.base/jdk.internal.reflect.NativeMethodAccessorImpl.invoke0(Native Method)
		at java.base/jdk.internal.reflect.NativeMethodAccessorImpl.invoke(Unknown Source)
		at java.base/jdk.internal.reflect.DelegatingMethodAccessorImpl.invoke(Unknown Source)
		at java.base/java.lang.reflect.Method.invoke(Unknown Source)
		at org.apache.catalina.startup.Bootstrap.start(Bootstrap.java:345)
		at org.apache.catalina.startup.Bootstrap.main(Bootstrap.java:476)
25-Oct-2025 11:06:15.837 SEVERE [main] org.apache.tomee.catalina.TomcatWebAppBuilder.startInternal Unable to deploy collapsed ear in war StandardEngine[Catalina].StandardHost[127.0.0.5].StandardContext[/host-manager]
	org.apache.openejb.OpenEJBException: Creating application failed: /usr/local/tomee/webapps/host-manager: PolicyConfigurationFactory class not found: Jakarta Authorization:Error PolicyConfigurationFactory : cannot find class : null
		at org.apache.openejb.assembler.classic.Assembler.createApplication(Assembler.java:1107)
		at org.apache.openejb.assembler.classic.Assembler.createApplication(Assembler.java:762)
		at org.apache.tomee.catalina.TomcatWebAppBuilder.startInternal(TomcatWebAppBuilder.java:1337)
		at org.apache.tomee.catalina.TomcatWebAppBuilder.configureStart(TomcatWebAppBuilder.java:1159)
		at org.apache.tomee.catalina.GlobalListenerSupport.lifecycleEvent(GlobalListenerSupport.java:134)
		at org.apache.catalina.util.LifecycleBase.fireLifecycleEvent(LifecycleBase.java:109)
		at org.apache.catalina.core.StandardContext.startInternal(StandardContext.java:4380)
		at org.apache.catalina.util.LifecycleBase.start(LifecycleBase.java:164)
		at org.apache.catalina.core.ContainerBase.addChildInternal(ContainerBase.java:599)
		at org.apache.catalina.core.ContainerBase.addChild(ContainerBase.java:571)
		at org.apache.catalina.core.StandardHost.addChild(StandardHost.java:654)
		at org.apache.catalina.startup.HostConfig.deployDirectory(HostConfig.java:1126)
		at org.apache.catalina.startup.HostConfig$DeployDirectory.run(HostConfig.java:1925)
		at java.base/java.util.concurrent.Executors$RunnableAdapter.call(Unknown Source)
		at java.base/java.util.concurrent.FutureTask.run(Unknown Source)
		at org.apache.tomcat.util.threads.InlineExecutorService.execute(InlineExecutorService.java:75)
		at java.base/java.util.concurrent.AbstractExecutorService.submit(Unknown Source)
		at org.apache.catalina.startup.HostConfig.deployDirectories(HostConfig.java:1037)
		at org.apache.catalina.startup.HostConfig.deployApps(HostConfig.java:422)
		at org.apache.catalina.startup.HostConfig.start(HostConfig.java:1621)
		at org.apache.catalina.startup.HostConfig.lifecycleEvent(HostConfig.java:303)
		at org.apache.catalina.util.LifecycleBase.fireLifecycleEvent(LifecycleBase.java:109)
		at org.apache.catalina.util.LifecycleBase.setStateInternal(LifecycleBase.java:389)
		at org.apache.catalina.util.LifecycleBase.setState(LifecycleBase.java:336)
		at org.apache.catalina.core.ContainerBase.startInternal(ContainerBase.java:776)
		at org.apache.catalina.core.StandardHost.startInternal(StandardHost.java:772)
		at org.apache.catalina.util.LifecycleBase.start(LifecycleBase.java:164)
		at org.apache.catalina.core.ContainerBase$StartChild.call(ContainerBase.java:1203)
		at org.apache.catalina.core.ContainerBase$StartChild.call(ContainerBase.java:1193)
		at java.base/java.util.concurrent.FutureTask.run(Unknown Source)
		at org.apache.tomcat.util.threads.InlineExecutorService.execute(InlineExecutorService.java:75)
		at java.base/java.util.concurrent.AbstractExecutorService.submit(Unknown Source)
		at org.apache.catalina.core.ContainerBase.startInternal(ContainerBase.java:749)
		at org.apache.catalina.core.StandardEngine.startInternal(StandardEngine.java:203)
		at org.apache.catalina.util.LifecycleBase.start(LifecycleBase.java:164)
		at org.apache.catalina.core.StandardService.startInternal(StandardService.java:412)
		at org.apache.catalina.util.LifecycleBase.start(LifecycleBase.java:164)
		at org.apache.catalina.core.StandardServer.startInternal(StandardServer.java:870)
		at org.apache.catalina.util.LifecycleBase.start(LifecycleBase.java:164)
		at org.apache.catalina.startup.Catalina.start(Catalina.java:761)
		at java.base/jdk.internal.reflect.NativeMethodAccessorImpl.invoke0(Native Method)
		at java.base/jdk.internal.reflect.NativeMethodAccessorImpl.invoke(Unknown Source)
		at java.base/jdk.internal.reflect.DelegatingMethodAccessorImpl.invoke(Unknown Source)
		at java.base/java.lang.reflect.Method.invoke(Unknown Source)
		at org.apache.catalina.startup.Bootstrap.start(Bootstrap.java:345)
		at org.apache.catalina.startup.Bootstrap.main(Bootstrap.java:476)
	Caused by: org.apache.openejb.OpenEJBException: PolicyConfigurationFactory class not found: Jakarta Authorization:Error PolicyConfigurationFactory : cannot find class : null
		at org.apache.openejb.assembler.classic.JaccPermissionsBuilder.install(JaccPermissionsBuilder.java:78)
		at org.apache.openejb.assembler.classic.Assembler.initEjbs(Assembler.java:1508)
		at org.apache.openejb.assembler.classic.Assembler.createApplication(Assembler.java:965)
		... 45 more
	Caused by: java.lang.ClassNotFoundException: Jakarta Authorization:Error PolicyConfigurationFactory : cannot find class : null
		at jakarta.security.jacc.PolicyConfigurationFactory.getPolicyConfigurationFactory(PolicyConfigurationFactory.java:143)
		at org.apache.openejb.assembler.classic.JaccPermissionsBuilder.install(JaccPermissionsBuilder.java:60)
		... 47 more
	Caused by: java.lang.ClassNotFoundException: Jakarta Authorization:Error PolicyConfigurationFactory : property not set : jakarta.security.jacc.PolicyConfigurationFactory.provider
		at jakarta.security.jacc.PolicyConfigurationFactory.getPolicyConfigurationFactory(PolicyConfigurationFactory.java:126)
		... 48 more
25-Oct-2025 11:06:15.838 SEVERE [main] jdk.internal.reflect.NativeMethodAccessorImpl.invoke Error deploying web application directory [/usr/local/tomee/webapps/host-manager]
	java.lang.IllegalStateException: Error starting child
		at org.apache.catalina.core.ContainerBase.addChildInternal(ContainerBase.java:602)
		at org.apache.catalina.core.ContainerBase.addChild(ContainerBase.java:571)
		at org.apache.catalina.core.StandardHost.addChild(StandardHost.java:654)
		at org.apache.catalina.startup.HostConfig.deployDirectory(HostConfig.java:1126)
		at org.apache.catalina.startup.HostConfig$DeployDirectory.run(HostConfig.java:1925)
		at java.base/java.util.concurrent.Executors$RunnableAdapter.call(Unknown Source)
		at java.base/java.util.concurrent.FutureTask.run(Unknown Source)
		at org.apache.tomcat.util.threads.InlineExecutorService.execute(InlineExecutorService.java:75)
		at java.base/java.util.concurrent.AbstractExecutorService.submit(Unknown Source)
		at org.apache.catalina.startup.HostConfig.deployDirectories(HostConfig.java:1037)
		at org.apache.catalina.startup.HostConfig.deployApps(HostConfig.java:422)
		at org.apache.catalina.startup.HostConfig.start(HostConfig.java:1621)
		at org.apache.catalina.startup.HostConfig.lifecycleEvent(HostConfig.java:303)
		at org.apache.catalina.util.LifecycleBase.fireLifecycleEvent(LifecycleBase.java:109)
		at org.apache.catalina.util.LifecycleBase.setStateInternal(LifecycleBase.java:389)
		at org.apache.catalina.util.LifecycleBase.setState(LifecycleBase.java:336)
		at org.apache.catalina.core.ContainerBase.startInternal(ContainerBase.java:776)
		at org.apache.catalina.core.StandardHost.startInternal(StandardHost.java:772)
		at org.apache.catalina.util.LifecycleBase.start(LifecycleBase.java:164)
		at org.apache.catalina.core.ContainerBase$StartChild.call(ContainerBase.java:1203)
		at org.apache.catalina.core.ContainerBase$StartChild.call(ContainerBase.java:1193)
		at java.base/java.util.concurrent.FutureTask.run(Unknown Source)
		at org.apache.tomcat.util.threads.InlineExecutorService.execute(InlineExecutorService.java:75)
		at java.base/java.util.concurrent.AbstractExecutorService.submit(Unknown Source)
		at org.apache.catalina.core.ContainerBase.startInternal(ContainerBase.java:749)
		at org.apache.catalina.core.StandardEngine.startInternal(StandardEngine.java:203)
		at org.apache.catalina.util.LifecycleBase.start(LifecycleBase.java:164)
		at org.apache.catalina.core.StandardService.startInternal(StandardService.java:412)
		at org.apache.catalina.util.LifecycleBase.start(LifecycleBase.java:164)
		at org.apache.catalina.core.StandardServer.startInternal(StandardServer.java:870)
		at org.apache.catalina.util.LifecycleBase.start(LifecycleBase.java:164)
		at org.apache.catalina.startup.Catalina.start(Catalina.java:761)
		at java.base/jdk.internal.reflect.NativeMethodAccessorImpl.invoke0(Native Method)
		at java.base/jdk.internal.reflect.NativeMethodAccessorImpl.invoke(Unknown Source)
		at java.base/jdk.internal.reflect.DelegatingMethodAccessorImpl.invoke(Unknown Source)
		at java.base/java.lang.reflect.Method.invoke(Unknown Source)
		at org.apache.catalina.startup.Bootstrap.start(Bootstrap.java:345)
		at org.apache.catalina.startup.Bootstrap.main(Bootstrap.java:476)
	Caused by: org.apache.catalina.LifecycleException: Failed to start component [StandardEngine[Catalina].StandardHost[127.0.0.5].StandardContext[/host-manager]]
		at org.apache.catalina.util.LifecycleBase.handleSubClassException(LifecycleBase.java:406)
		at org.apache.catalina.util.LifecycleBase.start(LifecycleBase.java:179)
		at org.apache.catalina.core.ContainerBase.addChildInternal(ContainerBase.java:599)
		... 37 more
	Caused by: org.apache.tomee.catalina.TomEERuntimeException: org.apache.openejb.OpenEJBException: Creating application failed: /usr/local/tomee/webapps/host-manager: PolicyConfigurationFactory class not found: Jakarta Authorization:Error PolicyConfigurationFactory : cannot find class : null
		at org.apache.tomee.catalina.TomcatWebAppBuilder.startInternal(TomcatWebAppBuilder.java:1349)
		at org.apache.tomee.catalina.TomcatWebAppBuilder.configureStart(TomcatWebAppBuilder.java:1159)
		at org.apache.tomee.catalina.GlobalListenerSupport.lifecycleEvent(GlobalListenerSupport.java:134)
		at org.apache.catalina.util.LifecycleBase.fireLifecycleEvent(LifecycleBase.java:109)
		at org.apache.catalina.core.StandardContext.startInternal(StandardContext.java:4380)
		at org.apache.catalina.util.LifecycleBase.start(LifecycleBase.java:164)
		... 38 more
	Caused by: org.apache.openejb.OpenEJBException: Creating application failed: /usr/local/tomee/webapps/host-manager: PolicyConfigurationFactory class not found: Jakarta Authorization:Error PolicyConfigurationFactory : cannot find class : null
		at org.apache.openejb.assembler.classic.Assembler.createApplication(Assembler.java:1107)
		at org.apache.openejb.assembler.classic.Assembler.createApplication(Assembler.java:762)
		at org.apache.tomee.catalina.TomcatWebAppBuilder.startInternal(TomcatWebAppBuilder.java:1337)
		... 43 more
	Caused by: org.apache.openejb.OpenEJBException: PolicyConfigurationFactory class not found: Jakarta Authorization:Error PolicyConfigurationFactory : cannot find class : null
		at org.apache.openejb.assembler.classic.JaccPermissionsBuilder.install(JaccPermissionsBuilder.java:78)
		at org.apache.openejb.assembler.classic.Assembler.initEjbs(Assembler.java:1508)
		at org.apache.openejb.assembler.classic.Assembler.createApplication(Assembler.java:965)
		... 45 more
	Caused by: java.lang.ClassNotFoundException: Jakarta Authorization:Error PolicyConfigurationFactory : cannot find class : null
		at jakarta.security.jacc.PolicyConfigurationFactory.getPolicyConfigurationFactory(PolicyConfigurationFactory.java:143)
		at org.apache.openejb.assembler.classic.JaccPermissionsBuilder.install(JaccPermissionsBuilder.java:60)
		... 47 more
	Caused by: java.lang.ClassNotFoundException: Jakarta Authorization:Error PolicyConfigurationFactory : property not set : jakarta.security.jacc.PolicyConfigurationFactory.provider
		at jakarta.security.jacc.PolicyConfigurationFactory.getPolicyConfigurationFactory(PolicyConfigurationFactory.java:126)
		... 48 more
25-Oct-2025 11:06:15.839 INFO [main] jdk.internal.reflect.DelegatingMethodAccessorImpl.invoke Deployment of web application directory [/usr/local/tomee/webapps/host-manager] has finished in [95] ms
25-Oct-2025 11:06:15.839 INFO [main] jdk.internal.reflect.DelegatingMethodAccessorImpl.invoke Deploying web application directory [/usr/local/tomee/webapps/docs]
25-Oct-2025 11:06:15.841 INFO [main] org.apache.tomee.catalina.TomcatWebAppBuilder.init ------------------------- 127.0.0.5 -> /docs
25-Oct-2025 11:06:15.868 INFO [main] org.apache.openejb.util.OptionsLog.info Using 'tomee.mp.cdi.extensions=io.smallrye.config.inject.ConfigExtension,io.smallrye.faulttolerance.FaultToleranceExtension,io.smallrye.metrics.legacyapi.LegacyMetricsExtension,io.smallrye.opentelemetry.implementation.cdi.OpenTelemetryExtension,org.apache.cxf.microprofile.client.cdi.RestClientExtension,org.apache.tomee.microprofile.faulttolerance.MPFaultToleranceCDIExtension,org.apache.tomee.microprofile.health.MPHealthCDIExtension,org.apache.tomee.microprofile.jwt.cdi.MPJWTCDIExtension,org.apache.tomee.microprofile.opentelemetry.MPOpenTelemetryCDIExtension'
25-Oct-2025 11:06:15.877 INFO [main] org.apache.openejb.config.ConfigurationFactory.configureApplication Configuring enterprise application: /usr/local/tomee/webapps/docs
25-Oct-2025 11:06:15.887 INFO [main] org.apache.openejb.config.AppInfoBuilder.build Enterprise application "/usr/local/tomee/webapps/docs" loaded.
25-Oct-2025 11:06:15.887 INFO [main] org.apache.openejb.assembler.classic.Assembler.createApplication Assembling app: /usr/local/tomee/webapps/docs
25-Oct-2025 11:06:15.900 INFO [main] org.apache.openejb.assembler.classic.Assembler.destroyApplication Undeploying app: /usr/local/tomee/webapps/docs
25-Oct-2025 11:06:15.901 SEVERE [main] jdk.internal.reflect.NativeMethodAccessorImpl.invoke Error destroying child
	org.apache.catalina.LifecycleException: An invalid Lifecycle transition was attempted ([before_destroy]) for component [StandardEngine[Catalina].StandardHost[127.0.0.5].StandardContext[/docs]] in state [STARTING_PREP]
		at org.apache.catalina.util.LifecycleBase.invalidTransition(LifecycleBase.java:396)
		at org.apache.catalina.util.LifecycleBase.destroy(LifecycleBase.java:293)
		at org.apache.catalina.core.ContainerBase.removeChild(ContainerBase.java:671)
		at org.apache.tomee.catalina.TomcatWebAppBuilder.undeploy(TomcatWebAppBuilder.java:1685)
		at org.apache.tomee.catalina.TomcatWebAppBuilder.undeploy(TomcatWebAppBuilder.java:1665)
		at org.apache.tomee.catalina.TomcatWebAppBuilder.undeployWebApps(TomcatWebAppBuilder.java:798)
		at org.apache.openejb.assembler.classic.Assembler.destroyApplication(Assembler.java:2428)
		at org.apache.openejb.assembler.classic.Assembler.createApplication(Assembler.java:1103)
		at org.apache.openejb.assembler.classic.Assembler.createApplication(Assembler.java:762)
		at org.apache.tomee.catalina.TomcatWebAppBuilder.startInternal(TomcatWebAppBuilder.java:1337)
		at org.apache.tomee.catalina.TomcatWebAppBuilder.configureStart(TomcatWebAppBuilder.java:1159)
		at org.apache.tomee.catalina.GlobalListenerSupport.lifecycleEvent(GlobalListenerSupport.java:134)
		at org.apache.catalina.util.LifecycleBase.fireLifecycleEvent(LifecycleBase.java:109)
		at org.apache.catalina.core.StandardContext.startInternal(StandardContext.java:4380)
		at org.apache.catalina.util.LifecycleBase.start(LifecycleBase.java:164)
		at org.apache.catalina.core.ContainerBase.addChildInternal(ContainerBase.java:599)
		at org.apache.catalina.core.ContainerBase.addChild(ContainerBase.java:571)
		at org.apache.catalina.core.StandardHost.addChild(StandardHost.java:654)
		at org.apache.catalina.startup.HostConfig.deployDirectory(HostConfig.java:1126)
		at org.apache.catalina.startup.HostConfig$DeployDirectory.run(HostConfig.java:1925)
		at java.base/java.util.concurrent.Executors$RunnableAdapter.call(Unknown Source)
		at java.base/java.util.concurrent.FutureTask.run(Unknown Source)
		at org.apache.tomcat.util.threads.InlineExecutorService.execute(InlineExecutorService.java:75)
		at java.base/java.util.concurrent.AbstractExecutorService.submit(Unknown Source)
		at org.apache.catalina.startup.HostConfig.deployDirectories(HostConfig.java:1037)
		at org.apache.catalina.startup.HostConfig.deployApps(HostConfig.java:422)
		at org.apache.catalina.startup.HostConfig.start(HostConfig.java:1621)
		at org.apache.catalina.startup.HostConfig.lifecycleEvent(HostConfig.java:303)
		at org.apache.catalina.util.LifecycleBase.fireLifecycleEvent(LifecycleBase.java:109)
		at org.apache.catalina.util.LifecycleBase.setStateInternal(LifecycleBase.java:389)
		at org.apache.catalina.util.LifecycleBase.setState(LifecycleBase.java:336)
		at org.apache.catalina.core.ContainerBase.startInternal(ContainerBase.java:776)
		at org.apache.catalina.core.StandardHost.startInternal(StandardHost.java:772)
		at org.apache.catalina.util.LifecycleBase.start(LifecycleBase.java:164)
		at org.apache.catalina.core.ContainerBase$StartChild.call(ContainerBase.java:1203)
		at org.apache.catalina.core.ContainerBase$StartChild.call(ContainerBase.java:1193)
		at java.base/java.util.concurrent.FutureTask.run(Unknown Source)
		at org.apache.tomcat.util.threads.InlineExecutorService.execute(InlineExecutorService.java:75)
		at java.base/java.util.concurrent.AbstractExecutorService.submit(Unknown Source)
		at org.apache.catalina.core.ContainerBase.startInternal(ContainerBase.java:749)
		at org.apache.catalina.core.StandardEngine.startInternal(StandardEngine.java:203)
		at org.apache.catalina.util.LifecycleBase.start(LifecycleBase.java:164)
		at org.apache.catalina.core.StandardService.startInternal(StandardService.java:412)
		at org.apache.catalina.util.LifecycleBase.start(LifecycleBase.java:164)
		at org.apache.catalina.core.StandardServer.startInternal(StandardServer.java:870)
		at org.apache.catalina.util.LifecycleBase.start(LifecycleBase.java:164)
		at org.apache.catalina.startup.Catalina.start(Catalina.java:761)
		at java.base/jdk.internal.reflect.NativeMethodAccessorImpl.invoke0(Native Method)
		at java.base/jdk.internal.reflect.NativeMethodAccessorImpl.invoke(Unknown Source)
		at java.base/jdk.internal.reflect.DelegatingMethodAccessorImpl.invoke(Unknown Source)
		at java.base/java.lang.reflect.Method.invoke(Unknown Source)
		at org.apache.catalina.startup.Bootstrap.start(Bootstrap.java:345)
		at org.apache.catalina.startup.Bootstrap.main(Bootstrap.java:476)
25-Oct-2025 11:06:15.933 SEVERE [main] org.apache.tomee.catalina.TomcatWebAppBuilder.startInternal Unable to deploy collapsed ear in war StandardEngine[Catalina].StandardHost[127.0.0.5].StandardContext[/docs]
	org.apache.openejb.OpenEJBException: Creating application failed: /usr/local/tomee/webapps/docs: PolicyConfigurationFactory class not found: Jakarta Authorization:Error PolicyConfigurationFactory : cannot find class : null
		at org.apache.openejb.assembler.classic.Assembler.createApplication(Assembler.java:1107)
		at org.apache.openejb.assembler.classic.Assembler.createApplication(Assembler.java:762)
		at org.apache.tomee.catalina.TomcatWebAppBuilder.startInternal(TomcatWebAppBuilder.java:1337)
		at org.apache.tomee.catalina.TomcatWebAppBuilder.configureStart(TomcatWebAppBuilder.java:1159)
		at org.apache.tomee.catalina.GlobalListenerSupport.lifecycleEvent(GlobalListenerSupport.java:134)
		at org.apache.catalina.util.LifecycleBase.fireLifecycleEvent(LifecycleBase.java:109)
		at org.apache.catalina.core.StandardContext.startInternal(StandardContext.java:4380)
		at org.apache.catalina.util.LifecycleBase.start(LifecycleBase.java:164)
		at org.apache.catalina.core.ContainerBase.addChildInternal(ContainerBase.java:599)
		at org.apache.catalina.core.ContainerBase.addChild(ContainerBase.java:571)
		at org.apache.catalina.core.StandardHost.addChild(StandardHost.java:654)
		at org.apache.catalina.startup.HostConfig.deployDirectory(HostConfig.java:1126)
		at org.apache.catalina.startup.HostConfig$DeployDirectory.run(HostConfig.java:1925)
		at java.base/java.util.concurrent.Executors$RunnableAdapter.call(Unknown Source)
		at java.base/java.util.concurrent.FutureTask.run(Unknown Source)
		at org.apache.tomcat.util.threads.InlineExecutorService.execute(InlineExecutorService.java:75)
		at java.base/java.util.concurrent.AbstractExecutorService.submit(Unknown Source)
		at org.apache.catalina.startup.HostConfig.deployDirectories(HostConfig.java:1037)
		at org.apache.catalina.startup.HostConfig.deployApps(HostConfig.java:422)
		at org.apache.catalina.startup.HostConfig.start(HostConfig.java:1621)
		at org.apache.catalina.startup.HostConfig.lifecycleEvent(HostConfig.java:303)
		at org.apache.catalina.util.LifecycleBase.fireLifecycleEvent(LifecycleBase.java:109)
		at org.apache.catalina.util.LifecycleBase.setStateInternal(LifecycleBase.java:389)
		at org.apache.catalina.util.LifecycleBase.setState(LifecycleBase.java:336)
		at org.apache.catalina.core.ContainerBase.startInternal(ContainerBase.java:776)
		at org.apache.catalina.core.StandardHost.startInternal(StandardHost.java:772)
		at org.apache.catalina.util.LifecycleBase.start(LifecycleBase.java:164)
		at org.apache.catalina.core.ContainerBase$StartChild.call(ContainerBase.java:1203)
		at org.apache.catalina.core.ContainerBase$StartChild.call(ContainerBase.java:1193)
		at java.base/java.util.concurrent.FutureTask.run(Unknown Source)
		at org.apache.tomcat.util.threads.InlineExecutorService.execute(InlineExecutorService.java:75)
		at java.base/java.util.concurrent.AbstractExecutorService.submit(Unknown Source)
		at org.apache.catalina.core.ContainerBase.startInternal(ContainerBase.java:749)
		at org.apache.catalina.core.StandardEngine.startInternal(StandardEngine.java:203)
		at org.apache.catalina.util.LifecycleBase.start(LifecycleBase.java:164)
		at org.apache.catalina.core.StandardService.startInternal(StandardService.java:412)
		at org.apache.catalina.util.LifecycleBase.start(LifecycleBase.java:164)
		at org.apache.catalina.core.StandardServer.startInternal(StandardServer.java:870)
		at org.apache.catalina.util.LifecycleBase.start(LifecycleBase.java:164)
		at org.apache.catalina.startup.Catalina.start(Catalina.java:761)
		at java.base/jdk.internal.reflect.NativeMethodAccessorImpl.invoke0(Native Method)
		at java.base/jdk.internal.reflect.NativeMethodAccessorImpl.invoke(Unknown Source)
		at java.base/jdk.internal.reflect.DelegatingMethodAccessorImpl.invoke(Unknown Source)
		at java.base/java.lang.reflect.Method.invoke(Unknown Source)
		at org.apache.catalina.startup.Bootstrap.start(Bootstrap.java:345)
		at org.apache.catalina.startup.Bootstrap.main(Bootstrap.java:476)
	Caused by: org.apache.openejb.OpenEJBException: PolicyConfigurationFactory class not found: Jakarta Authorization:Error PolicyConfigurationFactory : cannot find class : null
		at org.apache.openejb.assembler.classic.JaccPermissionsBuilder.install(JaccPermissionsBuilder.java:78)
		at org.apache.openejb.assembler.classic.Assembler.initEjbs(Assembler.java:1508)
		at org.apache.openejb.assembler.classic.Assembler.createApplication(Assembler.java:965)
		... 45 more
	Caused by: java.lang.ClassNotFoundException: Jakarta Authorization:Error PolicyConfigurationFactory : cannot find class : null
		at jakarta.security.jacc.PolicyConfigurationFactory.getPolicyConfigurationFactory(PolicyConfigurationFactory.java:143)
		at org.apache.openejb.assembler.classic.JaccPermissionsBuilder.install(JaccPermissionsBuilder.java:60)
		... 47 more
	Caused by: java.lang.ClassNotFoundException: Jakarta Authorization:Error PolicyConfigurationFactory : property not set : jakarta.security.jacc.PolicyConfigurationFactory.provider
		at jakarta.security.jacc.PolicyConfigurationFactory.getPolicyConfigurationFactory(PolicyConfigurationFactory.java:126)
		... 48 more
25-Oct-2025 11:06:15.934 SEVERE [main] jdk.internal.reflect.NativeMethodAccessorImpl.invoke Error deploying web application directory [/usr/local/tomee/webapps/docs]
	java.lang.IllegalStateException: Error starting child
		at org.apache.catalina.core.ContainerBase.addChildInternal(ContainerBase.java:602)
		at org.apache.catalina.core.ContainerBase.addChild(ContainerBase.java:571)
		at org.apache.catalina.core.StandardHost.addChild(StandardHost.java:654)
		at org.apache.catalina.startup.HostConfig.deployDirectory(HostConfig.java:1126)
		at org.apache.catalina.startup.HostConfig$DeployDirectory.run(HostConfig.java:1925)
		at java.base/java.util.concurrent.Executors$RunnableAdapter.call(Unknown Source)
		at java.base/java.util.concurrent.FutureTask.run(Unknown Source)
		at org.apache.tomcat.util.threads.InlineExecutorService.execute(InlineExecutorService.java:75)
		at java.base/java.util.concurrent.AbstractExecutorService.submit(Unknown Source)
		at org.apache.catalina.startup.HostConfig.deployDirectories(HostConfig.java:1037)
		at org.apache.catalina.startup.HostConfig.deployApps(HostConfig.java:422)
		at org.apache.catalina.startup.HostConfig.start(HostConfig.java:1621)
		at org.apache.catalina.startup.HostConfig.lifecycleEvent(HostConfig.java:303)
		at org.apache.catalina.util.LifecycleBase.fireLifecycleEvent(LifecycleBase.java:109)
		at org.apache.catalina.util.LifecycleBase.setStateInternal(LifecycleBase.java:389)
		at org.apache.catalina.util.LifecycleBase.setState(LifecycleBase.java:336)
		at org.apache.catalina.core.ContainerBase.startInternal(ContainerBase.java:776)
		at org.apache.catalina.core.StandardHost.startInternal(StandardHost.java:772)
		at org.apache.catalina.util.LifecycleBase.start(LifecycleBase.java:164)
		at org.apache.catalina.core.ContainerBase$StartChild.call(ContainerBase.java:1203)
		at org.apache.catalina.core.ContainerBase$StartChild.call(ContainerBase.java:1193)
		at java.base/java.util.concurrent.FutureTask.run(Unknown Source)
		at org.apache.tomcat.util.threads.InlineExecutorService.execute(InlineExecutorService.java:75)
		at java.base/java.util.concurrent.AbstractExecutorService.submit(Unknown Source)
		at org.apache.catalina.core.ContainerBase.startInternal(ContainerBase.java:749)
		at org.apache.catalina.core.StandardEngine.startInternal(StandardEngine.java:203)
		at org.apache.catalina.util.LifecycleBase.start(LifecycleBase.java:164)
		at org.apache.catalina.core.StandardService.startInternal(StandardService.java:412)
		at org.apache.catalina.util.LifecycleBase.start(LifecycleBase.java:164)
		at org.apache.catalina.core.StandardServer.startInternal(StandardServer.java:870)
		at org.apache.catalina.util.LifecycleBase.start(LifecycleBase.java:164)
		at org.apache.catalina.startup.Catalina.start(Catalina.java:761)
		at java.base/jdk.internal.reflect.NativeMethodAccessorImpl.invoke0(Native Method)
		at java.base/jdk.internal.reflect.NativeMethodAccessorImpl.invoke(Unknown Source)
		at java.base/jdk.internal.reflect.DelegatingMethodAccessorImpl.invoke(Unknown Source)
		at java.base/java.lang.reflect.Method.invoke(Unknown Source)
		at org.apache.catalina.startup.Bootstrap.start(Bootstrap.java:345)
		at org.apache.catalina.startup.Bootstrap.main(Bootstrap.java:476)
	Caused by: org.apache.catalina.LifecycleException: Failed to start component [StandardEngine[Catalina].StandardHost[127.0.0.5].StandardContext[/docs]]
		at org.apache.catalina.util.LifecycleBase.handleSubClassException(LifecycleBase.java:406)
		at org.apache.catalina.util.LifecycleBase.start(LifecycleBase.java:179)
		at org.apache.catalina.core.ContainerBase.addChildInternal(ContainerBase.java:599)
		... 37 more
	Caused by: org.apache.tomee.catalina.TomEERuntimeException: org.apache.openejb.OpenEJBException: Creating application failed: /usr/local/tomee/webapps/docs: PolicyConfigurationFactory class not found: Jakarta Authorization:Error PolicyConfigurationFactory : cannot find class : null
		at org.apache.tomee.catalina.TomcatWebAppBuilder.startInternal(TomcatWebAppBuilder.java:1349)
		at org.apache.tomee.catalina.TomcatWebAppBuilder.configureStart(TomcatWebAppBuilder.java:1159)
		at org.apache.tomee.catalina.GlobalListenerSupport.lifecycleEvent(GlobalListenerSupport.java:134)
		at org.apache.catalina.util.LifecycleBase.fireLifecycleEvent(LifecycleBase.java:109)
		at org.apache.catalina.core.StandardContext.startInternal(StandardContext.java:4380)
		at org.apache.catalina.util.LifecycleBase.start(LifecycleBase.java:164)
		... 38 more
	Caused by: org.apache.openejb.OpenEJBException: Creating application failed: /usr/local/tomee/webapps/docs: PolicyConfigurationFactory class not found: Jakarta Authorization:Error PolicyConfigurationFactory : cannot find class : null
		at org.apache.openejb.assembler.classic.Assembler.createApplication(Assembler.java:1107)
		at org.apache.openejb.assembler.classic.Assembler.createApplication(Assembler.java:762)
		at org.apache.tomee.catalina.TomcatWebAppBuilder.startInternal(TomcatWebAppBuilder.java:1337)
		... 43 more
	Caused by: org.apache.openejb.OpenEJBException: PolicyConfigurationFactory class not found: Jakarta Authorization:Error PolicyConfigurationFactory : cannot find class : null
		at org.apache.openejb.assembler.classic.JaccPermissionsBuilder.install(JaccPermissionsBuilder.java:78)
		at org.apache.openejb.assembler.classic.Assembler.initEjbs(Assembler.java:1508)
		at org.apache.openejb.assembler.classic.Assembler.createApplication(Assembler.java:965)
		... 45 more
	Caused by: java.lang.ClassNotFoundException: Jakarta Authorization:Error PolicyConfigurationFactory : cannot find class : null
		at jakarta.security.jacc.PolicyConfigurationFactory.getPolicyConfigurationFactory(PolicyConfigurationFactory.java:143)
		at org.apache.openejb.assembler.classic.JaccPermissionsBuilder.install(JaccPermissionsBuilder.java:60)
		... 47 more
	Caused by: java.lang.ClassNotFoundException: Jakarta Authorization:Error PolicyConfigurationFactory : property not set : jakarta.security.jacc.PolicyConfigurationFactory.provider
		at jakarta.security.jacc.PolicyConfigurationFactory.getPolicyConfigurationFactory(PolicyConfigurationFactory.java:126)
		... 48 more
25-Oct-2025 11:06:15.935 INFO [main] jdk.internal.reflect.DelegatingMethodAccessorImpl.invoke Deployment of web application directory [/usr/local/tomee/webapps/docs] has finished in [95] ms
25-Oct-2025 11:06:15.998 INFO [main] jdk.internal.reflect.DelegatingMethodAccessorImpl.invoke Starting ProtocolHandler ["http-nio-127.0.0.5-8080"]
25-Oct-2025 11:06:16.019 INFO [main] jdk.internal.reflect.DelegatingMethodAccessorImpl.invoke Server startup in [1102] milliseconds
25-Oct-2025 11:08:14.377 INFO [Thread-20] jdk.internal.reflect.DelegatingMethodAccessorImpl.invoke Pausing ProtocolHandler ["http-nio-127.0.0.5-8080"]
25-Oct-2025 11:08:14.384 INFO [Thread-20] jdk.internal.reflect.DelegatingMethodAccessorImpl.invoke Stopping service [Catalina]
25-Oct-2025 11:08:14.389 INFO [Thread-20] jdk.internal.reflect.DelegatingMethodAccessorImpl.invoke Stopping ProtocolHandler ["http-nio-127.0.0.5-8080"]
25-Oct-2025 11:08:14.394 WARNING [Thread-20] org.apache.openejb.server.ejbd.EjbServer.logNotInitialized EjbServer was not initialized
25-Oct-2025 11:08:14.409 INFO [Thread-20] jdk.internal.reflect.DelegatingMethodAccessorImpl.invoke Destroying ProtocolHandler ["http-nio-127.0.0.5-8080"]
25-Oct-2025 11:08:17.252 INFO [main] org.apache.openejb.persistence.PersistenceBootstrap.getDefaultProvider Default JPA Provider changed to org.eclipse.persistence.jpa.PersistenceProvider specified by jar:file:/usr/local/tomee/lib/openejb-core-eclipselink-10.1.0.jar!/META-INF/org.apache.openejb.persistence.PersistenceBootstrap.provider
25-Oct-2025 11:08:17.610 INFO [main] jdk.internal.reflect.NativeMethodAccessorImpl.invoke Server version name:   Apache Tomcat (TomEE)/10.1.42 (10.1.0)
25-Oct-2025 11:08:17.610 INFO [main] jdk.internal.reflect.NativeMethodAccessorImpl.invoke Server built:          Jun 5 2025 22:35:46 UTC
25-Oct-2025 11:08:17.610 INFO [main] jdk.internal.reflect.NativeMethodAccessorImpl.invoke Server version number: 10.1.42.0
25-Oct-2025 11:08:17.610 INFO [main] jdk.internal.reflect.NativeMethodAccessorImpl.invoke OS Name:               Linux
25-Oct-2025 11:08:17.610 INFO [main] jdk.internal.reflect.NativeMethodAccessorImpl.invoke OS Version:            6.10.14-linuxkit
25-Oct-2025 11:08:17.610 INFO [main] jdk.internal.reflect.NativeMethodAccessorImpl.invoke Architecture:          amd64
25-Oct-2025 11:08:17.610 INFO [main] jdk.internal.reflect.NativeMethodAccessorImpl.invoke Java Home:             /opt/java/openjdk
25-Oct-2025 11:08:17.611 INFO [main] jdk.internal.reflect.NativeMethodAccessorImpl.invoke JVM Version:           17.0.16+8
25-Oct-2025 11:08:17.611 INFO [main] jdk.internal.reflect.NativeMethodAccessorImpl.invoke JVM Vendor:            Eclipse Adoptium
25-Oct-2025 11:08:17.611 INFO [main] jdk.internal.reflect.NativeMethodAccessorImpl.invoke CATALINA_BASE:         /usr/local/tomee
25-Oct-2025 11:08:17.611 INFO [main] jdk.internal.reflect.NativeMethodAccessorImpl.invoke CATALINA_HOME:         /usr/local/tomee
25-Oct-2025 11:08:17.612 INFO [main] jdk.internal.reflect.NativeMethodAccessorImpl.invoke Command line argument: -Djava.util.logging.config.file=/usr/local/tomee/conf/logging.properties
25-Oct-2025 11:08:17.612 INFO [main] jdk.internal.reflect.NativeMethodAccessorImpl.invoke Command line argument: -Djava.util.logging.manager=org.apache.juli.ClassLoaderLogManager
25-Oct-2025 11:08:17.612 INFO [main] jdk.internal.reflect.NativeMethodAccessorImpl.invoke Command line argument: -javaagent:/usr/local/tomee/lib/openejb-javaagent.jar
25-Oct-2025 11:08:17.613 INFO [main] jdk.internal.reflect.NativeMethodAccessorImpl.invoke Command line argument: -Djdk.tls.ephemeralDHKeySize=2048
25-Oct-2025 11:08:17.613 INFO [main] jdk.internal.reflect.NativeMethodAccessorImpl.invoke Command line argument: -Djava.protocol.handler.pkgs=org.apache.catalina.webresources
25-Oct-2025 11:08:17.614 INFO [main] jdk.internal.reflect.DelegatingMethodAccessorImpl.invoke Command line argument: -Dsun.io.useCanonCaches=false
25-Oct-2025 11:08:17.614 INFO [main] jdk.internal.reflect.DelegatingMethodAccessorImpl.invoke Command line argument: -Dorg.apache.catalina.security.SecurityListener.UMASK=0027
25-Oct-2025 11:08:17.614 INFO [main] jdk.internal.reflect.DelegatingMethodAccessorImpl.invoke Command line argument: --add-opens=java.base/java.lang=ALL-UNNAMED
25-Oct-2025 11:08:17.614 INFO [main] jdk.internal.reflect.DelegatingMethodAccessorImpl.invoke Command line argument: --add-opens=java.base/java.lang.reflect=ALL-UNNAMED
25-Oct-2025 11:08:17.614 INFO [main] jdk.internal.reflect.DelegatingMethodAccessorImpl.invoke Command line argument: --add-opens=java.base/java.io=ALL-UNNAMED
25-Oct-2025 11:08:17.614 INFO [main] jdk.internal.reflect.DelegatingMethodAccessorImpl.invoke Command line argument: --add-opens=java.base/java.util=ALL-UNNAMED
25-Oct-2025 11:08:17.615 INFO [main] jdk.internal.reflect.DelegatingMethodAccessorImpl.invoke Command line argument: --add-opens=java.base/java.util.concurrent=ALL-UNNAMED
25-Oct-2025 11:08:17.615 INFO [main] jdk.internal.reflect.DelegatingMethodAccessorImpl.invoke Command line argument: --add-opens=java.rmi/sun.rmi.transport=ALL-UNNAMED
25-Oct-2025 11:08:17.615 INFO [main] jdk.internal.reflect.DelegatingMethodAccessorImpl.invoke Command line argument: -Xmx512m
25-Oct-2025 11:08:17.615 INFO [main] jdk.internal.reflect.DelegatingMethodAccessorImpl.invoke Command line argument: -Dtomee.remote.support=true
25-Oct-2025 11:08:17.615 INFO [main] jdk.internal.reflect.DelegatingMethodAccessorImpl.invoke Command line argument: -Dopenejb.cdi.activated=true
25-Oct-2025 11:08:17.615 INFO [main] jdk.internal.reflect.DelegatingMethodAccessorImpl.invoke Command line argument: -Dtomee.serialization.class.blacklist=-
25-Oct-2025 11:08:17.615 INFO [main] jdk.internal.reflect.DelegatingMethodAccessorImpl.invoke Command line argument: -Dopenejb.system.apps=true
25-Oct-2025 11:08:17.615 INFO [main] jdk.internal.reflect.DelegatingMethodAccessorImpl.invoke Command line argument: -Dcatalina.base=/usr/local/tomee
25-Oct-2025 11:08:17.615 INFO [main] jdk.internal.reflect.DelegatingMethodAccessorImpl.invoke Command line argument: -Dcatalina.home=/usr/local/tomee
25-Oct-2025 11:08:17.616 INFO [main] jdk.internal.reflect.DelegatingMethodAccessorImpl.invoke Command line argument: -Djava.io.tmpdir=/usr/local/tomee/temp
25-Oct-2025 11:08:17.621 INFO [main] jdk.internal.reflect.DelegatingMethodAccessorImpl.invoke The Apache Tomcat Native library which allows using OpenSSL was not found on the java.library.path: [/opt/java/openjdk/lib/server:/opt/java/openjdk/lib:/opt/java/openjdk/../lib:/usr/java/packages/lib:/usr/lib64:/lib64:/lib:/usr/lib]
25-Oct-2025 11:08:17.992 INFO [main] jdk.internal.reflect.DelegatingMethodAccessorImpl.invoke Initializing ProtocolHandler ["http-nio-127.0.0.5-8080"]
25-Oct-2025 11:08:18.415 INFO [main] org.apache.openejb.util.OptionsLog.info Using 'tomee.remote.support=true'
25-Oct-2025 11:08:18.434 INFO [main] org.apache.openejb.util.OptionsLog.info Using 'openejb.jdbc.datasource-creator=org.apache.tomee.jdbc.TomEEDataSourceCreator'
25-Oct-2025 11:08:18.586 INFO [main] org.apache.openejb.OpenEJB$Instance.<init> ********************************************************************************
25-Oct-2025 11:08:18.587 INFO [main] org.apache.openejb.OpenEJB$Instance.<init> OpenEJB http://tomee.apache.org/
25-Oct-2025 11:08:18.587 INFO [main] org.apache.openejb.OpenEJB$Instance.<init> Startup: Sat Oct 25 11:08:18 GMT 2025
25-Oct-2025 11:08:18.588 INFO [main] org.apache.openejb.OpenEJB$Instance.<init> Copyright 1999-2025 (C) Apache TomEE Project, All Rights Reserved.
25-Oct-2025 11:08:18.588 INFO [main] org.apache.openejb.OpenEJB$Instance.<init> Version: 10.1.0
25-Oct-2025 11:08:18.588 INFO [main] org.apache.openejb.OpenEJB$Instance.<init> Build date: 20250610
25-Oct-2025 11:08:18.588 INFO [main] org.apache.openejb.OpenEJB$Instance.<init> Build time: 04:18
25-Oct-2025 11:08:18.588 INFO [main] org.apache.openejb.OpenEJB$Instance.<init> ********************************************************************************
25-Oct-2025 11:08:18.588 INFO [main] org.apache.openejb.OpenEJB$Instance.<init> openejb.home = /usr/local/tomee
25-Oct-2025 11:08:18.589 INFO [main] org.apache.openejb.OpenEJB$Instance.<init> openejb.base = /usr/local/tomee
25-Oct-2025 11:08:18.595 INFO [main] org.apache.openejb.cdi.CdiBuilder.initializeOWB Created new singletonService org.apache.openejb.cdi.ThreadSingletonServiceImpl@36a5cabc
25-Oct-2025 11:08:18.600 INFO [main] org.apache.openejb.cdi.CdiBuilder.initializeOWB Succeeded in installing singleton service
25-Oct-2025 11:08:18.660 INFO [main] org.apache.openejb.config.ConfigurationFactory.init TomEE configuration file is '/usr/local/tomee/conf/tomee.xml'
25-Oct-2025 11:08:18.716 INFO [main] org.apache.openejb.config.ConfigurationFactory.configureService Configuring Service(id=Tomcat Security Service, type=SecurityService, provider-id=Tomcat Security Service)
25-Oct-2025 11:08:18.720 INFO [main] org.apache.openejb.config.ConfigurationFactory.configureService Configuring Service(id=Default Transaction Manager, type=TransactionManager, provider-id=Default Transaction Manager)
25-Oct-2025 11:08:18.724 INFO [main] org.apache.openejb.util.OptionsLog.info Using 'openejb.system.apps=true'
25-Oct-2025 11:08:18.728 INFO [main] org.apache.openejb.config.ConfigurationFactory.configureService Configuring Service(id=Default Singleton Container, type=Container, provider-id=Default Singleton Container)
25-Oct-2025 11:08:18.772 INFO [main] org.apache.openejb.assembler.classic.Assembler.createRecipe Creating TransactionManager(id=Default Transaction Manager)
25-Oct-2025 11:08:18.864 INFO [main] org.apache.openejb.assembler.classic.Assembler.createRecipe Creating SecurityService(id=Tomcat Security Service)
25-Oct-2025 11:08:18.904 INFO [main] org.apache.openejb.assembler.classic.Assembler.createRecipe Creating Container(id=Default Singleton Container)
25-Oct-2025 11:08:18.945 INFO [main] org.apache.openejb.assembler.classic.Assembler.createApplication Assembling app: openejb
25-Oct-2025 11:08:19.091 INFO [main] org.apache.openejb.util.OptionsLog.info Using 'openejb.jndiname.format={deploymentId}{interfaceType.openejbLegacyName}'
25-Oct-2025 11:08:19.111 INFO [main] org.apache.openejb.assembler.classic.JndiBuilder.bind Jndi(name=openejb/DeployerBusinessRemote) --> Ejb(deployment-id=openejb/Deployer)
25-Oct-2025 11:08:19.112 INFO [main] org.apache.openejb.assembler.classic.JndiBuilder.bind Jndi(name=global/openejb/openejb/openejb/Deployer!org.apache.openejb.assembler.Deployer) --> Ejb(deployment-id=openejb/Deployer)
25-Oct-2025 11:08:19.115 INFO [main] org.apache.openejb.assembler.classic.JndiBuilder.bind Jndi(name=global/openejb/openejb/openejb/Deployer) --> Ejb(deployment-id=openejb/Deployer)
25-Oct-2025 11:08:19.117 INFO [main] org.apache.openejb.assembler.classic.JndiBuilder.bind Jndi(name=openejb/ConfigurationInfoBusinessRemote) --> Ejb(deployment-id=openejb/ConfigurationInfo)
25-Oct-2025 11:08:19.118 INFO [main] org.apache.openejb.assembler.classic.JndiBuilder.bind Jndi(name=global/openejb/openejb/openejb/Deployer!org.apache.openejb.assembler.classic.cmd.ConfigurationInfo) --> Ejb(deployment-id=openejb/ConfigurationInfo)
25-Oct-2025 11:08:19.145 INFO [main] org.apache.openejb.assembler.classic.Assembler.startEjbs Created Ejb(deployment-id=openejb/ConfigurationInfo, ejb-name=openejb/Deployer, container=Default Singleton Container)
25-Oct-2025 11:08:19.149 INFO [main] org.apache.openejb.assembler.classic.Assembler.startEjbs Created Ejb(deployment-id=openejb/Deployer, ejb-name=openejb/Deployer, container=Default Singleton Container)
25-Oct-2025 11:08:19.150 INFO [main] org.apache.openejb.assembler.classic.Assembler.startEjbs Started Ejb(deployment-id=openejb/ConfigurationInfo, ejb-name=openejb/Deployer, container=Default Singleton Container)
25-Oct-2025 11:08:19.150 INFO [main] org.apache.openejb.assembler.classic.Assembler.startEjbs Started Ejb(deployment-id=openejb/Deployer, ejb-name=openejb/Deployer, container=Default Singleton Container)
25-Oct-2025 11:08:19.160 INFO [main] org.apache.openejb.assembler.classic.Assembler.deployMBean Deployed MBean(openejb.user.mbeans:application=openejb,group=org.apache.openejb.assembler.monitoring,name=JMXDeployer)
25-Oct-2025 11:08:19.165 WARNING [main] org.apache.batchee.container.services.ServicesManager.init You didn't specify org.apache.batchee.jmx.application and JMX is already registered, skipping
25-Oct-2025 11:08:19.166 INFO [main] org.apache.openejb.assembler.classic.Assembler.createApplication Deployed Application(path=openejb)
25-Oct-2025 11:08:19.225 INFO [main] org.apache.openejb.server.ServiceManager.initServer Creating ServerService(id=cxf)
25-Oct-2025 11:08:19.508 INFO [main] org.apache.openejb.server.ServiceManager.initServer Creating ServerService(id=cxf-rs)
25-Oct-2025 11:08:19.602 INFO [main] org.apache.openejb.server.SimpleServiceManager.start   ** Bound Services **
25-Oct-2025 11:08:19.603 INFO [main] org.apache.openejb.server.SimpleServiceManager.printRow   NAME                 IP              PORT  
25-Oct-2025 11:08:19.603 INFO [main] org.apache.openejb.server.SimpleServiceManager.start -------
25-Oct-2025 11:08:19.603 INFO [main] org.apache.openejb.server.SimpleServiceManager.start Ready!
25-Oct-2025 11:08:19.604 INFO [main] jdk.internal.reflect.DelegatingMethodAccessorImpl.invoke Server initialization in [2298] milliseconds
25-Oct-2025 11:08:19.658 INFO [main] org.apache.tomee.catalina.OpenEJBNamingContextListener.bindResource Importing a Tomcat Resource with id 'UserDatabase' of type 'org.apache.catalina.UserDatabase'.
25-Oct-2025 11:08:19.668 INFO [main] org.apache.openejb.assembler.classic.Assembler.createRecipe Creating Resource(id=UserDatabase)
25-Oct-2025 11:08:19.718 INFO [main] jdk.internal.reflect.DelegatingMethodAccessorImpl.invoke Starting service [Catalina]
25-Oct-2025 11:08:19.718 INFO [main] jdk.internal.reflect.DelegatingMethodAccessorImpl.invoke Starting Servlet engine: [Apache Tomcat (TomEE)/10.1.42 (10.1.0)]
25-Oct-2025 11:08:19.751 INFO [main] jdk.internal.reflect.DelegatingMethodAccessorImpl.invoke Deploying web application archive [/usr/local/tomee/webapps/ROOT.war]
25-Oct-2025 11:08:19.761 INFO [main] org.apache.tomee.catalina.TomcatWebAppBuilder.init ------------------------- 127.0.0.5 -> /
25-Oct-2025 11:08:20.082 INFO [main] org.apache.openejb.util.OptionsLog.info Using 'tomee.mp.cdi.extensions=io.smallrye.config.inject.ConfigExtension,io.smallrye.faulttolerance.FaultToleranceExtension,io.smallrye.metrics.legacyapi.LegacyMetricsExtension,io.smallrye.opentelemetry.implementation.cdi.OpenTelemetryExtension,org.apache.cxf.microprofile.client.cdi.RestClientExtension,org.apache.tomee.microprofile.faulttolerance.MPFaultToleranceCDIExtension,org.apache.tomee.microprofile.health.MPHealthCDIExtension,org.apache.tomee.microprofile.jwt.cdi.MPJWTCDIExtension,org.apache.tomee.microprofile.opentelemetry.MPOpenTelemetryCDIExtension'
25-Oct-2025 11:08:20.229 INFO [main] org.apache.openejb.config.ConfigurationFactory.configureApplication Configuring enterprise application: /usr/local/tomee/webapps/ROOT
25-Oct-2025 11:08:20.390 INFO [main] org.apache.openejb.config.InitEjbDeployments.deploy Auto-deploying ejb ChangeRemoteServiceImpl: EjbDeployment(deployment-id=ChangeRemoteServiceImpl)
25-Oct-2025 11:08:20.390 INFO [main] org.apache.openejb.config.InitEjbDeployments.deploy Auto-deploying ejb ChangeServiceImpl: EjbDeployment(deployment-id=ChangeServiceImpl)
25-Oct-2025 11:08:20.397 INFO [main] org.apache.openejb.config.ConfigurationFactory.configureService Configuring Service(id=Default Stateless Container, type=Container, provider-id=Default Stateless Container)
25-Oct-2025 11:08:20.398 INFO [main] org.apache.openejb.config.AutoConfig.createContainer Auto-creating a container for bean ChangeRemoteServiceImpl: Container(type=STATELESS, id=Default Stateless Container)
25-Oct-2025 11:08:20.399 INFO [main] org.apache.openejb.assembler.classic.Assembler.createRecipe Creating Container(id=Default Stateless Container)
25-Oct-2025 11:08:20.415 INFO [main] org.apache.openejb.config.ConfigurationFactory.configureService Configuring Service(id=Default Managed Container, type=Container, provider-id=Default Managed Container)
25-Oct-2025 11:08:20.416 INFO [main] org.apache.openejb.config.AutoConfig.createContainer Auto-creating a container for bean .Comp2130606983: Container(type=MANAGED, id=Default Managed Container)
25-Oct-2025 11:08:20.417 INFO [main] org.apache.openejb.assembler.classic.Assembler.createRecipe Creating Container(id=Default Managed Container)
25-Oct-2025 11:08:20.430 INFO [main] org.apache.openejb.core.managed.SimplePassivater.init Using directory /usr/local/tomee/temp for stateful session passivation
25-Oct-2025 11:08:20.464 INFO [main] org.apache.openejb.config.AppInfoBuilder.build Enterprise application "/usr/local/tomee/webapps/ROOT" loaded.
25-Oct-2025 11:08:20.465 INFO [main] org.apache.openejb.assembler.classic.Assembler.createApplication Assembling app: /usr/local/tomee/webapps/ROOT
25-Oct-2025 11:08:20.512 INFO [main] org.apache.openejb.assembler.classic.JndiBuilder.bind Jndi(name=ChangeRemoteServiceImplRemote) --> Ejb(deployment-id=ChangeRemoteServiceImpl)
25-Oct-2025 11:08:20.513 INFO [main] org.apache.openejb.assembler.classic.JndiBuilder.bind Jndi(name=global//ChangeRemoteServiceImpl!mg.razherana.banking.change.services.changeServices.ChangeRemoteService) --> Ejb(deployment-id=ChangeRemoteServiceImpl)
25-Oct-2025 11:08:20.513 INFO [main] org.apache.openejb.assembler.classic.JndiBuilder.bind Jndi(name=global/ChangeRemoteServiceImpl!mg.razherana.banking.change.services.changeServices.ChangeRemoteService) --> Ejb(deployment-id=ChangeRemoteServiceImpl)
25-Oct-2025 11:08:20.513 INFO [main] org.apache.openejb.assembler.classic.JndiBuilder.bind Jndi(name=global/ChangeRemoteServiceImpl) --> Ejb(deployment-id=ChangeRemoteServiceImpl)
25-Oct-2025 11:08:20.517 INFO [main] org.apache.openejb.assembler.classic.JndiBuilder.bind Jndi(name=ChangeServiceImplLocal) --> Ejb(deployment-id=ChangeServiceImpl)
25-Oct-2025 11:08:20.517 INFO [main] org.apache.openejb.assembler.classic.JndiBuilder.bind Jndi(name=global/ChangeServiceImpl!mg.razherana.banking.change.services.changeServices.ChangeService) --> Ejb(deployment-id=ChangeServiceImpl)
25-Oct-2025 11:08:20.517 INFO [main] org.apache.openejb.assembler.classic.JndiBuilder.bind Jndi(name=global/ChangeServiceImpl) --> Ejb(deployment-id=ChangeServiceImpl)
25-Oct-2025 11:08:20.565 INFO [main] org.apache.openejb.cdi.CdiBuilder.initSingleton Existing thread singleton service in SystemInstance(): org.apache.openejb.cdi.ThreadSingletonServiceImpl@36a5cabc
25-Oct-2025 11:08:20.740 INFO [main] org.apache.openejb.cdi.OpenEJBLifecycle.startApplication OpenWebBeans Container is starting...
25-Oct-2025 11:08:20.754 INFO [main] org.apache.webbeans.plugins.PluginLoader.startUp Adding OpenWebBeansPlugin : [CdiPlugin]
25-Oct-2025 11:08:20.760 INFO [main] org.apache.openejb.cdi.CdiScanner.handleBda Using annotated mode for file:/usr/local/tomee/webapps/ROOT/WEB-INF/classes/ looking all classes to find CDI beans, maybe think to add a beans.xml if not there or add the jar to exclusions.list
25-Oct-2025 11:08:21.027 INFO [main] org.apache.openejb.util.OptionsLog.info Using 'tomee.mp.cdi.extensions=io.smallrye.config.inject.ConfigExtension,io.smallrye.faulttolerance.FaultToleranceExtension,io.smallrye.metrics.legacyapi.LegacyMetricsExtension,io.smallrye.opentelemetry.implementation.cdi.OpenTelemetryExtension,org.apache.cxf.microprofile.client.cdi.RestClientExtension,org.apache.tomee.microprofile.faulttolerance.MPFaultToleranceCDIExtension,org.apache.tomee.microprofile.health.MPHealthCDIExtension,org.apache.tomee.microprofile.jwt.cdi.MPJWTCDIExtension,org.apache.tomee.microprofile.opentelemetry.MPOpenTelemetryCDIExtension'
25-Oct-2025 11:08:21.027 INFO [main] org.apache.openejb.util.OptionsLog.info Using 'tomee.mp.cdi.extensions=io.smallrye.config.inject.ConfigExtension,io.smallrye.faulttolerance.FaultToleranceExtension,io.smallrye.metrics.legacyapi.LegacyMetricsExtension,io.smallrye.opentelemetry.implementation.cdi.OpenTelemetryExtension,org.apache.cxf.microprofile.client.cdi.RestClientExtension,org.apache.tomee.microprofile.faulttolerance.MPFaultToleranceCDIExtension,org.apache.tomee.microprofile.health.MPHealthCDIExtension,org.apache.tomee.microprofile.jwt.cdi.MPJWTCDIExtension,org.apache.tomee.microprofile.opentelemetry.MPOpenTelemetryCDIExtension'
25-Oct-2025 11:08:21.028 INFO [main] org.apache.openejb.util.OptionsLog.info Using 'tomee.mp.cdi.extensions=io.smallrye.config.inject.ConfigExtension,io.smallrye.faulttolerance.FaultToleranceExtension,io.smallrye.metrics.legacyapi.LegacyMetricsExtension,io.smallrye.opentelemetry.implementation.cdi.OpenTelemetryExtension,org.apache.cxf.microprofile.client.cdi.RestClientExtension,org.apache.tomee.microprofile.faulttolerance.MPFaultToleranceCDIExtension,org.apache.tomee.microprofile.health.MPHealthCDIExtension,org.apache.tomee.microprofile.jwt.cdi.MPJWTCDIExtension,org.apache.tomee.microprofile.opentelemetry.MPOpenTelemetryCDIExtension'
25-Oct-2025 11:08:21.028 INFO [main] org.apache.openejb.util.OptionsLog.info Using 'tomee.mp.cdi.extensions=io.smallrye.config.inject.ConfigExtension,io.smallrye.faulttolerance.FaultToleranceExtension,io.smallrye.metrics.legacyapi.LegacyMetricsExtension,io.smallrye.opentelemetry.implementation.cdi.OpenTelemetryExtension,org.apache.cxf.microprofile.client.cdi.RestClientExtension,org.apache.tomee.microprofile.faulttolerance.MPFaultToleranceCDIExtension,org.apache.tomee.microprofile.health.MPHealthCDIExtension,org.apache.tomee.microprofile.jwt.cdi.MPJWTCDIExtension,org.apache.tomee.microprofile.opentelemetry.MPOpenTelemetryCDIExtension'
25-Oct-2025 11:08:21.028 INFO [main] org.apache.openejb.util.OptionsLog.info Using 'tomee.mp.cdi.extensions=io.smallrye.config.inject.ConfigExtension,io.smallrye.faulttolerance.FaultToleranceExtension,io.smallrye.metrics.legacyapi.LegacyMetricsExtension,io.smallrye.opentelemetry.implementation.cdi.OpenTelemetryExtension,org.apache.cxf.microprofile.client.cdi.RestClientExtension,org.apache.tomee.microprofile.faulttolerance.MPFaultToleranceCDIExtension,org.apache.tomee.microprofile.health.MPHealthCDIExtension,org.apache.tomee.microprofile.jwt.cdi.MPJWTCDIExtension,org.apache.tomee.microprofile.opentelemetry.MPOpenTelemetryCDIExtension'
25-Oct-2025 11:08:21.028 INFO [main] org.apache.openejb.util.OptionsLog.info Using 'tomee.mp.cdi.extensions=io.smallrye.config.inject.ConfigExtension,io.smallrye.faulttolerance.FaultToleranceExtension,io.smallrye.metrics.legacyapi.LegacyMetricsExtension,io.smallrye.opentelemetry.implementation.cdi.OpenTelemetryExtension,org.apache.cxf.microprofile.client.cdi.RestClientExtension,org.apache.tomee.microprofile.faulttolerance.MPFaultToleranceCDIExtension,org.apache.tomee.microprofile.health.MPHealthCDIExtension,org.apache.tomee.microprofile.jwt.cdi.MPJWTCDIExtension,org.apache.tomee.microprofile.opentelemetry.MPOpenTelemetryCDIExtension'
25-Oct-2025 11:08:21.029 INFO [main] org.apache.openejb.util.OptionsLog.info Using 'tomee.mp.cdi.extensions=io.smallrye.config.inject.ConfigExtension,io.smallrye.faulttolerance.FaultToleranceExtension,io.smallrye.metrics.legacyapi.LegacyMetricsExtension,io.smallrye.opentelemetry.implementation.cdi.OpenTelemetryExtension,org.apache.cxf.microprofile.client.cdi.RestClientExtension,org.apache.tomee.microprofile.faulttolerance.MPFaultToleranceCDIExtension,org.apache.tomee.microprofile.health.MPHealthCDIExtension,org.apache.tomee.microprofile.jwt.cdi.MPJWTCDIExtension,org.apache.tomee.microprofile.opentelemetry.MPOpenTelemetryCDIExtension'
25-Oct-2025 11:08:21.029 INFO [main] org.apache.openejb.util.OptionsLog.info Using 'tomee.mp.cdi.extensions=io.smallrye.config.inject.ConfigExtension,io.smallrye.faulttolerance.FaultToleranceExtension,io.smallrye.metrics.legacyapi.LegacyMetricsExtension,io.smallrye.opentelemetry.implementation.cdi.OpenTelemetryExtension,org.apache.cxf.microprofile.client.cdi.RestClientExtension,org.apache.tomee.microprofile.faulttolerance.MPFaultToleranceCDIExtension,org.apache.tomee.microprofile.health.MPHealthCDIExtension,org.apache.tomee.microprofile.jwt.cdi.MPJWTCDIExtension,org.apache.tomee.microprofile.opentelemetry.MPOpenTelemetryCDIExtension'
25-Oct-2025 11:08:21.029 INFO [main] org.apache.openejb.util.OptionsLog.info Using 'tomee.mp.cdi.extensions=io.smallrye.config.inject.ConfigExtension,io.smallrye.faulttolerance.FaultToleranceExtension,io.smallrye.metrics.legacyapi.LegacyMetricsExtension,io.smallrye.opentelemetry.implementation.cdi.OpenTelemetryExtension,org.apache.cxf.microprofile.client.cdi.RestClientExtension,org.apache.tomee.microprofile.faulttolerance.MPFaultToleranceCDIExtension,org.apache.tomee.microprofile.health.MPHealthCDIExtension,org.apache.tomee.microprofile.jwt.cdi.MPJWTCDIExtension,org.apache.tomee.microprofile.opentelemetry.MPOpenTelemetryCDIExtension'
25-Oct-2025 11:08:21.029 INFO [main] org.apache.openejb.util.OptionsLog.info Using 'tomee.mp.cdi.extensions=io.smallrye.config.inject.ConfigExtension,io.smallrye.faulttolerance.FaultToleranceExtension,io.smallrye.metrics.legacyapi.LegacyMetricsExtension,io.smallrye.opentelemetry.implementation.cdi.OpenTelemetryExtension,org.apache.cxf.microprofile.client.cdi.RestClientExtension,org.apache.tomee.microprofile.faulttolerance.MPFaultToleranceCDIExtension,org.apache.tomee.microprofile.health.MPHealthCDIExtension,org.apache.tomee.microprofile.jwt.cdi.MPJWTCDIExtension,org.apache.tomee.microprofile.opentelemetry.MPOpenTelemetryCDIExtension'
25-Oct-2025 11:08:21.563 INFO [main] org.apache.webbeans.config.BeansDeployer.validateInjectionPoints All injection points were validated successfully.
25-Oct-2025 11:08:21.574 INFO [main] org.apache.openejb.cdi.OpenEJBLifecycle.startApplication OpenWebBeans Container has started, it took 834 ms.
25-Oct-2025 11:08:21.581 INFO [main] org.apache.openejb.assembler.classic.ValidatorBuilder.getConfig Ignoring XML Configuration for validator org.apache.bval.jsr.ConfigurationImpl
25-Oct-2025 11:08:21.625 INFO [main] org.apache.openejb.assembler.classic.Assembler.startEjbs Created Ejb(deployment-id=ChangeRemoteServiceImpl, ejb-name=ChangeRemoteServiceImpl, container=Default Stateless Container)
25-Oct-2025 11:08:21.630 INFO [main] org.apache.openejb.assembler.classic.Assembler.startEjbs Created Ejb(deployment-id=ChangeServiceImpl, ejb-name=ChangeServiceImpl, container=Default Stateless Container)
25-Oct-2025 11:08:21.652 INFO [main] org.apache.openejb.assembler.classic.Assembler.startEjbs Started Ejb(deployment-id=ChangeRemoteServiceImpl, ejb-name=ChangeRemoteServiceImpl, container=Default Stateless Container)
25-Oct-2025 11:08:21.659 INFO [main] org.apache.openejb.assembler.classic.Assembler.startEjbs Started Ejb(deployment-id=ChangeServiceImpl, ejb-name=ChangeServiceImpl, container=Default Stateless Container)
25-Oct-2025 11:08:21.662 WARNING [main] org.apache.batchee.container.services.ServicesManager.init You didn't specify org.apache.batchee.jmx.application and JMX is already registered, skipping
25-Oct-2025 11:08:21.662 INFO [main] org.apache.openejb.assembler.classic.Assembler.createApplication Deployed Application(path=/usr/local/tomee/webapps/ROOT)
25-Oct-2025 11:08:21.964 INFO [main] org.apache.jasper.servlet.TldScanner.scanJars At least one JAR was scanned for TLDs yet contained no TLDs. Enable debug logging for this logger for a complete list of JARs that were scanned but no TLDs were found in them. Skipping unneeded JARs during scanning can improve startup time and JSP compilation time.
25-Oct-2025 11:08:22.158 INFO [main] jdk.internal.reflect.DelegatingMethodAccessorImpl.invoke Deployment of web application archive [/usr/local/tomee/webapps/ROOT.war] has finished in [2,406] ms
25-Oct-2025 11:08:22.184 INFO [main] jdk.internal.reflect.DelegatingMethodAccessorImpl.invoke Starting ProtocolHandler ["http-nio-127.0.0.5-8080"]
25-Oct-2025 11:08:22.200 INFO [main] jdk.internal.reflect.DelegatingMethodAccessorImpl.invoke Server startup in [2596] milliseconds
25-Oct-2025 11:09:05.236 INFO [Thread-22] jdk.internal.reflect.DelegatingMethodAccessorImpl.invoke Pausing ProtocolHandler ["http-nio-127.0.0.5-8080"]
25-Oct-2025 11:09:05.254 INFO [Thread-22] jdk.internal.reflect.DelegatingMethodAccessorImpl.invoke Stopping service [Catalina]
25-Oct-2025 11:09:05.267 INFO [Thread-22] org.apache.openejb.assembler.classic.Assembler.destroyApplication Undeploying app: /usr/local/tomee/webapps/ROOT
25-Oct-2025 11:09:05.344 INFO [Thread-22] jdk.internal.reflect.DelegatingMethodAccessorImpl.invoke Stopping ProtocolHandler ["http-nio-127.0.0.5-8080"]
25-Oct-2025 11:09:05.352 INFO [Thread-22] org.apache.openejb.server.SimpleServiceManager.stop Stopping server services
25-Oct-2025 11:09:05.361 INFO [Thread-22] org.apache.openejb.assembler.classic.Assembler.destroyApplication Undeploying app: openejb
25-Oct-2025 11:09:05.366 SEVERE [Thread-22] org.apache.openejb.core.singleton.SingletonInstanceManager.undeploy Unable to unregister MBean openejb.management:J2EEServer=openejb,J2EEApplication=<empty>,EJBModule=openejb,SingletonSessionBean=openejb/Deployer,name=openejb/Deployer,j2eeType=Invocations
25-Oct-2025 11:09:05.384 INFO [Thread-22] jdk.internal.reflect.DelegatingMethodAccessorImpl.invoke Destroying ProtocolHandler ["http-nio-127.0.0.5-8080"]
25-Oct-2025 11:09:08.724 INFO [main] org.apache.openejb.persistence.PersistenceBootstrap.getDefaultProvider Default JPA Provider changed to org.eclipse.persistence.jpa.PersistenceProvider specified by jar:file:/usr/local/tomee/lib/openejb-core-eclipselink-10.1.0.jar!/META-INF/org.apache.openejb.persistence.PersistenceBootstrap.provider
25-Oct-2025 11:09:09.104 INFO [main] jdk.internal.reflect.NativeMethodAccessorImpl.invoke Server version name:   Apache Tomcat (TomEE)/10.1.42 (10.1.0)
25-Oct-2025 11:09:09.104 INFO [main] jdk.internal.reflect.NativeMethodAccessorImpl.invoke Server built:          Jun 5 2025 22:35:46 UTC
25-Oct-2025 11:09:09.104 INFO [main] jdk.internal.reflect.NativeMethodAccessorImpl.invoke Server version number: 10.1.42.0
25-Oct-2025 11:09:09.105 INFO [main] jdk.internal.reflect.NativeMethodAccessorImpl.invoke OS Name:               Linux
25-Oct-2025 11:09:09.105 INFO [main] jdk.internal.reflect.NativeMethodAccessorImpl.invoke OS Version:            6.10.14-linuxkit
25-Oct-2025 11:09:09.105 INFO [main] jdk.internal.reflect.NativeMethodAccessorImpl.invoke Architecture:          amd64
25-Oct-2025 11:09:09.105 INFO [main] jdk.internal.reflect.NativeMethodAccessorImpl.invoke Java Home:             /opt/java/openjdk
25-Oct-2025 11:09:09.105 INFO [main] jdk.internal.reflect.NativeMethodAccessorImpl.invoke JVM Version:           17.0.16+8
25-Oct-2025 11:09:09.105 INFO [main] jdk.internal.reflect.NativeMethodAccessorImpl.invoke JVM Vendor:            Eclipse Adoptium
25-Oct-2025 11:09:09.105 INFO [main] jdk.internal.reflect.NativeMethodAccessorImpl.invoke CATALINA_BASE:         /usr/local/tomee
25-Oct-2025 11:09:09.105 INFO [main] jdk.internal.reflect.NativeMethodAccessorImpl.invoke CATALINA_HOME:         /usr/local/tomee
25-Oct-2025 11:09:09.107 INFO [main] jdk.internal.reflect.NativeMethodAccessorImpl.invoke Command line argument: -Djava.util.logging.config.file=/usr/local/tomee/conf/logging.properties
25-Oct-2025 11:09:09.107 INFO [main] jdk.internal.reflect.NativeMethodAccessorImpl.invoke Command line argument: -Djava.util.logging.manager=org.apache.juli.ClassLoaderLogManager
25-Oct-2025 11:09:09.107 INFO [main] jdk.internal.reflect.NativeMethodAccessorImpl.invoke Command line argument: -javaagent:/usr/local/tomee/lib/openejb-javaagent.jar
25-Oct-2025 11:09:09.107 INFO [main] jdk.internal.reflect.NativeMethodAccessorImpl.invoke Command line argument: -Djdk.tls.ephemeralDHKeySize=2048
25-Oct-2025 11:09:09.108 INFO [main] jdk.internal.reflect.NativeMethodAccessorImpl.invoke Command line argument: -Djava.protocol.handler.pkgs=org.apache.catalina.webresources
25-Oct-2025 11:09:09.109 INFO [main] jdk.internal.reflect.DelegatingMethodAccessorImpl.invoke Command line argument: -Dsun.io.useCanonCaches=false
25-Oct-2025 11:09:09.109 INFO [main] jdk.internal.reflect.DelegatingMethodAccessorImpl.invoke Command line argument: -Dorg.apache.catalina.security.SecurityListener.UMASK=0027
25-Oct-2025 11:09:09.109 INFO [main] jdk.internal.reflect.DelegatingMethodAccessorImpl.invoke Command line argument: --add-opens=java.base/java.lang=ALL-UNNAMED
25-Oct-2025 11:09:09.109 INFO [main] jdk.internal.reflect.DelegatingMethodAccessorImpl.invoke Command line argument: --add-opens=java.base/java.lang.reflect=ALL-UNNAMED
25-Oct-2025 11:09:09.109 INFO [main] jdk.internal.reflect.DelegatingMethodAccessorImpl.invoke Command line argument: --add-opens=java.base/java.io=ALL-UNNAMED
25-Oct-2025 11:09:09.109 INFO [main] jdk.internal.reflect.DelegatingMethodAccessorImpl.invoke Command line argument: --add-opens=java.base/java.util=ALL-UNNAMED
25-Oct-2025 11:09:09.110 INFO [main] jdk.internal.reflect.DelegatingMethodAccessorImpl.invoke Command line argument: --add-opens=java.base/java.util.concurrent=ALL-UNNAMED
25-Oct-2025 11:09:09.110 INFO [main] jdk.internal.reflect.DelegatingMethodAccessorImpl.invoke Command line argument: --add-opens=java.rmi/sun.rmi.transport=ALL-UNNAMED
25-Oct-2025 11:09:09.110 INFO [main] jdk.internal.reflect.DelegatingMethodAccessorImpl.invoke Command line argument: -Xmx512m
25-Oct-2025 11:09:09.110 INFO [main] jdk.internal.reflect.DelegatingMethodAccessorImpl.invoke Command line argument: -Dtomee.remote.support=true
25-Oct-2025 11:09:09.110 INFO [main] jdk.internal.reflect.DelegatingMethodAccessorImpl.invoke Command line argument: -Dopenejb.cdi.activated=true
25-Oct-2025 11:09:09.110 INFO [main] jdk.internal.reflect.DelegatingMethodAccessorImpl.invoke Command line argument: -Dtomee.serialization.class.blacklist=-
25-Oct-2025 11:09:09.110 INFO [main] jdk.internal.reflect.DelegatingMethodAccessorImpl.invoke Command line argument: -Dopenejb.system.apps=true
25-Oct-2025 11:09:09.110 INFO [main] jdk.internal.reflect.DelegatingMethodAccessorImpl.invoke Command line argument: -Dcatalina.base=/usr/local/tomee
25-Oct-2025 11:09:09.111 INFO [main] jdk.internal.reflect.DelegatingMethodAccessorImpl.invoke Command line argument: -Dcatalina.home=/usr/local/tomee
25-Oct-2025 11:09:09.111 INFO [main] jdk.internal.reflect.DelegatingMethodAccessorImpl.invoke Command line argument: -Djava.io.tmpdir=/usr/local/tomee/temp
25-Oct-2025 11:09:09.120 INFO [main] jdk.internal.reflect.DelegatingMethodAccessorImpl.invoke The Apache Tomcat Native library which allows using OpenSSL was not found on the java.library.path: [/opt/java/openjdk/lib/server:/opt/java/openjdk/lib:/opt/java/openjdk/../lib:/usr/java/packages/lib:/usr/lib64:/lib64:/lib:/usr/lib]
25-Oct-2025 11:09:09.534 INFO [main] jdk.internal.reflect.DelegatingMethodAccessorImpl.invoke Initializing ProtocolHandler ["http-nio-127.0.0.5-8080"]
25-Oct-2025 11:09:09.940 INFO [main] org.apache.openejb.util.OptionsLog.info Using 'tomee.remote.support=true'
25-Oct-2025 11:09:09.956 INFO [main] org.apache.openejb.util.OptionsLog.info Using 'openejb.jdbc.datasource-creator=org.apache.tomee.jdbc.TomEEDataSourceCreator'
25-Oct-2025 11:09:10.116 INFO [main] org.apache.openejb.OpenEJB$Instance.<init> ********************************************************************************
25-Oct-2025 11:09:10.118 INFO [main] org.apache.openejb.OpenEJB$Instance.<init> OpenEJB http://tomee.apache.org/
25-Oct-2025 11:09:10.118 INFO [main] org.apache.openejb.OpenEJB$Instance.<init> Startup: Sat Oct 25 11:09:10 GMT 2025
25-Oct-2025 11:09:10.118 INFO [main] org.apache.openejb.OpenEJB$Instance.<init> Copyright 1999-2025 (C) Apache TomEE Project, All Rights Reserved.
25-Oct-2025 11:09:10.118 INFO [main] org.apache.openejb.OpenEJB$Instance.<init> Version: 10.1.0
25-Oct-2025 11:09:10.118 INFO [main] org.apache.openejb.OpenEJB$Instance.<init> Build date: 20250610
25-Oct-2025 11:09:10.118 INFO [main] org.apache.openejb.OpenEJB$Instance.<init> Build time: 04:18
25-Oct-2025 11:09:10.118 INFO [main] org.apache.openejb.OpenEJB$Instance.<init> ********************************************************************************
25-Oct-2025 11:09:10.119 INFO [main] org.apache.openejb.OpenEJB$Instance.<init> openejb.home = /usr/local/tomee
25-Oct-2025 11:09:10.119 INFO [main] org.apache.openejb.OpenEJB$Instance.<init> openejb.base = /usr/local/tomee
25-Oct-2025 11:09:10.127 INFO [main] org.apache.openejb.cdi.CdiBuilder.initializeOWB Created new singletonService org.apache.openejb.cdi.ThreadSingletonServiceImpl@7daa0fbd
25-Oct-2025 11:09:10.133 INFO [main] org.apache.openejb.cdi.CdiBuilder.initializeOWB Succeeded in installing singleton service
25-Oct-2025 11:09:10.213 INFO [main] org.apache.openejb.config.ConfigurationFactory.init TomEE configuration file is '/usr/local/tomee/conf/tomee.xml'
25-Oct-2025 11:09:10.278 INFO [main] org.apache.openejb.config.ConfigurationFactory.configureService Configuring Service(id=Tomcat Security Service, type=SecurityService, provider-id=Tomcat Security Service)
25-Oct-2025 11:09:10.281 INFO [main] org.apache.openejb.config.ConfigurationFactory.configureService Configuring Service(id=Default Transaction Manager, type=TransactionManager, provider-id=Default Transaction Manager)
25-Oct-2025 11:09:10.287 INFO [main] org.apache.openejb.util.OptionsLog.info Using 'openejb.system.apps=true'
25-Oct-2025 11:09:10.294 INFO [main] org.apache.openejb.config.ConfigurationFactory.configureService Configuring Service(id=Default Singleton Container, type=Container, provider-id=Default Singleton Container)
25-Oct-2025 11:09:10.356 INFO [main] org.apache.openejb.assembler.classic.Assembler.createRecipe Creating TransactionManager(id=Default Transaction Manager)
25-Oct-2025 11:09:10.449 INFO [main] org.apache.openejb.assembler.classic.Assembler.createRecipe Creating SecurityService(id=Tomcat Security Service)
25-Oct-2025 11:09:10.488 INFO [main] org.apache.openejb.assembler.classic.Assembler.createRecipe Creating Container(id=Default Singleton Container)
25-Oct-2025 11:09:10.520 INFO [main] org.apache.openejb.assembler.classic.Assembler.createApplication Assembling app: openejb
25-Oct-2025 11:09:10.667 INFO [main] org.apache.openejb.util.OptionsLog.info Using 'openejb.jndiname.format={deploymentId}{interfaceType.openejbLegacyName}'
25-Oct-2025 11:09:10.685 INFO [main] org.apache.openejb.assembler.classic.JndiBuilder.bind Jndi(name=openejb/DeployerBusinessRemote) --> Ejb(deployment-id=openejb/Deployer)
25-Oct-2025 11:09:10.687 INFO [main] org.apache.openejb.assembler.classic.JndiBuilder.bind Jndi(name=global/openejb/openejb/openejb/Deployer!org.apache.openejb.assembler.Deployer) --> Ejb(deployment-id=openejb/Deployer)
25-Oct-2025 11:09:10.689 INFO [main] org.apache.openejb.assembler.classic.JndiBuilder.bind Jndi(name=global/openejb/openejb/openejb/Deployer) --> Ejb(deployment-id=openejb/Deployer)
25-Oct-2025 11:09:10.691 INFO [main] org.apache.openejb.assembler.classic.JndiBuilder.bind Jndi(name=openejb/ConfigurationInfoBusinessRemote) --> Ejb(deployment-id=openejb/ConfigurationInfo)
25-Oct-2025 11:09:10.692 INFO [main] org.apache.openejb.assembler.classic.JndiBuilder.bind Jndi(name=global/openejb/openejb/openejb/Deployer!org.apache.openejb.assembler.classic.cmd.ConfigurationInfo) --> Ejb(deployment-id=openejb/ConfigurationInfo)
25-Oct-2025 11:09:10.711 INFO [main] org.apache.openejb.assembler.classic.Assembler.startEjbs Created Ejb(deployment-id=openejb/ConfigurationInfo, ejb-name=openejb/Deployer, container=Default Singleton Container)
25-Oct-2025 11:09:10.716 INFO [main] org.apache.openejb.assembler.classic.Assembler.startEjbs Created Ejb(deployment-id=openejb/Deployer, ejb-name=openejb/Deployer, container=Default Singleton Container)
25-Oct-2025 11:09:10.716 INFO [main] org.apache.openejb.assembler.classic.Assembler.startEjbs Started Ejb(deployment-id=openejb/ConfigurationInfo, ejb-name=openejb/Deployer, container=Default Singleton Container)
25-Oct-2025 11:09:10.716 INFO [main] org.apache.openejb.assembler.classic.Assembler.startEjbs Started Ejb(deployment-id=openejb/Deployer, ejb-name=openejb/Deployer, container=Default Singleton Container)
25-Oct-2025 11:09:10.729 INFO [main] org.apache.openejb.assembler.classic.Assembler.deployMBean Deployed MBean(openejb.user.mbeans:application=openejb,group=org.apache.openejb.assembler.monitoring,name=JMXDeployer)
25-Oct-2025 11:09:10.735 WARNING [main] org.apache.batchee.container.services.ServicesManager.init You didn't specify org.apache.batchee.jmx.application and JMX is already registered, skipping
25-Oct-2025 11:09:10.736 INFO [main] org.apache.openejb.assembler.classic.Assembler.createApplication Deployed Application(path=openejb)
25-Oct-2025 11:09:10.794 INFO [main] org.apache.openejb.server.ServiceManager.initServer Creating ServerService(id=cxf)
25-Oct-2025 11:09:11.092 INFO [main] org.apache.openejb.server.ServiceManager.initServer Creating ServerService(id=cxf-rs)
25-Oct-2025 11:09:11.186 INFO [main] org.apache.openejb.server.SimpleServiceManager.start   ** Bound Services **
25-Oct-2025 11:09:11.187 INFO [main] org.apache.openejb.server.SimpleServiceManager.printRow   NAME                 IP              PORT  
25-Oct-2025 11:09:11.187 INFO [main] org.apache.openejb.server.SimpleServiceManager.start -------
25-Oct-2025 11:09:11.187 INFO [main] org.apache.openejb.server.SimpleServiceManager.start Ready!
25-Oct-2025 11:09:11.187 INFO [main] jdk.internal.reflect.DelegatingMethodAccessorImpl.invoke Server initialization in [2410] milliseconds
25-Oct-2025 11:09:11.246 INFO [main] org.apache.tomee.catalina.OpenEJBNamingContextListener.bindResource Importing a Tomcat Resource with id 'UserDatabase' of type 'org.apache.catalina.UserDatabase'.
25-Oct-2025 11:09:11.257 INFO [main] org.apache.openejb.assembler.classic.Assembler.createRecipe Creating Resource(id=UserDatabase)
25-Oct-2025 11:09:11.314 INFO [main] jdk.internal.reflect.DelegatingMethodAccessorImpl.invoke Starting service [Catalina]
25-Oct-2025 11:09:11.315 INFO [main] jdk.internal.reflect.DelegatingMethodAccessorImpl.invoke Starting Servlet engine: [Apache Tomcat (TomEE)/10.1.42 (10.1.0)]
25-Oct-2025 11:09:11.347 INFO [main] jdk.internal.reflect.DelegatingMethodAccessorImpl.invoke Deploying web application archive [/usr/local/tomee/webapps/ROOT.war]
25-Oct-2025 11:09:11.356 INFO [main] org.apache.tomee.catalina.TomcatWebAppBuilder.init ------------------------- 127.0.0.5 -> /
25-Oct-2025 11:09:11.652 INFO [main] org.apache.openejb.util.OptionsLog.info Using 'tomee.mp.cdi.extensions=io.smallrye.config.inject.ConfigExtension,io.smallrye.faulttolerance.FaultToleranceExtension,io.smallrye.metrics.legacyapi.LegacyMetricsExtension,io.smallrye.opentelemetry.implementation.cdi.OpenTelemetryExtension,org.apache.cxf.microprofile.client.cdi.RestClientExtension,org.apache.tomee.microprofile.faulttolerance.MPFaultToleranceCDIExtension,org.apache.tomee.microprofile.health.MPHealthCDIExtension,org.apache.tomee.microprofile.jwt.cdi.MPJWTCDIExtension,org.apache.tomee.microprofile.opentelemetry.MPOpenTelemetryCDIExtension'
25-Oct-2025 11:09:11.806 INFO [main] org.apache.openejb.config.ConfigurationFactory.configureApplication Configuring enterprise application: /usr/local/tomee/webapps/ROOT
25-Oct-2025 11:09:11.971 INFO [main] org.apache.openejb.config.InitEjbDeployments.deploy Auto-deploying ejb ChangeRemoteServiceImpl: EjbDeployment(deployment-id=ChangeRemoteServiceImpl)
25-Oct-2025 11:09:11.971 INFO [main] org.apache.openejb.config.InitEjbDeployments.deploy Auto-deploying ejb ChangeServiceImpl: EjbDeployment(deployment-id=ChangeServiceImpl)
25-Oct-2025 11:09:11.979 INFO [main] org.apache.openejb.config.ConfigurationFactory.configureService Configuring Service(id=Default Stateless Container, type=Container, provider-id=Default Stateless Container)
25-Oct-2025 11:09:11.980 INFO [main] org.apache.openejb.config.AutoConfig.createContainer Auto-creating a container for bean ChangeRemoteServiceImpl: Container(type=STATELESS, id=Default Stateless Container)
25-Oct-2025 11:09:11.981 INFO [main] org.apache.openejb.assembler.classic.Assembler.createRecipe Creating Container(id=Default Stateless Container)
25-Oct-2025 11:09:11.997 INFO [main] org.apache.openejb.config.ConfigurationFactory.configureService Configuring Service(id=Default Managed Container, type=Container, provider-id=Default Managed Container)
25-Oct-2025 11:09:11.998 INFO [main] org.apache.openejb.config.AutoConfig.createContainer Auto-creating a container for bean .Comp1512822728: Container(type=MANAGED, id=Default Managed Container)
25-Oct-2025 11:09:11.998 INFO [main] org.apache.openejb.assembler.classic.Assembler.createRecipe Creating Container(id=Default Managed Container)
25-Oct-2025 11:09:12.020 INFO [main] org.apache.openejb.core.managed.SimplePassivater.init Using directory /usr/local/tomee/temp for stateful session passivation
25-Oct-2025 11:09:12.068 INFO [main] org.apache.openejb.config.AppInfoBuilder.build Enterprise application "/usr/local/tomee/webapps/ROOT" loaded.
25-Oct-2025 11:09:12.069 INFO [main] org.apache.openejb.assembler.classic.Assembler.createApplication Assembling app: /usr/local/tomee/webapps/ROOT
25-Oct-2025 11:09:12.112 INFO [main] org.apache.openejb.assembler.classic.JndiBuilder.bind Jndi(name=ChangeRemoteServiceImplRemote) --> Ejb(deployment-id=ChangeRemoteServiceImpl)
25-Oct-2025 11:09:12.113 INFO [main] org.apache.openejb.assembler.classic.JndiBuilder.bind Jndi(name=global//ChangeRemoteServiceImpl!mg.razherana.banking.change.services.changeServices.ChangeRemoteService) --> Ejb(deployment-id=ChangeRemoteServiceImpl)
25-Oct-2025 11:09:12.114 INFO [main] org.apache.openejb.assembler.classic.JndiBuilder.bind Jndi(name=global/ChangeRemoteServiceImpl!mg.razherana.banking.change.services.changeServices.ChangeRemoteService) --> Ejb(deployment-id=ChangeRemoteServiceImpl)
25-Oct-2025 11:09:12.115 INFO [main] org.apache.openejb.assembler.classic.JndiBuilder.bind Jndi(name=global/ChangeRemoteServiceImpl) --> Ejb(deployment-id=ChangeRemoteServiceImpl)
25-Oct-2025 11:09:12.118 INFO [main] org.apache.openejb.assembler.classic.JndiBuilder.bind Jndi(name=ChangeServiceImplLocal) --> Ejb(deployment-id=ChangeServiceImpl)
25-Oct-2025 11:09:12.119 INFO [main] org.apache.openejb.assembler.classic.JndiBuilder.bind Jndi(name=global/ChangeServiceImpl!mg.razherana.banking.change.services.changeServices.ChangeService) --> Ejb(deployment-id=ChangeServiceImpl)
25-Oct-2025 11:09:12.119 INFO [main] org.apache.openejb.assembler.classic.JndiBuilder.bind Jndi(name=global/ChangeServiceImpl) --> Ejb(deployment-id=ChangeServiceImpl)
25-Oct-2025 11:09:12.168 INFO [main] org.apache.openejb.cdi.CdiBuilder.initSingleton Existing thread singleton service in SystemInstance(): org.apache.openejb.cdi.ThreadSingletonServiceImpl@7daa0fbd
25-Oct-2025 11:09:12.346 INFO [main] org.apache.openejb.cdi.OpenEJBLifecycle.startApplication OpenWebBeans Container is starting...
25-Oct-2025 11:09:12.357 INFO [main] org.apache.webbeans.plugins.PluginLoader.startUp Adding OpenWebBeansPlugin : [CdiPlugin]
25-Oct-2025 11:09:12.363 INFO [main] org.apache.openejb.cdi.CdiScanner.handleBda Using annotated mode for file:/usr/local/tomee/webapps/ROOT/WEB-INF/classes/ looking all classes to find CDI beans, maybe think to add a beans.xml if not there or add the jar to exclusions.list
25-Oct-2025 11:09:12.606 INFO [main] org.apache.openejb.util.OptionsLog.info Using 'tomee.mp.cdi.extensions=io.smallrye.config.inject.ConfigExtension,io.smallrye.faulttolerance.FaultToleranceExtension,io.smallrye.metrics.legacyapi.LegacyMetricsExtension,io.smallrye.opentelemetry.implementation.cdi.OpenTelemetryExtension,org.apache.cxf.microprofile.client.cdi.RestClientExtension,org.apache.tomee.microprofile.faulttolerance.MPFaultToleranceCDIExtension,org.apache.tomee.microprofile.health.MPHealthCDIExtension,org.apache.tomee.microprofile.jwt.cdi.MPJWTCDIExtension,org.apache.tomee.microprofile.opentelemetry.MPOpenTelemetryCDIExtension'
25-Oct-2025 11:09:12.606 INFO [main] org.apache.openejb.util.OptionsLog.info Using 'tomee.mp.cdi.extensions=io.smallrye.config.inject.ConfigExtension,io.smallrye.faulttolerance.FaultToleranceExtension,io.smallrye.metrics.legacyapi.LegacyMetricsExtension,io.smallrye.opentelemetry.implementation.cdi.OpenTelemetryExtension,org.apache.cxf.microprofile.client.cdi.RestClientExtension,org.apache.tomee.microprofile.faulttolerance.MPFaultToleranceCDIExtension,org.apache.tomee.microprofile.health.MPHealthCDIExtension,org.apache.tomee.microprofile.jwt.cdi.MPJWTCDIExtension,org.apache.tomee.microprofile.opentelemetry.MPOpenTelemetryCDIExtension'
25-Oct-2025 11:09:12.606 INFO [main] org.apache.openejb.util.OptionsLog.info Using 'tomee.mp.cdi.extensions=io.smallrye.config.inject.ConfigExtension,io.smallrye.faulttolerance.FaultToleranceExtension,io.smallrye.metrics.legacyapi.LegacyMetricsExtension,io.smallrye.opentelemetry.implementation.cdi.OpenTelemetryExtension,org.apache.cxf.microprofile.client.cdi.RestClientExtension,org.apache.tomee.microprofile.faulttolerance.MPFaultToleranceCDIExtension,org.apache.tomee.microprofile.health.MPHealthCDIExtension,org.apache.tomee.microprofile.jwt.cdi.MPJWTCDIExtension,org.apache.tomee.microprofile.opentelemetry.MPOpenTelemetryCDIExtension'
25-Oct-2025 11:09:12.606 INFO [main] org.apache.openejb.util.OptionsLog.info Using 'tomee.mp.cdi.extensions=io.smallrye.config.inject.ConfigExtension,io.smallrye.faulttolerance.FaultToleranceExtension,io.smallrye.metrics.legacyapi.LegacyMetricsExtension,io.smallrye.opentelemetry.implementation.cdi.OpenTelemetryExtension,org.apache.cxf.microprofile.client.cdi.RestClientExtension,org.apache.tomee.microprofile.faulttolerance.MPFaultToleranceCDIExtension,org.apache.tomee.microprofile.health.MPHealthCDIExtension,org.apache.tomee.microprofile.jwt.cdi.MPJWTCDIExtension,org.apache.tomee.microprofile.opentelemetry.MPOpenTelemetryCDIExtension'
25-Oct-2025 11:09:12.606 INFO [main] org.apache.openejb.util.OptionsLog.info Using 'tomee.mp.cdi.extensions=io.smallrye.config.inject.ConfigExtension,io.smallrye.faulttolerance.FaultToleranceExtension,io.smallrye.metrics.legacyapi.LegacyMetricsExtension,io.smallrye.opentelemetry.implementation.cdi.OpenTelemetryExtension,org.apache.cxf.microprofile.client.cdi.RestClientExtension,org.apache.tomee.microprofile.faulttolerance.MPFaultToleranceCDIExtension,org.apache.tomee.microprofile.health.MPHealthCDIExtension,org.apache.tomee.microprofile.jwt.cdi.MPJWTCDIExtension,org.apache.tomee.microprofile.opentelemetry.MPOpenTelemetryCDIExtension'
25-Oct-2025 11:09:12.607 INFO [main] org.apache.openejb.util.OptionsLog.info Using 'tomee.mp.cdi.extensions=io.smallrye.config.inject.ConfigExtension,io.smallrye.faulttolerance.FaultToleranceExtension,io.smallrye.metrics.legacyapi.LegacyMetricsExtension,io.smallrye.opentelemetry.implementation.cdi.OpenTelemetryExtension,org.apache.cxf.microprofile.client.cdi.RestClientExtension,org.apache.tomee.microprofile.faulttolerance.MPFaultToleranceCDIExtension,org.apache.tomee.microprofile.health.MPHealthCDIExtension,org.apache.tomee.microprofile.jwt.cdi.MPJWTCDIExtension,org.apache.tomee.microprofile.opentelemetry.MPOpenTelemetryCDIExtension'
25-Oct-2025 11:09:12.607 INFO [main] org.apache.openejb.util.OptionsLog.info Using 'tomee.mp.cdi.extensions=io.smallrye.config.inject.ConfigExtension,io.smallrye.faulttolerance.FaultToleranceExtension,io.smallrye.metrics.legacyapi.LegacyMetricsExtension,io.smallrye.opentelemetry.implementation.cdi.OpenTelemetryExtension,org.apache.cxf.microprofile.client.cdi.RestClientExtension,org.apache.tomee.microprofile.faulttolerance.MPFaultToleranceCDIExtension,org.apache.tomee.microprofile.health.MPHealthCDIExtension,org.apache.tomee.microprofile.jwt.cdi.MPJWTCDIExtension,org.apache.tomee.microprofile.opentelemetry.MPOpenTelemetryCDIExtension'
25-Oct-2025 11:09:12.607 INFO [main] org.apache.openejb.util.OptionsLog.info Using 'tomee.mp.cdi.extensions=io.smallrye.config.inject.ConfigExtension,io.smallrye.faulttolerance.FaultToleranceExtension,io.smallrye.metrics.legacyapi.LegacyMetricsExtension,io.smallrye.opentelemetry.implementation.cdi.OpenTelemetryExtension,org.apache.cxf.microprofile.client.cdi.RestClientExtension,org.apache.tomee.microprofile.faulttolerance.MPFaultToleranceCDIExtension,org.apache.tomee.microprofile.health.MPHealthCDIExtension,org.apache.tomee.microprofile.jwt.cdi.MPJWTCDIExtension,org.apache.tomee.microprofile.opentelemetry.MPOpenTelemetryCDIExtension'
25-Oct-2025 11:09:12.607 INFO [main] org.apache.openejb.util.OptionsLog.info Using 'tomee.mp.cdi.extensions=io.smallrye.config.inject.ConfigExtension,io.smallrye.faulttolerance.FaultToleranceExtension,io.smallrye.metrics.legacyapi.LegacyMetricsExtension,io.smallrye.opentelemetry.implementation.cdi.OpenTelemetryExtension,org.apache.cxf.microprofile.client.cdi.RestClientExtension,org.apache.tomee.microprofile.faulttolerance.MPFaultToleranceCDIExtension,org.apache.tomee.microprofile.health.MPHealthCDIExtension,org.apache.tomee.microprofile.jwt.cdi.MPJWTCDIExtension,org.apache.tomee.microprofile.opentelemetry.MPOpenTelemetryCDIExtension'
25-Oct-2025 11:09:12.607 INFO [main] org.apache.openejb.util.OptionsLog.info Using 'tomee.mp.cdi.extensions=io.smallrye.config.inject.ConfigExtension,io.smallrye.faulttolerance.FaultToleranceExtension,io.smallrye.metrics.legacyapi.LegacyMetricsExtension,io.smallrye.opentelemetry.implementation.cdi.OpenTelemetryExtension,org.apache.cxf.microprofile.client.cdi.RestClientExtension,org.apache.tomee.microprofile.faulttolerance.MPFaultToleranceCDIExtension,org.apache.tomee.microprofile.health.MPHealthCDIExtension,org.apache.tomee.microprofile.jwt.cdi.MPJWTCDIExtension,org.apache.tomee.microprofile.opentelemetry.MPOpenTelemetryCDIExtension'
25-Oct-2025 11:09:13.202 INFO [main] org.apache.webbeans.config.BeansDeployer.validateInjectionPoints All injection points were validated successfully.
25-Oct-2025 11:09:13.212 INFO [main] org.apache.openejb.cdi.OpenEJBLifecycle.startApplication OpenWebBeans Container has started, it took 866 ms.
25-Oct-2025 11:09:13.220 INFO [main] org.apache.openejb.assembler.classic.ValidatorBuilder.getConfig Ignoring XML Configuration for validator org.apache.bval.jsr.ConfigurationImpl
25-Oct-2025 11:09:13.273 INFO [main] org.apache.openejb.assembler.classic.Assembler.startEjbs Created Ejb(deployment-id=ChangeRemoteServiceImpl, ejb-name=ChangeRemoteServiceImpl, container=Default Stateless Container)
25-Oct-2025 11:09:13.280 INFO [main] org.apache.openejb.assembler.classic.Assembler.startEjbs Created Ejb(deployment-id=ChangeServiceImpl, ejb-name=ChangeServiceImpl, container=Default Stateless Container)
25-Oct-2025 11:09:13.307 INFO [main] org.apache.openejb.assembler.classic.Assembler.startEjbs Started Ejb(deployment-id=ChangeRemoteServiceImpl, ejb-name=ChangeRemoteServiceImpl, container=Default Stateless Container)
25-Oct-2025 11:09:13.325 INFO [main] org.apache.openejb.assembler.classic.Assembler.startEjbs Started Ejb(deployment-id=ChangeServiceImpl, ejb-name=ChangeServiceImpl, container=Default Stateless Container)
25-Oct-2025 11:09:13.329 WARNING [main] org.apache.batchee.container.services.ServicesManager.init You didn't specify org.apache.batchee.jmx.application and JMX is already registered, skipping
25-Oct-2025 11:09:13.330 INFO [main] org.apache.openejb.assembler.classic.Assembler.createApplication Deployed Application(path=/usr/local/tomee/webapps/ROOT)
25-Oct-2025 11:09:13.656 INFO [main] org.apache.jasper.servlet.TldScanner.scanJars At least one JAR was scanned for TLDs yet contained no TLDs. Enable debug logging for this logger for a complete list of JARs that were scanned but no TLDs were found in them. Skipping unneeded JARs during scanning can improve startup time and JSP compilation time.
25-Oct-2025 11:09:13.774 INFO [main] jdk.internal.reflect.DelegatingMethodAccessorImpl.invoke Deployment of web application archive [/usr/local/tomee/webapps/ROOT.war] has finished in [2,427] ms
25-Oct-2025 11:09:13.803 INFO [main] jdk.internal.reflect.DelegatingMethodAccessorImpl.invoke Starting ProtocolHandler ["http-nio-127.0.0.5-8080"]
25-Oct-2025 11:09:13.826 INFO [main] jdk.internal.reflect.DelegatingMethodAccessorImpl.invoke Server startup in [2638] milliseconds
25-Oct-2025 11:09:27.026 INFO [Thread-22] jdk.internal.reflect.DelegatingMethodAccessorImpl.invoke Pausing ProtocolHandler ["http-nio-127.0.0.5-8080"]
25-Oct-2025 11:09:27.032 INFO [Thread-22] jdk.internal.reflect.DelegatingMethodAccessorImpl.invoke Stopping service [Catalina]
25-Oct-2025 11:09:27.050 INFO [Thread-22] org.apache.openejb.assembler.classic.Assembler.destroyApplication Undeploying app: /usr/local/tomee/webapps/ROOT
25-Oct-2025 11:09:27.132 INFO [Thread-22] jdk.internal.reflect.DelegatingMethodAccessorImpl.invoke Stopping ProtocolHandler ["http-nio-127.0.0.5-8080"]
25-Oct-2025 11:09:27.139 INFO [Thread-22] org.apache.openejb.server.SimpleServiceManager.stop Stopping server services
25-Oct-2025 11:09:27.155 INFO [Thread-22] org.apache.openejb.assembler.classic.Assembler.destroyApplication Undeploying app: openejb
25-Oct-2025 11:09:27.161 SEVERE [Thread-22] org.apache.openejb.core.singleton.SingletonInstanceManager.undeploy Unable to unregister MBean openejb.management:J2EEServer=openejb,J2EEApplication=<empty>,EJBModule=openejb,SingletonSessionBean=openejb/Deployer,name=openejb/Deployer,j2eeType=Invocations
25-Oct-2025 11:09:27.178 INFO [Thread-22] jdk.internal.reflect.DelegatingMethodAccessorImpl.invoke Destroying ProtocolHandler ["http-nio-127.0.0.5-8080"]
25-Oct-2025 11:09:28.409 INFO [main] org.apache.openejb.persistence.PersistenceBootstrap.getDefaultProvider Default JPA Provider changed to org.eclipse.persistence.jpa.PersistenceProvider specified by jar:file:/usr/local/tomee/lib/openejb-core-eclipselink-10.1.0.jar!/META-INF/org.apache.openejb.persistence.PersistenceBootstrap.provider
25-Oct-2025 11:09:28.773 INFO [main] jdk.internal.reflect.NativeMethodAccessorImpl.invoke Server version name:   Apache Tomcat (TomEE)/10.1.42 (10.1.0)
25-Oct-2025 11:09:28.774 INFO [main] jdk.internal.reflect.NativeMethodAccessorImpl.invoke Server built:          Jun 5 2025 22:35:46 UTC
25-Oct-2025 11:09:28.774 INFO [main] jdk.internal.reflect.NativeMethodAccessorImpl.invoke Server version number: 10.1.42.0
25-Oct-2025 11:09:28.774 INFO [main] jdk.internal.reflect.NativeMethodAccessorImpl.invoke OS Name:               Linux
25-Oct-2025 11:09:28.774 INFO [main] jdk.internal.reflect.NativeMethodAccessorImpl.invoke OS Version:            6.10.14-linuxkit
25-Oct-2025 11:09:28.774 INFO [main] jdk.internal.reflect.NativeMethodAccessorImpl.invoke Architecture:          amd64
25-Oct-2025 11:09:28.774 INFO [main] jdk.internal.reflect.NativeMethodAccessorImpl.invoke Java Home:             /opt/java/openjdk
25-Oct-2025 11:09:28.774 INFO [main] jdk.internal.reflect.NativeMethodAccessorImpl.invoke JVM Version:           17.0.16+8
25-Oct-2025 11:09:28.775 INFO [main] jdk.internal.reflect.NativeMethodAccessorImpl.invoke JVM Vendor:            Eclipse Adoptium
25-Oct-2025 11:09:28.775 INFO [main] jdk.internal.reflect.NativeMethodAccessorImpl.invoke CATALINA_BASE:         /usr/local/tomee
25-Oct-2025 11:09:28.775 INFO [main] jdk.internal.reflect.NativeMethodAccessorImpl.invoke CATALINA_HOME:         /usr/local/tomee
25-Oct-2025 11:09:28.777 INFO [main] jdk.internal.reflect.NativeMethodAccessorImpl.invoke Command line argument: -Djava.util.logging.config.file=/usr/local/tomee/conf/logging.properties
25-Oct-2025 11:09:28.777 INFO [main] jdk.internal.reflect.NativeMethodAccessorImpl.invoke Command line argument: -Djava.util.logging.manager=org.apache.juli.ClassLoaderLogManager
25-Oct-2025 11:09:28.777 INFO [main] jdk.internal.reflect.NativeMethodAccessorImpl.invoke Command line argument: -javaagent:/usr/local/tomee/lib/openejb-javaagent.jar
25-Oct-2025 11:09:28.777 INFO [main] jdk.internal.reflect.NativeMethodAccessorImpl.invoke Command line argument: -Djdk.tls.ephemeralDHKeySize=2048
25-Oct-2025 11:09:28.778 INFO [main] jdk.internal.reflect.NativeMethodAccessorImpl.invoke Command line argument: -Djava.protocol.handler.pkgs=org.apache.catalina.webresources
25-Oct-2025 11:09:28.778 INFO [main] jdk.internal.reflect.DelegatingMethodAccessorImpl.invoke Command line argument: -Dsun.io.useCanonCaches=false
25-Oct-2025 11:09:28.779 INFO [main] jdk.internal.reflect.DelegatingMethodAccessorImpl.invoke Command line argument: -Dorg.apache.catalina.security.SecurityListener.UMASK=0027
25-Oct-2025 11:09:28.779 INFO [main] jdk.internal.reflect.DelegatingMethodAccessorImpl.invoke Command line argument: --add-opens=java.base/java.lang=ALL-UNNAMED
25-Oct-2025 11:09:28.779 INFO [main] jdk.internal.reflect.DelegatingMethodAccessorImpl.invoke Command line argument: --add-opens=java.base/java.lang.reflect=ALL-UNNAMED
25-Oct-2025 11:09:28.779 INFO [main] jdk.internal.reflect.DelegatingMethodAccessorImpl.invoke Command line argument: --add-opens=java.base/java.io=ALL-UNNAMED
25-Oct-2025 11:09:28.779 INFO [main] jdk.internal.reflect.DelegatingMethodAccessorImpl.invoke Command line argument: --add-opens=java.base/java.util=ALL-UNNAMED
25-Oct-2025 11:09:28.779 INFO [main] jdk.internal.reflect.DelegatingMethodAccessorImpl.invoke Command line argument: --add-opens=java.base/java.util.concurrent=ALL-UNNAMED
25-Oct-2025 11:09:28.779 INFO [main] jdk.internal.reflect.DelegatingMethodAccessorImpl.invoke Command line argument: --add-opens=java.rmi/sun.rmi.transport=ALL-UNNAMED
25-Oct-2025 11:09:28.780 INFO [main] jdk.internal.reflect.DelegatingMethodAccessorImpl.invoke Command line argument: -Xmx512m
25-Oct-2025 11:09:28.780 INFO [main] jdk.internal.reflect.DelegatingMethodAccessorImpl.invoke Command line argument: -Dtomee.remote.support=true
25-Oct-2025 11:09:28.780 INFO [main] jdk.internal.reflect.DelegatingMethodAccessorImpl.invoke Command line argument: -Dopenejb.cdi.activated=true
25-Oct-2025 11:09:28.780 INFO [main] jdk.internal.reflect.DelegatingMethodAccessorImpl.invoke Command line argument: -Dtomee.serialization.class.blacklist=-
25-Oct-2025 11:09:28.780 INFO [main] jdk.internal.reflect.DelegatingMethodAccessorImpl.invoke Command line argument: -Dopenejb.system.apps=true
25-Oct-2025 11:09:28.780 INFO [main] jdk.internal.reflect.DelegatingMethodAccessorImpl.invoke Command line argument: -Dcatalina.base=/usr/local/tomee
25-Oct-2025 11:09:28.780 INFO [main] jdk.internal.reflect.DelegatingMethodAccessorImpl.invoke Command line argument: -Dcatalina.home=/usr/local/tomee
25-Oct-2025 11:09:28.780 INFO [main] jdk.internal.reflect.DelegatingMethodAccessorImpl.invoke Command line argument: -Djava.io.tmpdir=/usr/local/tomee/temp
25-Oct-2025 11:09:28.791 INFO [main] jdk.internal.reflect.DelegatingMethodAccessorImpl.invoke The Apache Tomcat Native library which allows using OpenSSL was not found on the java.library.path: [/opt/java/openjdk/lib/server:/opt/java/openjdk/lib:/opt/java/openjdk/../lib:/usr/java/packages/lib:/usr/lib64:/lib64:/lib:/usr/lib]
25-Oct-2025 11:09:29.178 INFO [main] jdk.internal.reflect.DelegatingMethodAccessorImpl.invoke Initializing ProtocolHandler ["http-nio-127.0.0.5-8080"]
25-Oct-2025 11:09:29.595 INFO [main] org.apache.openejb.util.OptionsLog.info Using 'tomee.remote.support=true'
25-Oct-2025 11:09:29.620 INFO [main] org.apache.openejb.util.OptionsLog.info Using 'openejb.jdbc.datasource-creator=org.apache.tomee.jdbc.TomEEDataSourceCreator'
25-Oct-2025 11:09:29.790 INFO [main] org.apache.openejb.OpenEJB$Instance.<init> ********************************************************************************
25-Oct-2025 11:09:29.790 INFO [main] org.apache.openejb.OpenEJB$Instance.<init> OpenEJB http://tomee.apache.org/
25-Oct-2025 11:09:29.790 INFO [main] org.apache.openejb.OpenEJB$Instance.<init> Startup: Sat Oct 25 11:09:29 GMT 2025
25-Oct-2025 11:09:29.791 INFO [main] org.apache.openejb.OpenEJB$Instance.<init> Copyright 1999-2025 (C) Apache TomEE Project, All Rights Reserved.
25-Oct-2025 11:09:29.791 INFO [main] org.apache.openejb.OpenEJB$Instance.<init> Version: 10.1.0
25-Oct-2025 11:09:29.791 INFO [main] org.apache.openejb.OpenEJB$Instance.<init> Build date: 20250610
25-Oct-2025 11:09:29.791 INFO [main] org.apache.openejb.OpenEJB$Instance.<init> Build time: 04:18
25-Oct-2025 11:09:29.791 INFO [main] org.apache.openejb.OpenEJB$Instance.<init> ********************************************************************************
25-Oct-2025 11:09:29.791 INFO [main] org.apache.openejb.OpenEJB$Instance.<init> openejb.home = /usr/local/tomee
25-Oct-2025 11:09:29.791 INFO [main] org.apache.openejb.OpenEJB$Instance.<init> openejb.base = /usr/local/tomee
25-Oct-2025 11:09:29.800 INFO [main] org.apache.openejb.cdi.CdiBuilder.initializeOWB Created new singletonService org.apache.openejb.cdi.ThreadSingletonServiceImpl@36a5cabc
25-Oct-2025 11:09:29.807 INFO [main] org.apache.openejb.cdi.CdiBuilder.initializeOWB Succeeded in installing singleton service
25-Oct-2025 11:09:29.889 INFO [main] org.apache.openejb.config.ConfigurationFactory.init TomEE configuration file is '/usr/local/tomee/conf/tomee.xml'
25-Oct-2025 11:09:29.958 INFO [main] org.apache.openejb.config.ConfigurationFactory.configureService Configuring Service(id=Tomcat Security Service, type=SecurityService, provider-id=Tomcat Security Service)
25-Oct-2025 11:09:29.962 INFO [main] org.apache.openejb.config.ConfigurationFactory.configureService Configuring Service(id=Default Transaction Manager, type=TransactionManager, provider-id=Default Transaction Manager)
25-Oct-2025 11:09:29.966 INFO [main] org.apache.openejb.util.OptionsLog.info Using 'openejb.system.apps=true'
25-Oct-2025 11:09:29.970 INFO [main] org.apache.openejb.config.ConfigurationFactory.configureService Configuring Service(id=Default Singleton Container, type=Container, provider-id=Default Singleton Container)
25-Oct-2025 11:09:30.026 INFO [main] org.apache.openejb.assembler.classic.Assembler.createRecipe Creating TransactionManager(id=Default Transaction Manager)
25-Oct-2025 11:09:30.116 INFO [main] org.apache.openejb.assembler.classic.Assembler.createRecipe Creating SecurityService(id=Tomcat Security Service)
25-Oct-2025 11:09:30.161 INFO [main] org.apache.openejb.assembler.classic.Assembler.createRecipe Creating Container(id=Default Singleton Container)
25-Oct-2025 11:09:30.205 INFO [main] org.apache.openejb.assembler.classic.Assembler.createApplication Assembling app: openejb
25-Oct-2025 11:09:30.331 INFO [main] org.apache.openejb.util.OptionsLog.info Using 'openejb.jndiname.format={deploymentId}{interfaceType.openejbLegacyName}'
25-Oct-2025 11:09:30.351 INFO [main] org.apache.openejb.assembler.classic.JndiBuilder.bind Jndi(name=openejb/DeployerBusinessRemote) --> Ejb(deployment-id=openejb/Deployer)
25-Oct-2025 11:09:30.352 INFO [main] org.apache.openejb.assembler.classic.JndiBuilder.bind Jndi(name=global/openejb/openejb/openejb/Deployer!org.apache.openejb.assembler.Deployer) --> Ejb(deployment-id=openejb/Deployer)
25-Oct-2025 11:09:30.355 INFO [main] org.apache.openejb.assembler.classic.JndiBuilder.bind Jndi(name=global/openejb/openejb/openejb/Deployer) --> Ejb(deployment-id=openejb/Deployer)
25-Oct-2025 11:09:30.357 INFO [main] org.apache.openejb.assembler.classic.JndiBuilder.bind Jndi(name=openejb/ConfigurationInfoBusinessRemote) --> Ejb(deployment-id=openejb/ConfigurationInfo)
25-Oct-2025 11:09:30.357 INFO [main] org.apache.openejb.assembler.classic.JndiBuilder.bind Jndi(name=global/openejb/openejb/openejb/Deployer!org.apache.openejb.assembler.classic.cmd.ConfigurationInfo) --> Ejb(deployment-id=openejb/ConfigurationInfo)
25-Oct-2025 11:09:30.376 INFO [main] org.apache.openejb.assembler.classic.Assembler.startEjbs Created Ejb(deployment-id=openejb/ConfigurationInfo, ejb-name=openejb/Deployer, container=Default Singleton Container)
25-Oct-2025 11:09:30.380 INFO [main] org.apache.openejb.assembler.classic.Assembler.startEjbs Created Ejb(deployment-id=openejb/Deployer, ejb-name=openejb/Deployer, container=Default Singleton Container)
25-Oct-2025 11:09:30.381 INFO [main] org.apache.openejb.assembler.classic.Assembler.startEjbs Started Ejb(deployment-id=openejb/ConfigurationInfo, ejb-name=openejb/Deployer, container=Default Singleton Container)
25-Oct-2025 11:09:30.381 INFO [main] org.apache.openejb.assembler.classic.Assembler.startEjbs Started Ejb(deployment-id=openejb/Deployer, ejb-name=openejb/Deployer, container=Default Singleton Container)
25-Oct-2025 11:09:30.393 INFO [main] org.apache.openejb.assembler.classic.Assembler.deployMBean Deployed MBean(openejb.user.mbeans:application=openejb,group=org.apache.openejb.assembler.monitoring,name=JMXDeployer)
25-Oct-2025 11:09:30.397 WARNING [main] org.apache.batchee.container.services.ServicesManager.init You didn't specify org.apache.batchee.jmx.application and JMX is already registered, skipping
25-Oct-2025 11:09:30.398 INFO [main] org.apache.openejb.assembler.classic.Assembler.createApplication Deployed Application(path=openejb)
25-Oct-2025 11:09:30.459 INFO [main] org.apache.openejb.server.ServiceManager.initServer Creating ServerService(id=cxf)
25-Oct-2025 11:09:30.750 INFO [main] org.apache.openejb.server.ServiceManager.initServer Creating ServerService(id=cxf-rs)
25-Oct-2025 11:09:30.834 INFO [main] org.apache.openejb.server.SimpleServiceManager.start   ** Bound Services **
25-Oct-2025 11:09:30.835 INFO [main] org.apache.openejb.server.SimpleServiceManager.printRow   NAME                 IP              PORT  
25-Oct-2025 11:09:30.835 INFO [main] org.apache.openejb.server.SimpleServiceManager.start -------
25-Oct-2025 11:09:30.835 INFO [main] org.apache.openejb.server.SimpleServiceManager.start Ready!
25-Oct-2025 11:09:30.836 INFO [main] jdk.internal.reflect.DelegatingMethodAccessorImpl.invoke Server initialization in [2374] milliseconds
25-Oct-2025 11:09:30.901 INFO [main] org.apache.tomee.catalina.OpenEJBNamingContextListener.bindResource Importing a Tomcat Resource with id 'UserDatabase' of type 'org.apache.catalina.UserDatabase'.
25-Oct-2025 11:09:30.912 INFO [main] org.apache.openejb.assembler.classic.Assembler.createRecipe Creating Resource(id=UserDatabase)
25-Oct-2025 11:09:30.961 INFO [main] jdk.internal.reflect.DelegatingMethodAccessorImpl.invoke Starting service [Catalina]
25-Oct-2025 11:09:30.961 INFO [main] jdk.internal.reflect.DelegatingMethodAccessorImpl.invoke Starting Servlet engine: [Apache Tomcat (TomEE)/10.1.42 (10.1.0)]
25-Oct-2025 11:09:30.995 INFO [main] jdk.internal.reflect.DelegatingMethodAccessorImpl.invoke Deploying web application archive [/usr/local/tomee/webapps/ROOT.war]
25-Oct-2025 11:09:31.006 INFO [main] org.apache.tomee.catalina.TomcatWebAppBuilder.init ------------------------- 127.0.0.5 -> /
25-Oct-2025 11:09:31.336 INFO [main] org.apache.openejb.util.OptionsLog.info Using 'tomee.mp.cdi.extensions=io.smallrye.config.inject.ConfigExtension,io.smallrye.faulttolerance.FaultToleranceExtension,io.smallrye.metrics.legacyapi.LegacyMetricsExtension,io.smallrye.opentelemetry.implementation.cdi.OpenTelemetryExtension,org.apache.cxf.microprofile.client.cdi.RestClientExtension,org.apache.tomee.microprofile.faulttolerance.MPFaultToleranceCDIExtension,org.apache.tomee.microprofile.health.MPHealthCDIExtension,org.apache.tomee.microprofile.jwt.cdi.MPJWTCDIExtension,org.apache.tomee.microprofile.opentelemetry.MPOpenTelemetryCDIExtension'
25-Oct-2025 11:09:31.484 INFO [main] org.apache.openejb.config.ConfigurationFactory.configureApplication Configuring enterprise application: /usr/local/tomee/webapps/ROOT
25-Oct-2025 11:09:31.636 INFO [main] org.apache.openejb.config.InitEjbDeployments.deploy Auto-deploying ejb ChangeRemoteServiceImpl: EjbDeployment(deployment-id=ChangeRemoteServiceImpl)
25-Oct-2025 11:09:31.637 INFO [main] org.apache.openejb.config.InitEjbDeployments.deploy Auto-deploying ejb ChangeServiceImpl: EjbDeployment(deployment-id=ChangeServiceImpl)
25-Oct-2025 11:09:31.645 INFO [main] org.apache.openejb.config.ConfigurationFactory.configureService Configuring Service(id=Default Stateless Container, type=Container, provider-id=Default Stateless Container)
25-Oct-2025 11:09:31.645 INFO [main] org.apache.openejb.config.AutoConfig.createContainer Auto-creating a container for bean ChangeRemoteServiceImpl: Container(type=STATELESS, id=Default Stateless Container)
25-Oct-2025 11:09:31.647 INFO [main] org.apache.openejb.assembler.classic.Assembler.createRecipe Creating Container(id=Default Stateless Container)
25-Oct-2025 11:09:31.663 INFO [main] org.apache.openejb.config.ConfigurationFactory.configureService Configuring Service(id=Default Managed Container, type=Container, provider-id=Default Managed Container)
25-Oct-2025 11:09:31.664 INFO [main] org.apache.openejb.config.AutoConfig.createContainer Auto-creating a container for bean .Comp2130606983: Container(type=MANAGED, id=Default Managed Container)
25-Oct-2025 11:09:31.664 INFO [main] org.apache.openejb.assembler.classic.Assembler.createRecipe Creating Container(id=Default Managed Container)
25-Oct-2025 11:09:31.682 INFO [main] org.apache.openejb.core.managed.SimplePassivater.init Using directory /usr/local/tomee/temp for stateful session passivation
25-Oct-2025 11:09:31.725 INFO [main] org.apache.openejb.config.AppInfoBuilder.build Enterprise application "/usr/local/tomee/webapps/ROOT" loaded.
25-Oct-2025 11:09:31.726 INFO [main] org.apache.openejb.assembler.classic.Assembler.createApplication Assembling app: /usr/local/tomee/webapps/ROOT
25-Oct-2025 11:09:31.770 INFO [main] org.apache.openejb.assembler.classic.JndiBuilder.bind Jndi(name=ChangeRemoteServiceImplRemote) --> Ejb(deployment-id=ChangeRemoteServiceImpl)
25-Oct-2025 11:09:31.771 INFO [main] org.apache.openejb.assembler.classic.JndiBuilder.bind Jndi(name=global//ChangeRemoteServiceImpl!mg.razherana.banking.change.services.changeServices.ChangeRemoteService) --> Ejb(deployment-id=ChangeRemoteServiceImpl)
25-Oct-2025 11:09:31.771 INFO [main] org.apache.openejb.assembler.classic.JndiBuilder.bind Jndi(name=global/ChangeRemoteServiceImpl!mg.razherana.banking.change.services.changeServices.ChangeRemoteService) --> Ejb(deployment-id=ChangeRemoteServiceImpl)
25-Oct-2025 11:09:31.771 INFO [main] org.apache.openejb.assembler.classic.JndiBuilder.bind Jndi(name=global/ChangeRemoteServiceImpl) --> Ejb(deployment-id=ChangeRemoteServiceImpl)
25-Oct-2025 11:09:31.775 INFO [main] org.apache.openejb.assembler.classic.JndiBuilder.bind Jndi(name=ChangeServiceImplLocal) --> Ejb(deployment-id=ChangeServiceImpl)
25-Oct-2025 11:09:31.776 INFO [main] org.apache.openejb.assembler.classic.JndiBuilder.bind Jndi(name=global/ChangeServiceImpl!mg.razherana.banking.change.services.changeServices.ChangeService) --> Ejb(deployment-id=ChangeServiceImpl)
25-Oct-2025 11:09:31.777 INFO [main] org.apache.openejb.assembler.classic.JndiBuilder.bind Jndi(name=global/ChangeServiceImpl) --> Ejb(deployment-id=ChangeServiceImpl)
25-Oct-2025 11:09:31.828 INFO [main] org.apache.openejb.cdi.CdiBuilder.initSingleton Existing thread singleton service in SystemInstance(): org.apache.openejb.cdi.ThreadSingletonServiceImpl@36a5cabc
25-Oct-2025 11:09:32.024 INFO [main] org.apache.openejb.cdi.OpenEJBLifecycle.startApplication OpenWebBeans Container is starting...
25-Oct-2025 11:09:32.037 INFO [main] org.apache.webbeans.plugins.PluginLoader.startUp Adding OpenWebBeansPlugin : [CdiPlugin]
25-Oct-2025 11:09:32.045 INFO [main] org.apache.openejb.cdi.CdiScanner.handleBda Using annotated mode for file:/usr/local/tomee/webapps/ROOT/WEB-INF/classes/ looking all classes to find CDI beans, maybe think to add a beans.xml if not there or add the jar to exclusions.list
25-Oct-2025 11:09:32.331 INFO [main] org.apache.openejb.util.OptionsLog.info Using 'tomee.mp.cdi.extensions=io.smallrye.config.inject.ConfigExtension,io.smallrye.faulttolerance.FaultToleranceExtension,io.smallrye.metrics.legacyapi.LegacyMetricsExtension,io.smallrye.opentelemetry.implementation.cdi.OpenTelemetryExtension,org.apache.cxf.microprofile.client.cdi.RestClientExtension,org.apache.tomee.microprofile.faulttolerance.MPFaultToleranceCDIExtension,org.apache.tomee.microprofile.health.MPHealthCDIExtension,org.apache.tomee.microprofile.jwt.cdi.MPJWTCDIExtension,org.apache.tomee.microprofile.opentelemetry.MPOpenTelemetryCDIExtension'
25-Oct-2025 11:09:32.332 INFO [main] org.apache.openejb.util.OptionsLog.info Using 'tomee.mp.cdi.extensions=io.smallrye.config.inject.ConfigExtension,io.smallrye.faulttolerance.FaultToleranceExtension,io.smallrye.metrics.legacyapi.LegacyMetricsExtension,io.smallrye.opentelemetry.implementation.cdi.OpenTelemetryExtension,org.apache.cxf.microprofile.client.cdi.RestClientExtension,org.apache.tomee.microprofile.faulttolerance.MPFaultToleranceCDIExtension,org.apache.tomee.microprofile.health.MPHealthCDIExtension,org.apache.tomee.microprofile.jwt.cdi.MPJWTCDIExtension,org.apache.tomee.microprofile.opentelemetry.MPOpenTelemetryCDIExtension'
25-Oct-2025 11:09:32.332 INFO [main] org.apache.openejb.util.OptionsLog.info Using 'tomee.mp.cdi.extensions=io.smallrye.config.inject.ConfigExtension,io.smallrye.faulttolerance.FaultToleranceExtension,io.smallrye.metrics.legacyapi.LegacyMetricsExtension,io.smallrye.opentelemetry.implementation.cdi.OpenTelemetryExtension,org.apache.cxf.microprofile.client.cdi.RestClientExtension,org.apache.tomee.microprofile.faulttolerance.MPFaultToleranceCDIExtension,org.apache.tomee.microprofile.health.MPHealthCDIExtension,org.apache.tomee.microprofile.jwt.cdi.MPJWTCDIExtension,org.apache.tomee.microprofile.opentelemetry.MPOpenTelemetryCDIExtension'
25-Oct-2025 11:09:32.332 INFO [main] org.apache.openejb.util.OptionsLog.info Using 'tomee.mp.cdi.extensions=io.smallrye.config.inject.ConfigExtension,io.smallrye.faulttolerance.FaultToleranceExtension,io.smallrye.metrics.legacyapi.LegacyMetricsExtension,io.smallrye.opentelemetry.implementation.cdi.OpenTelemetryExtension,org.apache.cxf.microprofile.client.cdi.RestClientExtension,org.apache.tomee.microprofile.faulttolerance.MPFaultToleranceCDIExtension,org.apache.tomee.microprofile.health.MPHealthCDIExtension,org.apache.tomee.microprofile.jwt.cdi.MPJWTCDIExtension,org.apache.tomee.microprofile.opentelemetry.MPOpenTelemetryCDIExtension'
25-Oct-2025 11:09:32.332 INFO [main] org.apache.openejb.util.OptionsLog.info Using 'tomee.mp.cdi.extensions=io.smallrye.config.inject.ConfigExtension,io.smallrye.faulttolerance.FaultToleranceExtension,io.smallrye.metrics.legacyapi.LegacyMetricsExtension,io.smallrye.opentelemetry.implementation.cdi.OpenTelemetryExtension,org.apache.cxf.microprofile.client.cdi.RestClientExtension,org.apache.tomee.microprofile.faulttolerance.MPFaultToleranceCDIExtension,org.apache.tomee.microprofile.health.MPHealthCDIExtension,org.apache.tomee.microprofile.jwt.cdi.MPJWTCDIExtension,org.apache.tomee.microprofile.opentelemetry.MPOpenTelemetryCDIExtension'
25-Oct-2025 11:09:32.332 INFO [main] org.apache.openejb.util.OptionsLog.info Using 'tomee.mp.cdi.extensions=io.smallrye.config.inject.ConfigExtension,io.smallrye.faulttolerance.FaultToleranceExtension,io.smallrye.metrics.legacyapi.LegacyMetricsExtension,io.smallrye.opentelemetry.implementation.cdi.OpenTelemetryExtension,org.apache.cxf.microprofile.client.cdi.RestClientExtension,org.apache.tomee.microprofile.faulttolerance.MPFaultToleranceCDIExtension,org.apache.tomee.microprofile.health.MPHealthCDIExtension,org.apache.tomee.microprofile.jwt.cdi.MPJWTCDIExtension,org.apache.tomee.microprofile.opentelemetry.MPOpenTelemetryCDIExtension'
25-Oct-2025 11:09:32.332 INFO [main] org.apache.openejb.util.OptionsLog.info Using 'tomee.mp.cdi.extensions=io.smallrye.config.inject.ConfigExtension,io.smallrye.faulttolerance.FaultToleranceExtension,io.smallrye.metrics.legacyapi.LegacyMetricsExtension,io.smallrye.opentelemetry.implementation.cdi.OpenTelemetryExtension,org.apache.cxf.microprofile.client.cdi.RestClientExtension,org.apache.tomee.microprofile.faulttolerance.MPFaultToleranceCDIExtension,org.apache.tomee.microprofile.health.MPHealthCDIExtension,org.apache.tomee.microprofile.jwt.cdi.MPJWTCDIExtension,org.apache.tomee.microprofile.opentelemetry.MPOpenTelemetryCDIExtension'
25-Oct-2025 11:09:32.333 INFO [main] org.apache.openejb.util.OptionsLog.info Using 'tomee.mp.cdi.extensions=io.smallrye.config.inject.ConfigExtension,io.smallrye.faulttolerance.FaultToleranceExtension,io.smallrye.metrics.legacyapi.LegacyMetricsExtension,io.smallrye.opentelemetry.implementation.cdi.OpenTelemetryExtension,org.apache.cxf.microprofile.client.cdi.RestClientExtension,org.apache.tomee.microprofile.faulttolerance.MPFaultToleranceCDIExtension,org.apache.tomee.microprofile.health.MPHealthCDIExtension,org.apache.tomee.microprofile.jwt.cdi.MPJWTCDIExtension,org.apache.tomee.microprofile.opentelemetry.MPOpenTelemetryCDIExtension'
25-Oct-2025 11:09:32.333 INFO [main] org.apache.openejb.util.OptionsLog.info Using 'tomee.mp.cdi.extensions=io.smallrye.config.inject.ConfigExtension,io.smallrye.faulttolerance.FaultToleranceExtension,io.smallrye.metrics.legacyapi.LegacyMetricsExtension,io.smallrye.opentelemetry.implementation.cdi.OpenTelemetryExtension,org.apache.cxf.microprofile.client.cdi.RestClientExtension,org.apache.tomee.microprofile.faulttolerance.MPFaultToleranceCDIExtension,org.apache.tomee.microprofile.health.MPHealthCDIExtension,org.apache.tomee.microprofile.jwt.cdi.MPJWTCDIExtension,org.apache.tomee.microprofile.opentelemetry.MPOpenTelemetryCDIExtension'
25-Oct-2025 11:09:32.333 INFO [main] org.apache.openejb.util.OptionsLog.info Using 'tomee.mp.cdi.extensions=io.smallrye.config.inject.ConfigExtension,io.smallrye.faulttolerance.FaultToleranceExtension,io.smallrye.metrics.legacyapi.LegacyMetricsExtension,io.smallrye.opentelemetry.implementation.cdi.OpenTelemetryExtension,org.apache.cxf.microprofile.client.cdi.RestClientExtension,org.apache.tomee.microprofile.faulttolerance.MPFaultToleranceCDIExtension,org.apache.tomee.microprofile.health.MPHealthCDIExtension,org.apache.tomee.microprofile.jwt.cdi.MPJWTCDIExtension,org.apache.tomee.microprofile.opentelemetry.MPOpenTelemetryCDIExtension'
25-Oct-2025 11:09:32.893 INFO [main] org.apache.webbeans.config.BeansDeployer.validateInjectionPoints All injection points were validated successfully.
25-Oct-2025 11:09:32.903 INFO [main] org.apache.openejb.cdi.OpenEJBLifecycle.startApplication OpenWebBeans Container has started, it took 878 ms.
25-Oct-2025 11:09:32.909 INFO [main] org.apache.openejb.assembler.classic.ValidatorBuilder.getConfig Ignoring XML Configuration for validator org.apache.bval.jsr.ConfigurationImpl
25-Oct-2025 11:09:32.959 INFO [main] org.apache.openejb.assembler.classic.Assembler.startEjbs Created Ejb(deployment-id=ChangeRemoteServiceImpl, ejb-name=ChangeRemoteServiceImpl, container=Default Stateless Container)
25-Oct-2025 11:09:32.964 INFO [main] org.apache.openejb.assembler.classic.Assembler.startEjbs Created Ejb(deployment-id=ChangeServiceImpl, ejb-name=ChangeServiceImpl, container=Default Stateless Container)
25-Oct-2025 11:09:32.990 INFO [main] org.apache.openejb.assembler.classic.Assembler.startEjbs Started Ejb(deployment-id=ChangeRemoteServiceImpl, ejb-name=ChangeRemoteServiceImpl, container=Default Stateless Container)
25-Oct-2025 11:09:33.009 INFO [main] org.apache.openejb.assembler.classic.Assembler.startEjbs Started Ejb(deployment-id=ChangeServiceImpl, ejb-name=ChangeServiceImpl, container=Default Stateless Container)
25-Oct-2025 11:09:33.013 WARNING [main] org.apache.batchee.container.services.ServicesManager.init You didn't specify org.apache.batchee.jmx.application and JMX is already registered, skipping
25-Oct-2025 11:09:33.014 INFO [main] org.apache.openejb.assembler.classic.Assembler.createApplication Deployed Application(path=/usr/local/tomee/webapps/ROOT)
25-Oct-2025 11:09:33.362 INFO [main] org.apache.jasper.servlet.TldScanner.scanJars At least one JAR was scanned for TLDs yet contained no TLDs. Enable debug logging for this logger for a complete list of JARs that were scanned but no TLDs were found in them. Skipping unneeded JARs during scanning can improve startup time and JSP compilation time.
25-Oct-2025 11:09:33.483 INFO [main] jdk.internal.reflect.DelegatingMethodAccessorImpl.invoke Deployment of web application archive [/usr/local/tomee/webapps/ROOT.war] has finished in [2,487] ms
25-Oct-2025 11:09:33.510 INFO [main] jdk.internal.reflect.DelegatingMethodAccessorImpl.invoke Starting ProtocolHandler ["http-nio-127.0.0.5-8080"]
25-Oct-2025 11:09:33.528 INFO [main] jdk.internal.reflect.DelegatingMethodAccessorImpl.invoke Server startup in [2692] milliseconds
25-Oct-2025 11:15:58.865 INFO [Thread-22] jdk.internal.reflect.DelegatingMethodAccessorImpl.invoke Pausing ProtocolHandler ["http-nio-127.0.0.5-8080"]
25-Oct-2025 11:15:58.881 INFO [Thread-22] jdk.internal.reflect.DelegatingMethodAccessorImpl.invoke Stopping service [Catalina]
25-Oct-2025 11:15:58.895 INFO [Thread-22] org.apache.openejb.assembler.classic.Assembler.destroyApplication Undeploying app: /usr/local/tomee/webapps/ROOT
25-Oct-2025 11:15:58.979 INFO [Thread-22] jdk.internal.reflect.DelegatingMethodAccessorImpl.invoke Stopping ProtocolHandler ["http-nio-127.0.0.5-8080"]
25-Oct-2025 11:15:58.984 INFO [Thread-22] org.apache.openejb.server.SimpleServiceManager.stop Stopping server services
25-Oct-2025 11:15:59.000 INFO [Thread-22] org.apache.openejb.assembler.classic.Assembler.destroyApplication Undeploying app: openejb
25-Oct-2025 11:15:59.004 SEVERE [Thread-22] org.apache.openejb.core.singleton.SingletonInstanceManager.undeploy Unable to unregister MBean openejb.management:J2EEServer=openejb,J2EEApplication=<empty>,EJBModule=openejb,SingletonSessionBean=openejb/Deployer,name=openejb/Deployer,j2eeType=Invocations
25-Oct-2025 11:15:59.031 INFO [Thread-22] jdk.internal.reflect.DelegatingMethodAccessorImpl.invoke Destroying ProtocolHandler ["http-nio-127.0.0.5-8080"]
25-Oct-2025 11:23:13.944 INFO [main] org.apache.openejb.persistence.PersistenceBootstrap.getDefaultProvider Default JPA Provider changed to org.eclipse.persistence.jpa.PersistenceProvider specified by jar:file:/usr/local/tomee/lib/openejb-core-eclipselink-10.1.0.jar!/META-INF/org.apache.openejb.persistence.PersistenceBootstrap.provider
25-Oct-2025 11:23:14.203 INFO [main] jdk.internal.reflect.NativeMethodAccessorImpl.invoke Server version name:   Apache Tomcat (TomEE)/10.1.42 (10.1.0)
25-Oct-2025 11:23:14.203 INFO [main] jdk.internal.reflect.NativeMethodAccessorImpl.invoke Server built:          Jun 5 2025 22:35:46 UTC
25-Oct-2025 11:23:14.204 INFO [main] jdk.internal.reflect.NativeMethodAccessorImpl.invoke Server version number: 10.1.42.0
25-Oct-2025 11:23:14.204 INFO [main] jdk.internal.reflect.NativeMethodAccessorImpl.invoke OS Name:               Linux
25-Oct-2025 11:23:14.204 INFO [main] jdk.internal.reflect.NativeMethodAccessorImpl.invoke OS Version:            6.10.14-linuxkit
25-Oct-2025 11:23:14.204 INFO [main] jdk.internal.reflect.NativeMethodAccessorImpl.invoke Architecture:          amd64
25-Oct-2025 11:23:14.204 INFO [main] jdk.internal.reflect.NativeMethodAccessorImpl.invoke Java Home:             /opt/java/openjdk
25-Oct-2025 11:23:14.204 INFO [main] jdk.internal.reflect.NativeMethodAccessorImpl.invoke JVM Version:           17.0.16+8
25-Oct-2025 11:23:14.204 INFO [main] jdk.internal.reflect.NativeMethodAccessorImpl.invoke JVM Vendor:            Eclipse Adoptium
25-Oct-2025 11:23:14.204 INFO [main] jdk.internal.reflect.NativeMethodAccessorImpl.invoke CATALINA_BASE:         /usr/local/tomee
25-Oct-2025 11:23:14.204 INFO [main] jdk.internal.reflect.NativeMethodAccessorImpl.invoke CATALINA_HOME:         /usr/local/tomee
25-Oct-2025 11:23:14.205 INFO [main] jdk.internal.reflect.NativeMethodAccessorImpl.invoke Command line argument: -Djava.util.logging.config.file=/usr/local/tomee/conf/logging.properties
25-Oct-2025 11:23:14.205 INFO [main] jdk.internal.reflect.NativeMethodAccessorImpl.invoke Command line argument: -Djava.util.logging.manager=org.apache.juli.ClassLoaderLogManager
25-Oct-2025 11:23:14.205 INFO [main] jdk.internal.reflect.NativeMethodAccessorImpl.invoke Command line argument: -javaagent:/usr/local/tomee/lib/openejb-javaagent.jar
25-Oct-2025 11:23:14.205 INFO [main] jdk.internal.reflect.NativeMethodAccessorImpl.invoke Command line argument: -Djdk.tls.ephemeralDHKeySize=2048
25-Oct-2025 11:23:14.206 INFO [main] jdk.internal.reflect.NativeMethodAccessorImpl.invoke Command line argument: -Djava.protocol.handler.pkgs=org.apache.catalina.webresources
25-Oct-2025 11:23:14.206 INFO [main] jdk.internal.reflect.DelegatingMethodAccessorImpl.invoke Command line argument: -Dsun.io.useCanonCaches=false
25-Oct-2025 11:23:14.206 INFO [main] jdk.internal.reflect.DelegatingMethodAccessorImpl.invoke Command line argument: -Dorg.apache.catalina.security.SecurityListener.UMASK=0027
25-Oct-2025 11:23:14.206 INFO [main] jdk.internal.reflect.DelegatingMethodAccessorImpl.invoke Command line argument: --add-opens=java.base/java.lang=ALL-UNNAMED
25-Oct-2025 11:23:14.207 INFO [main] jdk.internal.reflect.DelegatingMethodAccessorImpl.invoke Command line argument: --add-opens=java.base/java.lang.reflect=ALL-UNNAMED
25-Oct-2025 11:23:14.207 INFO [main] jdk.internal.reflect.DelegatingMethodAccessorImpl.invoke Command line argument: --add-opens=java.base/java.io=ALL-UNNAMED
25-Oct-2025 11:23:14.207 INFO [main] jdk.internal.reflect.DelegatingMethodAccessorImpl.invoke Command line argument: --add-opens=java.base/java.util=ALL-UNNAMED
25-Oct-2025 11:23:14.207 INFO [main] jdk.internal.reflect.DelegatingMethodAccessorImpl.invoke Command line argument: --add-opens=java.base/java.util.concurrent=ALL-UNNAMED
25-Oct-2025 11:23:14.207 INFO [main] jdk.internal.reflect.DelegatingMethodAccessorImpl.invoke Command line argument: --add-opens=java.rmi/sun.rmi.transport=ALL-UNNAMED
25-Oct-2025 11:23:14.207 INFO [main] jdk.internal.reflect.DelegatingMethodAccessorImpl.invoke Command line argument: -Xmx512m
25-Oct-2025 11:23:14.207 INFO [main] jdk.internal.reflect.DelegatingMethodAccessorImpl.invoke Command line argument: -Dtomee.remote.support=true
25-Oct-2025 11:23:14.207 INFO [main] jdk.internal.reflect.DelegatingMethodAccessorImpl.invoke Command line argument: -Dopenejb.cdi.activated=true
25-Oct-2025 11:23:14.207 INFO [main] jdk.internal.reflect.DelegatingMethodAccessorImpl.invoke Command line argument: -Dtomee.serialization.class.blacklist=-
25-Oct-2025 11:23:14.207 INFO [main] jdk.internal.reflect.DelegatingMethodAccessorImpl.invoke Command line argument: -Dopenejb.system.apps=true
25-Oct-2025 11:23:14.207 INFO [main] jdk.internal.reflect.DelegatingMethodAccessorImpl.invoke Command line argument: -Dcatalina.base=/usr/local/tomee
25-Oct-2025 11:23:14.208 INFO [main] jdk.internal.reflect.DelegatingMethodAccessorImpl.invoke Command line argument: -Dcatalina.home=/usr/local/tomee
25-Oct-2025 11:23:14.208 INFO [main] jdk.internal.reflect.DelegatingMethodAccessorImpl.invoke Command line argument: -Djava.io.tmpdir=/usr/local/tomee/temp
25-Oct-2025 11:23:14.211 INFO [main] jdk.internal.reflect.DelegatingMethodAccessorImpl.invoke The Apache Tomcat Native library which allows using OpenSSL was not found on the java.library.path: [/opt/java/openjdk/lib/server:/opt/java/openjdk/lib:/opt/java/openjdk/../lib:/usr/java/packages/lib:/usr/lib64:/lib64:/lib:/usr/lib]
25-Oct-2025 11:23:14.451 INFO [main] jdk.internal.reflect.DelegatingMethodAccessorImpl.invoke Initializing ProtocolHandler ["http-nio-0.0.0.0-8080"]
25-Oct-2025 11:23:14.761 INFO [main] org.apache.openejb.util.OptionsLog.info Using 'tomee.remote.support=true'
25-Oct-2025 11:23:14.777 INFO [main] org.apache.openejb.util.OptionsLog.info Using 'openejb.jdbc.datasource-creator=org.apache.tomee.jdbc.TomEEDataSourceCreator'
25-Oct-2025 11:23:14.921 INFO [main] org.apache.openejb.OpenEJB$Instance.<init> ********************************************************************************
25-Oct-2025 11:23:14.922 INFO [main] org.apache.openejb.OpenEJB$Instance.<init> OpenEJB http://tomee.apache.org/
25-Oct-2025 11:23:14.922 INFO [main] org.apache.openejb.OpenEJB$Instance.<init> Startup: Sat Oct 25 11:23:14 GMT 2025
25-Oct-2025 11:23:14.922 INFO [main] org.apache.openejb.OpenEJB$Instance.<init> Copyright 1999-2025 (C) Apache TomEE Project, All Rights Reserved.
25-Oct-2025 11:23:14.922 INFO [main] org.apache.openejb.OpenEJB$Instance.<init> Version: 10.1.0
25-Oct-2025 11:23:14.923 INFO [main] org.apache.openejb.OpenEJB$Instance.<init> Build date: 20250610
25-Oct-2025 11:23:14.923 INFO [main] org.apache.openejb.OpenEJB$Instance.<init> Build time: 04:18
25-Oct-2025 11:23:14.924 INFO [main] org.apache.openejb.OpenEJB$Instance.<init> ********************************************************************************
25-Oct-2025 11:23:14.924 INFO [main] org.apache.openejb.OpenEJB$Instance.<init> openejb.home = /usr/local/tomee
25-Oct-2025 11:23:14.924 INFO [main] org.apache.openejb.OpenEJB$Instance.<init> openejb.base = /usr/local/tomee
25-Oct-2025 11:23:14.930 INFO [main] org.apache.openejb.cdi.CdiBuilder.initializeOWB Created new singletonService org.apache.openejb.cdi.ThreadSingletonServiceImpl@36a5cabc
25-Oct-2025 11:23:14.935 INFO [main] org.apache.openejb.cdi.CdiBuilder.initializeOWB Succeeded in installing singleton service
25-Oct-2025 11:23:14.993 INFO [main] org.apache.openejb.config.ConfigurationFactory.init TomEE configuration file is '/usr/local/tomee/conf/tomee.xml'
25-Oct-2025 11:23:15.047 INFO [main] org.apache.openejb.config.ConfigurationFactory.configureService Configuring Service(id=Tomcat Security Service, type=SecurityService, provider-id=Tomcat Security Service)
25-Oct-2025 11:23:15.050 INFO [main] org.apache.openejb.config.ConfigurationFactory.configureService Configuring Service(id=Default Transaction Manager, type=TransactionManager, provider-id=Default Transaction Manager)
25-Oct-2025 11:23:15.054 INFO [main] org.apache.openejb.util.OptionsLog.info Using 'openejb.system.apps=true'
25-Oct-2025 11:23:15.056 INFO [main] org.apache.openejb.config.ConfigurationFactory.configureService Configuring Service(id=Default Singleton Container, type=Container, provider-id=Default Singleton Container)
25-Oct-2025 11:23:15.089 INFO [main] org.apache.openejb.assembler.classic.Assembler.createRecipe Creating TransactionManager(id=Default Transaction Manager)
25-Oct-2025 11:23:15.156 INFO [main] org.apache.openejb.assembler.classic.Assembler.createRecipe Creating SecurityService(id=Tomcat Security Service)
25-Oct-2025 11:23:15.185 INFO [main] org.apache.openejb.assembler.classic.Assembler.createRecipe Creating Container(id=Default Singleton Container)
25-Oct-2025 11:23:15.206 INFO [main] org.apache.openejb.assembler.classic.Assembler.createApplication Assembling app: openejb
25-Oct-2025 11:23:15.296 INFO [main] org.apache.openejb.util.OptionsLog.info Using 'openejb.jndiname.format={deploymentId}{interfaceType.openejbLegacyName}'
25-Oct-2025 11:23:15.305 INFO [main] org.apache.openejb.assembler.classic.JndiBuilder.bind Jndi(name=openejb/DeployerBusinessRemote) --> Ejb(deployment-id=openejb/Deployer)
25-Oct-2025 11:23:15.306 INFO [main] org.apache.openejb.assembler.classic.JndiBuilder.bind Jndi(name=global/openejb/openejb/openejb/Deployer!org.apache.openejb.assembler.Deployer) --> Ejb(deployment-id=openejb/Deployer)
25-Oct-2025 11:23:15.307 INFO [main] org.apache.openejb.assembler.classic.JndiBuilder.bind Jndi(name=global/openejb/openejb/openejb/Deployer) --> Ejb(deployment-id=openejb/Deployer)
25-Oct-2025 11:23:15.309 INFO [main] org.apache.openejb.assembler.classic.JndiBuilder.bind Jndi(name=openejb/ConfigurationInfoBusinessRemote) --> Ejb(deployment-id=openejb/ConfigurationInfo)
25-Oct-2025 11:23:15.309 INFO [main] org.apache.openejb.assembler.classic.JndiBuilder.bind Jndi(name=global/openejb/openejb/openejb/Deployer!org.apache.openejb.assembler.classic.cmd.ConfigurationInfo) --> Ejb(deployment-id=openejb/ConfigurationInfo)
25-Oct-2025 11:23:15.319 INFO [main] org.apache.openejb.assembler.classic.Assembler.startEjbs Created Ejb(deployment-id=openejb/ConfigurationInfo, ejb-name=openejb/Deployer, container=Default Singleton Container)
25-Oct-2025 11:23:15.322 INFO [main] org.apache.openejb.assembler.classic.Assembler.startEjbs Created Ejb(deployment-id=openejb/Deployer, ejb-name=openejb/Deployer, container=Default Singleton Container)
25-Oct-2025 11:23:15.322 INFO [main] org.apache.openejb.assembler.classic.Assembler.startEjbs Started Ejb(deployment-id=openejb/ConfigurationInfo, ejb-name=openejb/Deployer, container=Default Singleton Container)
25-Oct-2025 11:23:15.323 INFO [main] org.apache.openejb.assembler.classic.Assembler.startEjbs Started Ejb(deployment-id=openejb/Deployer, ejb-name=openejb/Deployer, container=Default Singleton Container)
25-Oct-2025 11:23:15.328 INFO [main] org.apache.openejb.assembler.classic.Assembler.deployMBean Deployed MBean(openejb.user.mbeans:application=openejb,group=org.apache.openejb.assembler.monitoring,name=JMXDeployer)
25-Oct-2025 11:23:15.331 WARNING [main] org.apache.batchee.container.services.ServicesManager.init You didn't specify org.apache.batchee.jmx.application and JMX is already registered, skipping
25-Oct-2025 11:23:15.332 INFO [main] org.apache.openejb.assembler.classic.Assembler.createApplication Deployed Application(path=openejb)
25-Oct-2025 11:23:15.372 INFO [main] org.apache.openejb.server.ServiceManager.initServer Creating ServerService(id=cxf)
25-Oct-2025 11:23:15.570 INFO [main] org.apache.openejb.server.ServiceManager.initServer Creating ServerService(id=cxf-rs)
25-Oct-2025 11:23:15.627 INFO [main] org.apache.openejb.server.SimpleServiceManager.start   ** Bound Services **
25-Oct-2025 11:23:15.628 INFO [main] org.apache.openejb.server.SimpleServiceManager.printRow   NAME                 IP              PORT  
25-Oct-2025 11:23:15.628 INFO [main] org.apache.openejb.server.SimpleServiceManager.start -------
25-Oct-2025 11:23:15.628 INFO [main] org.apache.openejb.server.SimpleServiceManager.start Ready!
25-Oct-2025 11:23:15.629 INFO [main] jdk.internal.reflect.DelegatingMethodAccessorImpl.invoke Server initialization in [1639] milliseconds
25-Oct-2025 11:23:15.664 INFO [main] org.apache.tomee.catalina.OpenEJBNamingContextListener.bindResource Importing a Tomcat Resource with id 'UserDatabase' of type 'org.apache.catalina.UserDatabase'.
25-Oct-2025 11:23:15.671 INFO [main] org.apache.openejb.assembler.classic.Assembler.createRecipe Creating Resource(id=UserDatabase)
25-Oct-2025 11:23:15.709 INFO [main] jdk.internal.reflect.DelegatingMethodAccessorImpl.invoke Starting service [Catalina]
25-Oct-2025 11:23:15.709 INFO [main] jdk.internal.reflect.DelegatingMethodAccessorImpl.invoke Starting Servlet engine: [Apache Tomcat (TomEE)/10.1.42 (10.1.0)]
25-Oct-2025 11:23:15.735 INFO [main] jdk.internal.reflect.DelegatingMethodAccessorImpl.invoke Deploying web application archive [/usr/local/tomee/webapps/ROOT.war]
25-Oct-2025 11:23:15.742 INFO [main] org.apache.tomee.catalina.TomcatWebAppBuilder.init ------------------------- localhost -> /
25-Oct-2025 11:23:15.744 INFO [main] org.apache.openejb.util.JarExtractor.extract Extracting jar: /usr/local/tomee/webapps/ROOT.war
25-Oct-2025 11:23:16.133 INFO [main] org.apache.openejb.util.JarExtractor.extract Extracted path: /usr/local/tomee/webapps/ROOT
25-Oct-2025 11:23:16.459 INFO [main] org.apache.openejb.util.OptionsLog.info Using 'tomee.mp.cdi.extensions=io.smallrye.config.inject.ConfigExtension,io.smallrye.faulttolerance.FaultToleranceExtension,io.smallrye.metrics.legacyapi.LegacyMetricsExtension,io.smallrye.opentelemetry.implementation.cdi.OpenTelemetryExtension,org.apache.cxf.microprofile.client.cdi.RestClientExtension,org.apache.tomee.microprofile.faulttolerance.MPFaultToleranceCDIExtension,org.apache.tomee.microprofile.health.MPHealthCDIExtension,org.apache.tomee.microprofile.jwt.cdi.MPJWTCDIExtension,org.apache.tomee.microprofile.opentelemetry.MPOpenTelemetryCDIExtension'
25-Oct-2025 11:23:16.598 INFO [main] org.apache.openejb.config.ConfigurationFactory.configureApplication Configuring enterprise application: /usr/local/tomee/webapps/ROOT
25-Oct-2025 11:23:16.746 INFO [main] org.apache.openejb.config.InitEjbDeployments.deploy Auto-deploying ejb ChangeServiceImpl: EjbDeployment(deployment-id=ChangeServiceImpl)
25-Oct-2025 11:23:16.747 INFO [main] org.apache.openejb.config.InitEjbDeployments.deploy Auto-deploying ejb ChangeRemoteServiceImpl: EjbDeployment(deployment-id=ChangeRemoteServiceImpl)
25-Oct-2025 11:23:16.753 INFO [main] org.apache.openejb.config.ConfigurationFactory.configureService Configuring Service(id=Default Stateless Container, type=Container, provider-id=Default Stateless Container)
25-Oct-2025 11:23:16.754 INFO [main] org.apache.openejb.config.AutoConfig.createContainer Auto-creating a container for bean ChangeServiceImpl: Container(type=STATELESS, id=Default Stateless Container)
25-Oct-2025 11:23:16.754 INFO [main] org.apache.openejb.assembler.classic.Assembler.createRecipe Creating Container(id=Default Stateless Container)
25-Oct-2025 11:23:16.766 INFO [main] org.apache.openejb.config.ConfigurationFactory.configureService Configuring Service(id=Default Managed Container, type=Container, provider-id=Default Managed Container)
25-Oct-2025 11:23:16.766 INFO [main] org.apache.openejb.config.AutoConfig.createContainer Auto-creating a container for bean .Comp1118998513: Container(type=MANAGED, id=Default Managed Container)
25-Oct-2025 11:23:16.766 INFO [main] org.apache.openejb.assembler.classic.Assembler.createRecipe Creating Container(id=Default Managed Container)
25-Oct-2025 11:23:16.780 INFO [main] org.apache.openejb.core.managed.SimplePassivater.init Using directory /usr/local/tomee/temp for stateful session passivation
25-Oct-2025 11:23:16.805 INFO [main] org.apache.openejb.config.AppInfoBuilder.build Enterprise application "/usr/local/tomee/webapps/ROOT" loaded.
25-Oct-2025 11:23:16.805 INFO [main] org.apache.openejb.assembler.classic.Assembler.createApplication Assembling app: /usr/local/tomee/webapps/ROOT
25-Oct-2025 11:23:16.839 INFO [main] org.apache.openejb.assembler.classic.JndiBuilder.bind Jndi(name=ChangeServiceImplLocal) --> Ejb(deployment-id=ChangeServiceImpl)
25-Oct-2025 11:23:16.839 INFO [main] org.apache.openejb.assembler.classic.JndiBuilder.bind Jndi(name=global/ChangeServiceImpl!mg.razherana.banking.change.services.changeServices.ChangeService) --> Ejb(deployment-id=ChangeServiceImpl)
25-Oct-2025 11:23:16.840 INFO [main] org.apache.openejb.assembler.classic.JndiBuilder.bind Jndi(name=global/ChangeServiceImpl) --> Ejb(deployment-id=ChangeServiceImpl)
25-Oct-2025 11:23:16.841 INFO [main] org.apache.openejb.assembler.classic.JndiBuilder.bind Jndi(name=ChangeRemoteServiceImplRemote) --> Ejb(deployment-id=ChangeRemoteServiceImpl)
25-Oct-2025 11:23:16.841 INFO [main] org.apache.openejb.assembler.classic.JndiBuilder.bind Jndi(name=global//ChangeRemoteServiceImpl!mg.razherana.banking.change.services.changeServices.ChangeRemoteService) --> Ejb(deployment-id=ChangeRemoteServiceImpl)
25-Oct-2025 11:23:16.841 INFO [main] org.apache.openejb.assembler.classic.JndiBuilder.bind Jndi(name=global/ChangeRemoteServiceImpl!mg.razherana.banking.change.services.changeServices.ChangeRemoteService) --> Ejb(deployment-id=ChangeRemoteServiceImpl)
25-Oct-2025 11:23:16.841 INFO [main] org.apache.openejb.assembler.classic.JndiBuilder.bind Jndi(name=global/ChangeRemoteServiceImpl) --> Ejb(deployment-id=ChangeRemoteServiceImpl)
25-Oct-2025 11:23:16.871 INFO [main] org.apache.openejb.cdi.CdiBuilder.initSingleton Existing thread singleton service in SystemInstance(): org.apache.openejb.cdi.ThreadSingletonServiceImpl@36a5cabc
25-Oct-2025 11:23:16.967 INFO [main] org.apache.openejb.cdi.OpenEJBLifecycle.startApplication OpenWebBeans Container is starting...
25-Oct-2025 11:23:16.973 INFO [main] org.apache.webbeans.plugins.PluginLoader.startUp Adding OpenWebBeansPlugin : [CdiPlugin]
25-Oct-2025 11:23:16.977 INFO [main] org.apache.openejb.cdi.CdiScanner.handleBda Using annotated mode for file:/usr/local/tomee/webapps/ROOT/WEB-INF/classes/ looking all classes to find CDI beans, maybe think to add a beans.xml if not there or add the jar to exclusions.list
25-Oct-2025 11:23:17.126 INFO [main] org.apache.openejb.util.OptionsLog.info Using 'tomee.mp.cdi.extensions=io.smallrye.config.inject.ConfigExtension,io.smallrye.faulttolerance.FaultToleranceExtension,io.smallrye.metrics.legacyapi.LegacyMetricsExtension,io.smallrye.opentelemetry.implementation.cdi.OpenTelemetryExtension,org.apache.cxf.microprofile.client.cdi.RestClientExtension,org.apache.tomee.microprofile.faulttolerance.MPFaultToleranceCDIExtension,org.apache.tomee.microprofile.health.MPHealthCDIExtension,org.apache.tomee.microprofile.jwt.cdi.MPJWTCDIExtension,org.apache.tomee.microprofile.opentelemetry.MPOpenTelemetryCDIExtension'
25-Oct-2025 11:23:17.126 INFO [main] org.apache.openejb.util.OptionsLog.info Using 'tomee.mp.cdi.extensions=io.smallrye.config.inject.ConfigExtension,io.smallrye.faulttolerance.FaultToleranceExtension,io.smallrye.metrics.legacyapi.LegacyMetricsExtension,io.smallrye.opentelemetry.implementation.cdi.OpenTelemetryExtension,org.apache.cxf.microprofile.client.cdi.RestClientExtension,org.apache.tomee.microprofile.faulttolerance.MPFaultToleranceCDIExtension,org.apache.tomee.microprofile.health.MPHealthCDIExtension,org.apache.tomee.microprofile.jwt.cdi.MPJWTCDIExtension,org.apache.tomee.microprofile.opentelemetry.MPOpenTelemetryCDIExtension'
25-Oct-2025 11:23:17.126 INFO [main] org.apache.openejb.util.OptionsLog.info Using 'tomee.mp.cdi.extensions=io.smallrye.config.inject.ConfigExtension,io.smallrye.faulttolerance.FaultToleranceExtension,io.smallrye.metrics.legacyapi.LegacyMetricsExtension,io.smallrye.opentelemetry.implementation.cdi.OpenTelemetryExtension,org.apache.cxf.microprofile.client.cdi.RestClientExtension,org.apache.tomee.microprofile.faulttolerance.MPFaultToleranceCDIExtension,org.apache.tomee.microprofile.health.MPHealthCDIExtension,org.apache.tomee.microprofile.jwt.cdi.MPJWTCDIExtension,org.apache.tomee.microprofile.opentelemetry.MPOpenTelemetryCDIExtension'
25-Oct-2025 11:23:17.126 INFO [main] org.apache.openejb.util.OptionsLog.info Using 'tomee.mp.cdi.extensions=io.smallrye.config.inject.ConfigExtension,io.smallrye.faulttolerance.FaultToleranceExtension,io.smallrye.metrics.legacyapi.LegacyMetricsExtension,io.smallrye.opentelemetry.implementation.cdi.OpenTelemetryExtension,org.apache.cxf.microprofile.client.cdi.RestClientExtension,org.apache.tomee.microprofile.faulttolerance.MPFaultToleranceCDIExtension,org.apache.tomee.microprofile.health.MPHealthCDIExtension,org.apache.tomee.microprofile.jwt.cdi.MPJWTCDIExtension,org.apache.tomee.microprofile.opentelemetry.MPOpenTelemetryCDIExtension'
25-Oct-2025 11:23:17.126 INFO [main] org.apache.openejb.util.OptionsLog.info Using 'tomee.mp.cdi.extensions=io.smallrye.config.inject.ConfigExtension,io.smallrye.faulttolerance.FaultToleranceExtension,io.smallrye.metrics.legacyapi.LegacyMetricsExtension,io.smallrye.opentelemetry.implementation.cdi.OpenTelemetryExtension,org.apache.cxf.microprofile.client.cdi.RestClientExtension,org.apache.tomee.microprofile.faulttolerance.MPFaultToleranceCDIExtension,org.apache.tomee.microprofile.health.MPHealthCDIExtension,org.apache.tomee.microprofile.jwt.cdi.MPJWTCDIExtension,org.apache.tomee.microprofile.opentelemetry.MPOpenTelemetryCDIExtension'
25-Oct-2025 11:23:17.127 INFO [main] org.apache.openejb.util.OptionsLog.info Using 'tomee.mp.cdi.extensions=io.smallrye.config.inject.ConfigExtension,io.smallrye.faulttolerance.FaultToleranceExtension,io.smallrye.metrics.legacyapi.LegacyMetricsExtension,io.smallrye.opentelemetry.implementation.cdi.OpenTelemetryExtension,org.apache.cxf.microprofile.client.cdi.RestClientExtension,org.apache.tomee.microprofile.faulttolerance.MPFaultToleranceCDIExtension,org.apache.tomee.microprofile.health.MPHealthCDIExtension,org.apache.tomee.microprofile.jwt.cdi.MPJWTCDIExtension,org.apache.tomee.microprofile.opentelemetry.MPOpenTelemetryCDIExtension'
25-Oct-2025 11:23:17.127 INFO [main] org.apache.openejb.util.OptionsLog.info Using 'tomee.mp.cdi.extensions=io.smallrye.config.inject.ConfigExtension,io.smallrye.faulttolerance.FaultToleranceExtension,io.smallrye.metrics.legacyapi.LegacyMetricsExtension,io.smallrye.opentelemetry.implementation.cdi.OpenTelemetryExtension,org.apache.cxf.microprofile.client.cdi.RestClientExtension,org.apache.tomee.microprofile.faulttolerance.MPFaultToleranceCDIExtension,org.apache.tomee.microprofile.health.MPHealthCDIExtension,org.apache.tomee.microprofile.jwt.cdi.MPJWTCDIExtension,org.apache.tomee.microprofile.opentelemetry.MPOpenTelemetryCDIExtension'
25-Oct-2025 11:23:17.127 INFO [main] org.apache.openejb.util.OptionsLog.info Using 'tomee.mp.cdi.extensions=io.smallrye.config.inject.ConfigExtension,io.smallrye.faulttolerance.FaultToleranceExtension,io.smallrye.metrics.legacyapi.LegacyMetricsExtension,io.smallrye.opentelemetry.implementation.cdi.OpenTelemetryExtension,org.apache.cxf.microprofile.client.cdi.RestClientExtension,org.apache.tomee.microprofile.faulttolerance.MPFaultToleranceCDIExtension,org.apache.tomee.microprofile.health.MPHealthCDIExtension,org.apache.tomee.microprofile.jwt.cdi.MPJWTCDIExtension,org.apache.tomee.microprofile.opentelemetry.MPOpenTelemetryCDIExtension'
25-Oct-2025 11:23:17.127 INFO [main] org.apache.openejb.util.OptionsLog.info Using 'tomee.mp.cdi.extensions=io.smallrye.config.inject.ConfigExtension,io.smallrye.faulttolerance.FaultToleranceExtension,io.smallrye.metrics.legacyapi.LegacyMetricsExtension,io.smallrye.opentelemetry.implementation.cdi.OpenTelemetryExtension,org.apache.cxf.microprofile.client.cdi.RestClientExtension,org.apache.tomee.microprofile.faulttolerance.MPFaultToleranceCDIExtension,org.apache.tomee.microprofile.health.MPHealthCDIExtension,org.apache.tomee.microprofile.jwt.cdi.MPJWTCDIExtension,org.apache.tomee.microprofile.opentelemetry.MPOpenTelemetryCDIExtension'
25-Oct-2025 11:23:17.127 INFO [main] org.apache.openejb.util.OptionsLog.info Using 'tomee.mp.cdi.extensions=io.smallrye.config.inject.ConfigExtension,io.smallrye.faulttolerance.FaultToleranceExtension,io.smallrye.metrics.legacyapi.LegacyMetricsExtension,io.smallrye.opentelemetry.implementation.cdi.OpenTelemetryExtension,org.apache.cxf.microprofile.client.cdi.RestClientExtension,org.apache.tomee.microprofile.faulttolerance.MPFaultToleranceCDIExtension,org.apache.tomee.microprofile.health.MPHealthCDIExtension,org.apache.tomee.microprofile.jwt.cdi.MPJWTCDIExtension,org.apache.tomee.microprofile.opentelemetry.MPOpenTelemetryCDIExtension'
25-Oct-2025 11:23:17.702 INFO [main] org.apache.webbeans.config.BeansDeployer.validateInjectionPoints All injection points were validated successfully.
25-Oct-2025 11:23:17.712 INFO [main] org.apache.openejb.cdi.OpenEJBLifecycle.startApplication OpenWebBeans Container has started, it took 744 ms.
25-Oct-2025 11:23:17.719 INFO [main] org.apache.openejb.assembler.classic.ValidatorBuilder.getConfig Ignoring XML Configuration for validator org.apache.bval.jsr.ConfigurationImpl
25-Oct-2025 11:23:17.759 INFO [main] org.apache.openejb.assembler.classic.Assembler.startEjbs Created Ejb(deployment-id=ChangeRemoteServiceImpl, ejb-name=ChangeRemoteServiceImpl, container=Default Stateless Container)
25-Oct-2025 11:23:17.764 INFO [main] org.apache.openejb.assembler.classic.Assembler.startEjbs Created Ejb(deployment-id=ChangeServiceImpl, ejb-name=ChangeServiceImpl, container=Default Stateless Container)
25-Oct-2025 11:23:17.780 INFO [main] org.apache.openejb.assembler.classic.Assembler.startEjbs Started Ejb(deployment-id=ChangeRemoteServiceImpl, ejb-name=ChangeRemoteServiceImpl, container=Default Stateless Container)
25-Oct-2025 11:23:17.785 INFO [main] org.apache.openejb.assembler.classic.Assembler.startEjbs Started Ejb(deployment-id=ChangeServiceImpl, ejb-name=ChangeServiceImpl, container=Default Stateless Container)
25-Oct-2025 11:23:17.787 WARNING [main] org.apache.batchee.container.services.ServicesManager.init You didn't specify org.apache.batchee.jmx.application and JMX is already registered, skipping
25-Oct-2025 11:23:17.788 INFO [main] org.apache.openejb.assembler.classic.Assembler.createApplication Deployed Application(path=/usr/local/tomee/webapps/ROOT)
25-Oct-2025 11:23:17.994 INFO [main] org.apache.jasper.servlet.TldScanner.scanJars At least one JAR was scanned for TLDs yet contained no TLDs. Enable debug logging for this logger for a complete list of JARs that were scanned but no TLDs were found in them. Skipping unneeded JARs during scanning can improve startup time and JSP compilation time.
25-Oct-2025 11:23:18.065 INFO [main] jdk.internal.reflect.DelegatingMethodAccessorImpl.invoke Deployment of web application archive [/usr/local/tomee/webapps/ROOT.war] has finished in [2,330] ms
25-Oct-2025 11:23:18.082 INFO [main] jdk.internal.reflect.DelegatingMethodAccessorImpl.invoke Starting ProtocolHandler ["http-nio-0.0.0.0-8080"]
25-Oct-2025 11:23:18.093 INFO [main] jdk.internal.reflect.DelegatingMethodAccessorImpl.invoke Server startup in [2464] milliseconds
25-Oct-2025 11:25:34.927 INFO [Thread-22] jdk.internal.reflect.DelegatingMethodAccessorImpl.invoke Pausing ProtocolHandler ["http-nio-0.0.0.0-8080"]
25-Oct-2025 11:25:34.930 INFO [Thread-22] jdk.internal.reflect.DelegatingMethodAccessorImpl.invoke Stopping service [Catalina]
25-Oct-2025 11:25:34.940 INFO [Thread-22] org.apache.openejb.assembler.classic.Assembler.destroyApplication Undeploying app: /usr/local/tomee/webapps/ROOT
25-Oct-2025 11:25:34.992 INFO [Thread-22] jdk.internal.reflect.DelegatingMethodAccessorImpl.invoke Stopping ProtocolHandler ["http-nio-0.0.0.0-8080"]
25-Oct-2025 11:25:34.997 INFO [Thread-22] org.apache.openejb.server.SimpleServiceManager.stop Stopping server services
25-Oct-2025 11:25:35.007 INFO [Thread-22] org.apache.openejb.assembler.classic.Assembler.destroyApplication Undeploying app: openejb
25-Oct-2025 11:25:35.008 SEVERE [Thread-22] org.apache.openejb.core.singleton.SingletonInstanceManager.undeploy Unable to unregister MBean openejb.management:J2EEServer=openejb,J2EEApplication=<empty>,EJBModule=openejb,SingletonSessionBean=openejb/Deployer,name=openejb/Deployer,j2eeType=Invocations
25-Oct-2025 11:25:35.020 INFO [Thread-22] jdk.internal.reflect.DelegatingMethodAccessorImpl.invoke Destroying ProtocolHandler ["http-nio-0.0.0.0-8080"]
